{
  "assay": "eval_kok",
  "n_trials_per_condition": 60,
  "cue_mapping": {
    "0": 135.0,
    "1": 45.0
  },
  "orientations_deg": [
    45.0,
    135.0
  ],
  "per_cell_mean_l23": {
    "expected": [
      0.2046801745891571,
      0.20361487567424774,
      0.20352615416049957,
      0.20460765063762665,
      0.20519351959228516,
      0.20501047372817993,
      0.2053183615207672,
      0.20501917600631714,
      0.20585069060325623,
      0.20428135991096497,
      0.20489110052585602,
      0.20511099696159363,
      0.2053530365228653,
      0.2050575613975525,
      0.20386306941509247,
      0.20390157401561737
    ],
    "unexpected": [
      0.1999187469482422,
      0.19886308908462524,
      0.19877026975154877,
      0.1998593956232071,
      0.20043271780014038,
      0.20025962591171265,
      0.20056873559951782,
      0.2002710998058319,
      0.20109796524047852,
      0.1995217502117157,
      0.20013540983200073,
      0.20035915076732635,
      0.20059818029403687,
      0.2003040611743927,
      0.19910818338394165,
      0.1991429626941681
    ],
    "all": [
      0.20229944586753845,
      0.2012389749288559,
      0.20114821195602417,
      0.20223350822925568,
      0.20281311869621277,
      0.2026350349187851,
      0.20294354856014252,
      0.20264513790607452,
      0.20347432792186737,
      0.20190156996250153,
      0.20251324772834778,
      0.2027350813150406,
      0.2029755860567093,
      0.2026808112859726,
      0.20148561894893646,
      0.20152229070663452
    ]
  },
  "n_cell_groups": 16,
  "svm": {
    "all": {
      "mean_accuracy": 1.0,
      "std_accuracy": 0.0,
      "per_fold": [
        1.0,
        1.0,
        1.0,
        1.0,
        1.0
      ]
    },
    "expected": {
      "mean_accuracy": 1.0,
      "std_accuracy": 0.0,
      "per_fold": [
        1.0,
        1.0,
        1.0,
        1.0,
        1.0
      ]
    },
    "unexpected": {
      "mean_accuracy": 1.0,
      "std_accuracy": 0.0,
      "per_fold": [
        1.0,
        1.0,
        1.0,
        1.0,
        1.0
      ]
    }
  },
  "pref_nonpref": {
    "pref_expected": 0.20641756802797318,
    "pref_unexpected": 0.20205095410346985,
    "nonpref_expected": 0.20317835360765457,
    "nonpref_unexpected": 0.19802647829055786,
    "asymmetry": -0.0007852613925933838,
    "n_units_pref_hi": 192,
    "n_units_pref_lo": 64
  },
  "localizer": {
    "n_orients": 12,
    "n_trials_per_orient": 20,
    "orients_deg": [
      0.0,
      15.0,
      30.0,
      45.0,
      60.0,
      75.0,
      90.0,
      105.0,
      120.0,
      135.0,
      150.0,
      165.0
    ],
    "tuning_curve_mean_per_orient": [
      0.20594533021358075,
      0.20721207675524056,
      0.22362847237673122,
      0.18698039055161642,
      0.19565858426067279,
      0.21482786335982382,
      0.1980172173847677,
      0.1842421534107416,
      0.2067984106906806,
      0.21095689140929608,
      0.20293797241174616,
      0.19695343880302973
    ],
    "mean_fwhm_deg_population": 42.10955545171633,
    "fraction_units_tuned": 1.0,
    "orientation_decoder_train_acc": 0.9541666666666667,
    "orientation_decoder_tolerance_deg": 15.0
  },
  "fine_discrim": {
    "offsets_deg": [
      -10.0,
      10.0
    ],
    "n_trials_per_sub_condition": 60,
    "tolerance_deg": 15.0,
    "acc_expected": 0.8,
    "acc_unexpected": 0.825,
    "delta_acc": -0.02499999999999991,
    "n_expected": 240,
    "n_unexpected": 240,
    "bootstrap_delta_acc": {
      "mean_diff": -0.02499999999999991,
      "ci_lo": -0.09802083333333331,
      "ci_hi": 0.05218749999999989,
      "n_a": 240,
      "n_b": 240,
      "n_resamples": 500
    },
    "permutation_p_two_sided": 0.5289421157684631
  },
  "pref_nonpref_localizer": {
    "pref_expected": NaN,
    "pref_unexpected": NaN,
    "nonpref_expected": NaN,
    "nonpref_unexpected": NaN,
    "asymmetry": NaN,
    "n_units_pref_lo": 0,
    "n_units_pref_hi": 0,
    "anchor_tolerance_deg": 15.0,
    "bootstrap_asymmetry": {
      "mean_asymmetry": NaN,
      "ci_lo": NaN,
      "ci_hi": NaN
    }
  },
  "fwhm_per_condition": {
    "fwhm_expected_deg": 42.08944511847553,
    "fwhm_unexpected_deg": 42.08859379116598,
    "delta_fwhm_deg": 0.000851327309554506,
    "bootstrap_delta_fwhm": {
      "mean_diff": 0.000851327309554506,
      "ci_lo": -0.00904774501942054,
      "ci_hi": 0.011619735826394972,
      "n_a": 120,
      "n_b": 120,
      "n_resamples": 500
    },
    "permutation_p_two_sided": 0.872255489021956
  }
}