{
  "assay": "eval_richter",
  "n_trials_per_condition": 5,
  "permutation": [
    3,
    2,
    5,
    4,
    1,
    0
  ],
  "amplitude_summary": {
    "per_condition_mean_unit0": [
      0.22288724780082703,
      0.20378099381923676,
      0.21024486422538757,
      0.2078607976436615,
      0.2153404802083969,
      0.2133864164352417,
      0.19861216843128204,
      0.17698465287685394,
      0.1836615800857544,
      0.18118175864219666,
      0.1897205114364624,
      0.18732188642024994,
      0.16526588797569275,
      0.22472470998764038,
      0.23282738029956818,
      0.22988885641098022,
      0.15621565282344818,
      0.23750264942646027,
      0.24281322956085205,
      0.22416749596595764,
      0.23072555661201477,
      0.2283075898885727,
      0.23552797734737396,
      0.2337121218442917,
      0.18415476381778717,
      0.24679730832576752,
      0.20356377959251404,
      0.24889743328094482,
      0.17747673392295837,
      0.17599433660507202,
      0.1909303516149521,
      0.24550901353359222,
      0.1813792586326599,
      0.17956531047821045,
      0.1847512423992157,
      0.18344639241695404
    ],
    "grand_mean": 0.20848223969450272,
    "grand_std": 0.02507913794968608
  },
  "rsa_within_between": {
    "within_mean_distance": 6.08168197900759e-10,
    "between_mean_distance": 0.0002609415913508319,
    "between_minus_within": 0.000260940983182634,
    "n_within_pairs": 360,
    "n_between_pairs": 15750
  },
  "preference_rank_curve": {
    "ranks": [
      1,
      2,
      3,
      4,
      5,
      6
    ],
    "mean_rate": [
      0.2357588719460182,
      0.22114890115335584,
      0.21025363368486674,
      0.20413823218162483,
      0.19174665533743487,
      0.18784714386371584
    ],
    "sem_rate": [
      0.000639553868138407,
      0.0006363559817881552,
      0.0006429778641081738,
      0.0006393858339704703,
      0.0006419052019427757,
      0.0006391915552496588
    ],
    "suppression_rank1_vs_rank_last": 0.047911728082302346
  },
  "pseudo_voxel_models": {
    "local_gain": {
      "pearson_r_with_pop_mean": 0.9999989820527033,
      "n_voxels": 50
    },
    "local_tuning": {
      "pearson_r_with_pop_mean": -0.3197022896282563,
      "n_voxels": 50
    },
    "remote_gain": {
      "pearson_r_with_pop_mean": 0.9999994666934983,
      "n_voxels": 50
    },
    "remote_tuning": {
      "pearson_r_with_pop_mean": 0.10441384341686683,
      "n_voxels": 50
    },
    "global_gain": {
      "pearson_r_with_pop_mean": 0.999999906505332,
      "n_voxels": 50
    },
    "global_tuning": {
      "pearson_r_with_pop_mean": 0.03700390243802324,
      "n_voxels": 50
    }
  },
  "localizer": {
    "n_trials_per_trailer": 3,
    "mean_response_per_trailer": [
      0.3271989611675963,
      0.32475844596046954,
      0.3252709828084335,
      0.325098616653122,
      0.32622099795844406,
      0.3258291877573356
    ],
    "population_rate_min": 0.31928756833076477,
    "population_rate_max": 0.33224669098854065
  },
  "modulation_pattern_fit": {
    "models": {
      "local_gain": {
        "per_trailer_r": [
          0.04551715391810912,
          0.1577725454926764,
          0.0016564530329148566,
          -0.014834040417545599,
          0.017606600840986565,
          0.055923589707947065
        ],
        "mean_r": 0.04394038376251474
      },
      "local_tuning": {
        "per_trailer_r": [
          0.009496383010254043,
          -0.017883487087133595,
          0.11480646350775492,
          0.0016533627897887837,
          0.03114954481047371,
          -0.022314069095971018
        ],
        "mean_r": 0.01948469965586114
      },
      "remote_gain": {
        "per_trailer_r": [
          -0.025813364786267032,
          -0.04235678140901683,
          -0.009067159382695021,
          0.03343672754054903,
          0.0022377968762572068,
          -0.10713596885643986
        ],
        "mean_r": -0.02478312500293542
      },
      "remote_tuning": {
        "per_trailer_r": [
          0.06452830708599419,
          -0.010881318796849294,
          0.12696980952907416,
          -0.1129487005090409,
          -0.05899805087418327,
          -0.05998495337982844
        ],
        "mean_r": -0.008552484490805595
      },
      "global_gain": {
        "per_trailer_r": [
          0.06987314625548167,
          0.14417850995717138,
          -0.028527393338110496,
          -0.059005606535098905,
          0.051724837934403405,
          0.07101431958352877
        ],
        "mean_r": 0.041542968976229305
      },
      "global_tuning": {
        "per_trailer_r": [
          0.032560835702213,
          -0.01890073021311285,
          -0.1299242447695877,
          0.059863764904256385,
          0.0345800737903912,
          0.06710749494136066
        ],
        "mean_r": 0.007547865725920117
      }
    },
    "model_preferred_by_mean_r": "local_gain",
    "inverse_permutation": [
      5,
      4,
      1,
      0,
      3,
      2
    ]
  },
  "preference_rank_suppression": {
    "suppression_top_bin": -0.013000264325562639,
    "suppression_mid_bin": -0.012656426552312194,
    "suppression_bot_bin": -0.012540013026567853,
    "preference_rank_slope": 0.00023012564949739214,
    "top_frac": 0.2,
    "bot_frac": 0.2,
    "n_top_units": 51,
    "n_bot_units": 51
  },
  "same_trailer_contrast": {
    "per_trailer_exp": [
      0.19550076185259968,
      0.25296211621025577,
      0.1843862545210868,
      0.21170393395004794,
      0.2319968668743968,
      0.2378521733917296
    ],
    "per_trailer_unexp": [
      0.20694116150261835,
      0.21622036220505833,
      0.21153955586487427,
      0.21377869439311326,
      0.1890612353454344,
      0.20065069512929767
    ],
    "grand_exp": 0.21906701780001944,
    "grand_unexp": 0.20636528407339938,
    "grand_delta_exp_minus_unexp": 0.012701733726620063,
    "bootstrap_delta_exp_minus_unexp": {
      "mean_diff": 0.012701733726620063,
      "ci_lo": 0.0007931618288566956,
      "ci_hi": 0.022057267282575288,
      "n_a": 30,
      "n_b": 150,
      "n_resamples": 100
    },
    "permutation_p_two_sided": 0.009900990099009901
  }
}