{
  "assay": "eval_richter",
  "n_trials_per_condition": 3,
  "permutation": [
    3,
    2,
    5,
    4,
    1,
    0
  ],
  "amplitude_summary": {
    "per_condition_mean_unit0": [
      0.15105219185352325,
      0.1640108327070872,
      0.13888026028871536,
      0.19949707885583243,
      0.18149052063624063,
      0.17351917425791422,
      0.18787425259749094,
      0.19659382104873657,
      0.19014768302440643,
      0.15778776009877524,
      0.1808421810468038,
      0.1837840129931768,
      0.20274280508359274,
      0.1652600864569346,
      0.2113881508509318,
      0.19834035138289133,
      0.15595569709936777,
      0.1675722897052765,
      0.26995116968949634,
      0.24202872812747955,
      0.21867701907952627,
      0.26044269402821857,
      0.19401360551516214,
      0.2378348708152771,
      0.1421239972114563,
      0.19997291266918182,
      0.1673294653495153,
      0.18104799091815948,
      0.1976661483446757,
      0.1840478777885437,
      0.23492088417212167,
      0.23831628759702048,
      0.22643608848253885,
      0.2039704124132792,
      0.22367431223392487,
      0.188321053981781
    ],
    "grand_mean": 0.1964180079190151,
    "grand_std": 0.029368413426313758
  },
  "rsa_within_between": {
    "within_mean_distance": 1.1314818340599939e-05,
    "between_mean_distance": 0.0003483925000970805,
    "between_minus_within": 0.00033707768175648056,
    "n_within_pairs": 108,
    "n_between_pairs": 5670
  },
  "preference_rank_curve": {
    "ranks": [
      1,
      2,
      3,
      4,
      5,
      6
    ],
    "mean_rate": [
      0.22082340246803747,
      0.21358803889274391,
      0.20313355833059177,
      0.1940550831026889,
      0.18236105442499848,
      0.1645469102950301
    ],
    "sem_rate": [
      0.0007501092928385985,
      0.000744386220338058,
      0.0007531250897466521,
      0.0007508309710791411,
      0.0007505895880592427,
      0.0007469809990279215
    ],
    "suppression_rank1_vs_rank_last": 0.05627649217300737
  },
  "pseudo_voxel_models": {
    "local_gain": {
      "pearson_r_with_pop_mean": 0.9999992787903064,
      "n_voxels": 50
    },
    "local_tuning": {
      "pearson_r_with_pop_mean": 0.3543949110277937,
      "n_voxels": 50
    },
    "remote_gain": {
      "pearson_r_with_pop_mean": 0.9999994985763823,
      "n_voxels": 50
    },
    "remote_tuning": {
      "pearson_r_with_pop_mean": 0.3990947671666848,
      "n_voxels": 50
    },
    "global_gain": {
      "pearson_r_with_pop_mean": 0.9999999203464434,
      "n_voxels": 50
    },
    "global_tuning": {
      "pearson_r_with_pop_mean": -0.5431032079736264,
      "n_voxels": 50
    }
  },
  "localizer": {
    "n_trials_per_trailer": 3,
    "mean_response_per_trailer": [
      0.17258875494978082,
      0.18175680621061474,
      0.19031075106856102,
      0.1896331303869374,
      0.2065284998777012,
      0.19146529354232675
    ],
    "population_rate_min": 0.16812191406885782,
    "population_rate_max": 0.21299025416374207
  },
  "modulation_pattern_fit": {
    "models": {
      "local_gain": {
        "per_trailer_r": [
          0.15486571702705615,
          0.09482200157341122,
          -0.036205493434239816,
          -0.10130385872541597,
          0.04102014985301196,
          -0.02918966597801097
        ],
        "mean_r": 0.020668141719302095
      },
      "local_tuning": {
        "per_trailer_r": [
          0.15486571702705618,
          0.09482200157341118,
          -0.036205493434239816,
          -0.10130385872541595,
          0.04102014985301196,
          -0.029189665978010988
        ],
        "mean_r": 0.02066814171930209
      },
      "remote_gain": {
        "per_trailer_r": [
          0.034199683345153345,
          -0.11370522912173926,
          -0.03454738221180525,
          0.11364190183611932,
          0.015694036495790334,
          -0.04418511993943285
        ],
        "mean_r": -0.004817018265985729
      },
      "remote_tuning": {
        "per_trailer_r": [
          0.03419968334515334,
          -0.11370522912173926,
          -0.034547382211805235,
          0.11364190183611932,
          0.015694036495790334,
          -0.04418511993943287
        ],
        "mean_r": -0.004817018265985727
      },
      "global_gain": {
        "per_trailer_r": [
          0.0,
          0.0,
          3.6111154455922976e-23,
          0.0,
          -4.8148203153653016e-23,
          0.0
        ],
        "mean_r": -2.0061747829550066e-24
      },
      "global_tuning": {
        "per_trailer_r": [
          0.0,
          0.0,
          0.0,
          0.0,
          0.0,
          0.0
        ],
        "mean_r": 0.0
      }
    },
    "model_preferred_by_mean_r": "local_gain",
    "inverse_permutation": [
      5,
      4,
      1,
      0,
      3,
      2
    ]
  },
  "preference_rank_suppression": {
    "suppression_top_bin": -0.0038773315567076777,
    "suppression_mid_bin": -0.0034057878387868854,
    "suppression_bot_bin": -0.0036099544975882283,
    "preference_rank_slope": 0.0001336885295597243,
    "top_frac": 0.2,
    "bot_frac": 0.2,
    "n_top_units": 51,
    "n_bot_units": 51
  },
  "same_trailer_contrast": {
    "per_trailer_exp": [
      0.23969380256797498,
      0.20573423492411771,
      0.1908878733132345,
      0.20337498696365705,
      0.1887025432079099,
      0.16781661661419398
    ],
    "per_trailer_unexp": [
      0.19423194538103417,
      0.20184399099089206,
      0.1918498609176216,
      0.19992441775587697,
      0.19240047364146448,
      0.19471695681180184
    ],
    "grand_exp": 0.19936834293184802,
    "grand_unexp": 0.19582794091644853,
    "grand_delta_exp_minus_unexp": 0.0035404020153994853,
    "bootstrap_delta_exp_minus_unexp": {
      "mean_diff": 0.0035404020153994853,
      "ci_lo": -0.012160997544277859,
      "ci_hi": 0.01799677643070431,
      "n_a": 18,
      "n_b": 90,
      "n_resamples": 50
    },
    "permutation_p_two_sided": 0.6862745098039216
  }
}