{
  "assay": "eval_richter",
  "n_trials_per_condition": 60,
  "permutation": [
    3,
    2,
    5,
    4,
    1,
    0
  ],
  "amplitude_summary": {
    "per_condition_mean_unit0": [
      0.24089018603165943,
      0.23877309734622637,
      0.23979300931096076,
      0.235811036080122,
      0.2281173897286256,
      0.23178201044599214,
      0.2412563182413578,
      0.25078156615297,
      0.2404740646481514,
      0.2270083509385586,
      0.23319030478596686,
      0.2393699833502372,
      0.24317142640550932,
      0.25574080844720204,
      0.2440105361243089,
      0.24747548227508862,
      0.24862160980701448,
      0.2473185958961646,
      0.25922147507468857,
      0.2673847230772177,
      0.2569141728182634,
      0.25684046794970833,
      0.2602811843156815,
      0.25975625962018967,
      0.23760304376482963,
      0.23774883449077605,
      0.24877472048004468,
      0.2453551876048247,
      0.23905753195285798,
      0.2395948867003123,
      0.2462505467236042,
      0.24587319269776345,
      0.24869169195493063,
      0.25056296214461327,
      0.24977044214804967,
      0.2518969463805358
    ],
    "grand_mean": 0.24755091946511432,
    "grand_std": 0.00804876485476351
  },
  "rsa_within_between": {
    "within_mean_distance": 8.952509513739754e-06,
    "between_mean_distance": 0.00039247655929939955,
    "between_minus_within": 0.0003835240497856598,
    "n_within_pairs": 63720,
    "n_between_pairs": 2268000
  },
  "preference_rank_curve": {
    "ranks": [
      1,
      2,
      3,
      4,
      5,
      6
    ],
    "mean_rate": [
      0.2547504692283433,
      0.250407261764566,
      0.2480515516397039,
      0.24650287896737502,
      0.24421413344025497,
      0.24137922175044269
    ],
    "sem_rate": [
      0.00020373014895872473,
      0.00020434468297556724,
      0.00020715293484396783,
      0.00020613194978411162,
      0.00020692353151675644,
      0.00020365903270256897
    ],
    "suppression_rank1_vs_rank_last": 0.013371247477900639
  },
  "pseudo_voxel_models": {
    "local_gain": {
      "pearson_r_with_pop_mean": 0.9999751081298116,
      "n_voxels": 50
    },
    "local_tuning": {
      "pearson_r_with_pop_mean": 0.2650295959521686,
      "n_voxels": 50
    },
    "remote_gain": {
      "pearson_r_with_pop_mean": 0.999981755671371,
      "n_voxels": 50
    },
    "remote_tuning": {
      "pearson_r_with_pop_mean": 0.02338153709531404,
      "n_voxels": 50
    },
    "global_gain": {
      "pearson_r_with_pop_mean": 0.999999609801197,
      "n_voxels": 50
    },
    "global_tuning": {
      "pearson_r_with_pop_mean": -0.4509427593322446,
      "n_voxels": 50
    }
  },
  "localizer": {
    "n_trials_per_trailer": 20,
    "mean_response_per_trailer": [
      0.21774805073800962,
      0.20140749081911052,
      0.21043573139177169,
      0.2114022273104638,
      0.2035104916576529,
      0.2065529682993656
    ],
    "population_rate_min": 0.1959268171340227,
    "population_rate_max": 0.22438667863607406
  },
  "modulation_pattern_fit": {
    "models": {
      "local_gain": {
        "per_trailer_r": [
          0.06453342004589945,
          0.13975841202858055,
          0.035054255282780826,
          -0.05347823837918834,
          -0.019701435774774716,
          0.0024044986751475977
        ],
        "mean_r": 0.0280951519797409
      },
      "local_tuning": {
        "per_trailer_r": [
          -0.0006654148560633487,
          -0.05079637507291298,
          0.10987737562953548,
          0.0018188320024101192,
          0.045050165896541476,
          -0.06937380013985547
        ],
        "mean_r": 0.005985130576609213
      },
      "remote_gain": {
        "per_trailer_r": [
          -0.008727238083932463,
          -0.0610014840993941,
          0.005662152222278746,
          0.11584070066781235,
          0.006868124286045486,
          -0.06133084732811832
        ],
        "mean_r": -0.0004480987225513854
      },
      "remote_tuning": {
        "per_trailer_r": [
          0.030375378980940147,
          0.03125024730739125,
          0.10748386182335437,
          -0.08145637489951087,
          -0.04086657596236957,
          -0.07929005260477687
        ],
        "mean_r": -0.005417252559161922
      },
      "global_gain": {
        "per_trailer_r": [
          0.09581628541330671,
          0.13263022087707813,
          -0.02551468237609988,
          -0.0993010463553311,
          0.012393700962903645,
          0.06103648415149783
        ],
        "mean_r": 0.02951016044555922
      },
      "global_tuning": {
        "per_trailer_r": [
          0.031287139294771185,
          -0.02722821714981652,
          -0.12803111627306862,
          0.049221975267028546,
          0.03951661799858955,
          0.07538098166372219
        ],
        "mean_r": 0.006691230133537722
      }
    },
    "model_preferred": "global_gain",
    "model_preferred_mean_r": 0.02951016044555922,
    "model_preferred_effect_sign": "+",
    "selection_criterion": "argmax_abs_mean_r_signed_pearson",
    "local_vs_global_abs_r": {
      "delta_abs_r": -0.0014150084658183203,
      "ci_lo": -0.03611857810374039,
      "ci_hi": 0.02492472855477049,
      "n_trailers": 6,
      "n_resamples": 500
    },
    "inverse_permutation": [
      5,
      4,
      1,
      0,
      3,
      2
    ]
  },
  "preference_rank_suppression": {
    "suppression_top_bin": 0.0006761117554665389,
    "suppression_mid_bin": 0.0010267151237437256,
    "suppression_bot_bin": 0.0008602815983342291,
    "preference_rank_slope": 9.20849214338451e-05,
    "top_frac": 0.2,
    "bot_frac": 0.2,
    "n_top_units": 51,
    "n_bot_units": 51
  },
  "same_trailer_contrast": {
    "per_trailer_exp": [
      0.25079675446419664,
      0.24561724047137734,
      0.24244585237756838,
      0.24206604689146236,
      0.2532753456616774,
      0.2464857185240059
    ],
    "per_trailer_unexp": [
      0.24839599581270402,
      0.2525949365405055,
      0.24776458813886468,
      0.24567424455424772,
      0.24523412316591323,
      0.24656534025853033
    ],
    "grand_exp": 0.24678115973171466,
    "grand_unexp": 0.2477048714117943,
    "grand_delta_exp_minus_unexp": -0.0009237116800796252,
    "bootstrap_delta_exp_minus_unexp": {
      "mean_diff": -0.0009237116800795697,
      "ci_lo": -0.00451291723821043,
      "ci_hi": 0.0024218341784112045,
      "n_a": 360,
      "n_b": 1800,
      "n_resamples": 500
    },
    "permutation_p_two_sided": 0.6167664670658682
  }
}