species,source_asset,source_mesh_file,glb_mesh_name,structure_id,acronym,label,group,parent_id,hemisphere,catalog_status,notes
macaque_prototype,source/D99_v2.0_dist.tgz:D99_v2.0_dist/D99_v2.0_labels_semicolon.txt,source/D99_v2.0_dist.tgz:D99_v2.0_dist/surfs_right/D99_v2.pu.k1.gii,D99_v2.pu.k1,1,pu,putamen,Basal ganglia / Striatum,,right,archive_label_surface_right_available,Right-hemisphere GIFTI surface available in D99 tgz; GLB still needs conversion.
macaque_prototype,source/D99_v2.0_dist.tgz:D99_v2.0_dist/D99_v2.0_labels_semicolon.txt,source/D99_v2.0_dist.tgz:D99_v2.0_dist/surfs_right/D99_v2.cd.k2.gii,D99_v2.cd.k2,2,cd,caudate nucleus,Basal ganglia / Striatum,,right,archive_label_surface_right_available,Right-hemisphere GIFTI surface available in D99 tgz; GLB still needs conversion.
macaque_prototype,source/D99_v2.0_dist.tgz:D99_v2.0_dist/D99_v2.0_labels_semicolon.txt,source/D99_v2.0_dist.tgz:D99_v2.0_dist/surfs_right/D99_v2.NA.k3.gii,D99_v2.NA.k3,3,NA,nucleus accumbens,Basal ganglia / Striatum_ventral striatum,,right,archive_label_surface_right_available,Right-hemisphere GIFTI surface available in D99 tgz; GLB still needs conversion.
macaque_prototype,source/D99_v2.0_dist.tgz:D99_v2.0_dist/D99_v2.0_labels_semicolon.txt,source/D99_v2.0_dist.tgz:D99_v2.0_dist/surfs_right/D99_v2.GPe.k4.gii,D99_v2.GPe.k4,4,GPe,globus pallidus external segment,Basal ganglia / Pallidum,,right,archive_label_surface_right_available,Right-hemisphere GIFTI surface available in D99 tgz; GLB still needs conversion.
macaque_prototype,source/D99_v2.0_dist.tgz:D99_v2.0_dist/D99_v2.0_labels_semicolon.txt,source/D99_v2.0_dist.tgz:D99_v2.0_dist/surfs_right/D99_v2.GPi.k5.gii,D99_v2.GPi.k5,5,GPi,globus pallidus internal segment,Basal ganglia / Pallidum,,right,archive_label_surface_right_available,Right-hemisphere GIFTI surface available in D99 tgz; GLB still needs conversion.
macaque_prototype,source/D99_v2.0_dist.tgz:D99_v2.0_dist/D99_v2.0_labels_semicolon.txt,source/D99_v2.0_dist.tgz:D99_v2.0_dist/surfs_right/D99_v2.SNpr.k6.gii,D99_v2.SNpr.k6,6,SNpr,substantia nigra pars reticulata,Basal ganglia / Nigral region,,right,archive_label_surface_right_available,Right-hemisphere GIFTI surface available in D99 tgz; GLB still needs conversion.
macaque_prototype,source/D99_v2.0_dist.tgz:D99_v2.0_dist/D99_v2.0_labels_semicolon.txt,source/D99_v2.0_dist.tgz:D99_v2.0_dist/surfs_right/D99_v2.SNpc.k7.gii,D99_v2.SNpc.k7,7,SNpc,substantia nigra pars compacta,Basal ganglia / Nigral region,,right,archive_label_surface_right_available,Right-hemisphere GIFTI surface available in D99 tgz; GLB still needs conversion.
macaque_prototype,source/D99_v2.0_dist.tgz:D99_v2.0_dist/D99_v2.0_labels_semicolon.txt,source/D99_v2.0_dist.tgz:D99_v2.0_dist/surfs_right/D99_v2.SNpl.k8.gii,D99_v2.SNpl.k8,8,SNpl,substantia nigra pars lateralis,Basal ganglia / Nigral region,,right,archive_label_surface_right_available,Right-hemisphere GIFTI surface available in D99 tgz; GLB still needs conversion.
macaque_prototype,source/D99_v2.0_dist.tgz:D99_v2.0_dist/D99_v2.0_labels_semicolon.txt,source/D99_v2.0_dist.tgz:D99_v2.0_dist/surfs_right/D99_v2.STN.k9.gii,D99_v2.STN.k9,9,STN,subthalamic nucleus,Basal ganglia / Nigral region,,right,archive_label_surface_right_available,Right-hemisphere GIFTI surface available in D99 tgz; GLB still needs conversion.
macaque_prototype,source/D99_v2.0_dist.tgz:D99_v2.0_dist/D99_v2.0_labels_semicolon.txt,source/D99_v2.0_dist.tgz:D99_v2.0_dist/surfs_right/D99_v2.VP.k10.gii,D99_v2.VP.k10,10,VP,ventral pallidum,Basal ganglia / Pallidum,,right,archive_label_surface_right_available,Right-hemisphere GIFTI surface available in D99 tgz; GLB still needs conversion.
macaque_prototype,source/D99_v2.0_dist.tgz:D99_v2.0_dist/D99_v2.0_labels_semicolon.txt,source/D99_v2.0_dist.tgz:D99_v2.0_dist/surfs_right/D99_v2.AV.k11.gii,D99_v2.AV.k11,11,AV,anterior ventral nucleus,Thalamus / Dorsal thalamus_anterior group,,right,archive_label_surface_right_available,Right-hemisphere GIFTI surface available in D99 tgz; GLB still needs conversion.
macaque_prototype,source/D99_v2.0_dist.tgz:D99_v2.0_dist/D99_v2.0_labels_semicolon.txt,source/D99_v2.0_dist.tgz:D99_v2.0_dist/surfs_right/D99_v2.AM.k12.gii,D99_v2.AM.k12,12,AM,anterior medial nucleus,Thalamus / Dorsal thalamus_anterior group,,right,archive_label_surface_right_available,Right-hemisphere GIFTI surface available in D99 tgz; GLB still needs conversion.
macaque_prototype,source/D99_v2.0_dist.tgz:D99_v2.0_dist/D99_v2.0_labels_semicolon.txt,source/D99_v2.0_dist.tgz:D99_v2.0_dist/surfs_right/D99_v2.VApc.k13.gii,D99_v2.VApc.k13,13,VApc,"ventral anterior nucleus, parvicellular division",Thalamus / Dorsal thalamus_lateral group,,right,archive_label_surface_right_available,Right-hemisphere GIFTI surface available in D99 tgz; GLB still needs conversion.
macaque_prototype,source/D99_v2.0_dist.tgz:D99_v2.0_dist/D99_v2.0_labels_semicolon.txt,source/D99_v2.0_dist.tgz:D99_v2.0_dist/surfs_right/D99_v2.VAmc.k14.gii,D99_v2.VAmc.k14,14,VAmc,"ventral anterior nucleus, magnocellular division",Thalamus / Dorsal thalamus_lateral group,,right,archive_label_surface_right_available,Right-hemisphere GIFTI surface available in D99 tgz; GLB still needs conversion.
macaque_prototype,source/D99_v2.0_dist.tgz:D99_v2.0_dist/D99_v2.0_labels_semicolon.txt,source/D99_v2.0_dist.tgz:D99_v2.0_dist/surfs_right/D99_v2.LD.k15.gii,D99_v2.LD.k15,15,LD,lateral dorsal nucleus,Thalamus / Dorsal thalamus_anterior group,,right,archive_label_surface_right_available,Right-hemisphere GIFTI surface available in D99 tgz; GLB still needs conversion.
macaque_prototype,source/D99_v2.0_dist.tgz:D99_v2.0_dist/D99_v2.0_labels_semicolon.txt,source/D99_v2.0_dist.tgz:D99_v2.0_dist/surfs_right/D99_v2.MDmc.k16.gii,D99_v2.MDmc.k16,16,MDmc,"mediodorsal nucleus, magnocellular division",Thalamus / Dorsal thalamus_medial group,,right,archive_label_surface_right_available,Right-hemisphere GIFTI surface available in D99 tgz; GLB still needs conversion.
macaque_prototype,source/D99_v2.0_dist.tgz:D99_v2.0_dist/D99_v2.0_labels_semicolon.txt,source/D99_v2.0_dist.tgz:D99_v2.0_dist/surfs_right/D99_v2.MDpc.k17.gii,D99_v2.MDpc.k17,17,MDpc,"mediodorsal nucleus, parvicellular division",Thalamus / Dorsal thalamus_medial group,,right,archive_label_surface_right_available,Right-hemisphere GIFTI surface available in D99 tgz; GLB still needs conversion.
macaque_prototype,source/D99_v2.0_dist.tgz:D99_v2.0_dist/D99_v2.0_labels_semicolon.txt,source/D99_v2.0_dist.tgz:D99_v2.0_dist/surfs_right/D99_v2.MDmf.k18.gii,D99_v2.MDmf.k18,18,MDmf,"mediodorsal nucleus, multiform division",Thalamus / Dorsal thalamus_medial group,,right,archive_label_surface_right_available,Right-hemisphere GIFTI surface available in D99 tgz; GLB still needs conversion.
macaque_prototype,source/D99_v2.0_dist.tgz:D99_v2.0_dist/D99_v2.0_labels_semicolon.txt,source/D99_v2.0_dist.tgz:D99_v2.0_dist/surfs_right/D99_v2.VLc.k19.gii,D99_v2.VLc.k19,19,VLc,ventral lateral caudal nucleus,Thalamus / Dorsal thalamus_lateral group,,right,archive_label_surface_right_available,Right-hemisphere GIFTI surface available in D99 tgz; GLB still needs conversion.
macaque_prototype,source/D99_v2.0_dist.tgz:D99_v2.0_dist/D99_v2.0_labels_semicolon.txt,source/D99_v2.0_dist.tgz:D99_v2.0_dist/surfs_right/D99_v2.VLo.k20.gii,D99_v2.VLo.k20,20,VLo,ventral lateral oral nucleus,Thalamus / Dorsal thalamus_lateral group,,right,archive_label_surface_right_available,Right-hemisphere GIFTI surface available in D99 tgz; GLB still needs conversion.
macaque_prototype,source/D99_v2.0_dist.tgz:D99_v2.0_dist/D99_v2.0_labels_semicolon.txt,source/D99_v2.0_dist.tgz:D99_v2.0_dist/surfs_right/D99_v2.VPI.k21.gii,D99_v2.VPI.k21,21,VPI,ventral posterior inferior nucleus,Thalamus / Dorsal thalamus_lateral group,,right,archive_label_surface_right_available,Right-hemisphere GIFTI surface available in D99 tgz; GLB still needs conversion.
macaque_prototype,source/D99_v2.0_dist.tgz:D99_v2.0_dist/D99_v2.0_labels_semicolon.txt,source/D99_v2.0_dist.tgz:D99_v2.0_dist/surfs_right/D99_v2.VPM.k22.gii,D99_v2.VPM.k22,22,VPM,ventral posterior medial nucleus,Thalamus / Dorsal thalamus_lateral group,,right,archive_label_surface_right_available,Right-hemisphere GIFTI surface available in D99 tgz; GLB still needs conversion.
macaque_prototype,source/D99_v2.0_dist.tgz:D99_v2.0_dist/D99_v2.0_labels_semicolon.txt,source/D99_v2.0_dist.tgz:D99_v2.0_dist/surfs_right/D99_v2.VPMpc.k23.gii,D99_v2.VPMpc.k23,23,VPMpc,"ventral posterior medial nucleus, parvicellular division",Thalamus / Dorsal thalamus_lateral group,,right,archive_label_surface_right_available,Right-hemisphere GIFTI surface available in D99 tgz; GLB still needs conversion.
macaque_prototype,source/D99_v2.0_dist.tgz:D99_v2.0_dist/D99_v2.0_labels_semicolon.txt,source/D99_v2.0_dist.tgz:D99_v2.0_dist/surfs_right/D99_v2.cnMD.k24.gii,D99_v2.cnMD.k24,24,cnMD,centromedian nucleus,Thalamus / Dorsal thalamus_intralaminar group,,right,archive_label_surface_right_available,Right-hemisphere GIFTI surface available in D99 tgz; GLB still needs conversion.
macaque_prototype,source/D99_v2.0_dist.tgz:D99_v2.0_dist/D99_v2.0_labels_semicolon.txt,source/D99_v2.0_dist.tgz:D99_v2.0_dist/surfs_right/D99_v2.Pf.k25.gii,D99_v2.Pf.k25,25,Pf,parafascicular nucleus,Thalamus / Dorsal thalamus_intralaminar group,,right,archive_label_surface_right_available,Right-hemisphere GIFTI surface available in D99 tgz; GLB still needs conversion.
macaque_prototype,source/D99_v2.0_dist.tgz:D99_v2.0_dist/D99_v2.0_labels_semicolon.txt,source/D99_v2.0_dist.tgz:D99_v2.0_dist/surfs_right/D99_v2.LP.k26.gii,D99_v2.LP.k26,26,LP,lateral posterior nucleus,Thalamus / Dorsal thalamus_lateral group,,right,archive_label_surface_right_available,Right-hemisphere GIFTI surface available in D99 tgz; GLB still needs conversion.
macaque_prototype,source/D99_v2.0_dist.tgz:D99_v2.0_dist/D99_v2.0_labels_semicolon.txt,source/D99_v2.0_dist.tgz:D99_v2.0_dist/surfs_right/D99_v2.VPLc.k27.gii,D99_v2.VPLc.k27,27,VPLc,ventral posterior lateral caudal nucleus,Thalamus / Dorsal thalamus_lateral group,,right,archive_label_surface_right_available,Right-hemisphere GIFTI surface available in D99 tgz; GLB still needs conversion.
macaque_prototype,source/D99_v2.0_dist.tgz:D99_v2.0_dist/D99_v2.0_labels_semicolon.txt,source/D99_v2.0_dist.tgz:D99_v2.0_dist/surfs_right/D99_v2.PM.k28.gii,D99_v2.PM.k28,28,PM,medial pulvinar,Thalamus / Dorsal thalamus_posterior group,,right,archive_label_surface_right_available,Right-hemisphere GIFTI surface available in D99 tgz; GLB still needs conversion.
macaque_prototype,source/D99_v2.0_dist.tgz:D99_v2.0_dist/D99_v2.0_labels_semicolon.txt,source/D99_v2.0_dist.tgz:D99_v2.0_dist/surfs_right/D99_v2.PL.k29.gii,D99_v2.PL.k29,29,PL,lateral pulvinar,Thalamus / Dorsal thalamus_posterior group,,right,archive_label_surface_right_available,Right-hemisphere GIFTI surface available in D99 tgz; GLB still needs conversion.
macaque_prototype,source/D99_v2.0_dist.tgz:D99_v2.0_dist/D99_v2.0_labels_semicolon.txt,source/D99_v2.0_dist.tgz:D99_v2.0_dist/surfs_right/D99_v2.PI.k30.gii,D99_v2.PI.k30,30,PI,inferior pulvinar,Thalamus / Dorsal thalamus_posterior group,,right,archive_label_surface_right_available,Right-hemisphere GIFTI surface available in D99 tgz; GLB still needs conversion.
macaque_prototype,source/D99_v2.0_dist.tgz:D99_v2.0_dist/D99_v2.0_labels_semicolon.txt,source/D99_v2.0_dist.tgz:D99_v2.0_dist/surfs_right/D99_v2.MDdc.k31.gii,D99_v2.MDdc.k31,31,MDdc,"mediodorsal nucleus, densocellular division",Thalamus / Dorsal thalamus_medial group,,right,archive_label_surface_right_available,Right-hemisphere GIFTI surface available in D99 tgz; GLB still needs conversion.
macaque_prototype,source/D99_v2.0_dist.tgz:D99_v2.0_dist/D99_v2.0_labels_semicolon.txt,source/D99_v2.0_dist.tgz:D99_v2.0_dist/surfs_right/D99_v2.LGN.k32.gii,D99_v2.LGN.k32,32,LGN,lateral geniculate nucleus,Thalamus / Geniculate region,,right,archive_label_surface_right_available,Right-hemisphere GIFTI surface available in D99 tgz; GLB still needs conversion.
macaque_prototype,source/D99_v2.0_dist.tgz:D99_v2.0_dist/D99_v2.0_labels_semicolon.txt,source/D99_v2.0_dist.tgz:D99_v2.0_dist/surfs_right/D99_v2.Hl.k34.gii,D99_v2.Hl.k34,34,Hl,lateral habenular nucleus,Thalamus / Epithalamus,,right,archive_label_surface_right_available,Right-hemisphere GIFTI surface available in D99 tgz; GLB still needs conversion.
macaque_prototype,source/D99_v2.0_dist.tgz:D99_v2.0_dist/D99_v2.0_labels_semicolon.txt,source/D99_v2.0_dist.tgz:D99_v2.0_dist/surfs_right/D99_v2.Hm.k35.gii,D99_v2.Hm.k35,35,Hm,medial habenular nucleus,Thalamus / Epithalamus,,right,archive_label_surface_right_available,Right-hemisphere GIFTI surface available in D99 tgz; GLB still needs conversion.
macaque_prototype,source/D99_v2.0_dist.tgz:D99_v2.0_dist/D99_v2.0_labels_semicolon.txt,source/D99_v2.0_dist.tgz:D99_v2.0_dist/surfs_right/D99_v2.r.k36.gii,D99_v2.r.k36,36,r,reticular nucleus,Thalamus / Other thalamic region,,right,archive_label_surface_right_available,Right-hemisphere GIFTI surface available in D99 tgz; GLB still needs conversion.
macaque_prototype,source/D99_v2.0_dist.tgz:D99_v2.0_dist/D99_v2.0_labels_semicolon.txt,source/D99_v2.0_dist.tgz:D99_v2.0_dist/surfs_right/D99_v2.zic.k37.gii,D99_v2.zic.k37,37,zic,zona incerta,Thalamus / Other thalamic region,,right,archive_label_surface_right_available,Right-hemisphere GIFTI surface available in D99 tgz; GLB still needs conversion.
macaque_prototype,source/D99_v2.0_dist.tgz:D99_v2.0_dist/D99_v2.0_labels_semicolon.txt,source/D99_v2.0_dist.tgz:D99_v2.0_dist/surfs_right/D99_v2.Pa.k38.gii,D99_v2.Pa.k38,38,Pa,paraventricular nucleus,Thalamus / Dorsal thalamus_medial group,,right,archive_label_surface_right_available,Right-hemisphere GIFTI surface available in D99 tgz; GLB still needs conversion.
macaque_prototype,source/D99_v2.0_dist.tgz:D99_v2.0_dist/D99_v2.0_labels_semicolon.txt,source/D99_v2.0_dist.tgz:D99_v2.0_dist/surfs_right/D99_v2.MMN.k39.gii,D99_v2.MMN.k39,39,MMN,medial mammillary nucleus,Hypothalamus / Posterior group,,right,archive_label_surface_right_available,Right-hemisphere GIFTI surface available in D99 tgz; GLB still needs conversion.
macaque_prototype,source/D99_v2.0_dist.tgz:D99_v2.0_dist/D99_v2.0_labels_semicolon.txt,source/D99_v2.0_dist.tgz:D99_v2.0_dist/surfs_right/D99_v2.LMN.k40.gii,D99_v2.LMN.k40,40,LMN,lateral mammillary nucleus,Hypothalamus / Posterior group,,right,archive_label_surface_right_available,Right-hemisphere GIFTI surface available in D99 tgz; GLB still needs conversion.
macaque_prototype,source/D99_v2.0_dist.tgz:D99_v2.0_dist/D99_v2.0_labels_semicolon.txt,source/D99_v2.0_dist.tgz:D99_v2.0_dist/surfs_right/D99_v2.RNpc.k41.gii,D99_v2.RNpc.k41,41,RNpc,"red nucleus, parvicellular division",Brainstem / Midbrain,,right,archive_label_surface_right_available,Right-hemisphere GIFTI surface available in D99 tgz; GLB still needs conversion.
macaque_prototype,source/D99_v2.0_dist.tgz:D99_v2.0_dist/D99_v2.0_labels_semicolon.txt,source/D99_v2.0_dist.tgz:D99_v2.0_dist/surfs_right/D99_v2.3rd.k42.gii,D99_v2.3rd.k42,42,3rd,third cranial (oculomotor) nuclei,Brainstem / Midbrain,,right,archive_label_surface_right_available,Right-hemisphere GIFTI surface available in D99 tgz; GLB still needs conversion.
macaque_prototype,source/D99_v2.0_dist.tgz:D99_v2.0_dist/D99_v2.0_labels_semicolon.txt,source/D99_v2.0_dist.tgz:D99_v2.0_dist/surfs_right/D99_v2.4th.k43.gii,D99_v2.4th.k43,43,4th,fourth cranial (trochlear) nuclei,Brainstem / Midbrain,,right,archive_label_surface_right_available,Right-hemisphere GIFTI surface available in D99 tgz; GLB still needs conversion.
macaque_prototype,source/D99_v2.0_dist.tgz:D99_v2.0_dist/D99_v2.0_labels_semicolon.txt,source/D99_v2.0_dist.tgz:D99_v2.0_dist/surfs_right/D99_v2.SC.k44.gii,D99_v2.SC.k44,44,SC,superior colliculus,Brainstem / Midbrain,,right,archive_label_surface_right_available,Right-hemisphere GIFTI surface available in D99 tgz; GLB still needs conversion.
macaque_prototype,source/D99_v2.0_dist.tgz:D99_v2.0_dist/D99_v2.0_labels_semicolon.txt,source/D99_v2.0_dist.tgz:D99_v2.0_dist/surfs_right/D99_v2.IC.k45.gii,D99_v2.IC.k45,45,IC,inferior colliculus,Brainstem / Midbrain,,right,archive_label_surface_right_available,Right-hemisphere GIFTI surface available in D99 tgz; GLB still needs conversion.
macaque_prototype,source/D99_v2.0_dist.tgz:D99_v2.0_dist/D99_v2.0_labels_semicolon.txt,source/D99_v2.0_dist.tgz:D99_v2.0_dist/surfs_right/D99_v2.5th.k46.gii,D99_v2.5th.k46,46,5th,fifth cranial (trigeminal) nuclei,Brainstem / Pons,,right,archive_label_surface_right_available,Right-hemisphere GIFTI surface available in D99 tgz; GLB still needs conversion.
macaque_prototype,source/D99_v2.0_dist.tgz:D99_v2.0_dist/D99_v2.0_labels_semicolon.txt,source/D99_v2.0_dist.tgz:D99_v2.0_dist/surfs_right/D99_v2.6th.k47.gii,D99_v2.6th.k47,47,6th,sixth cranial (abducent) nuclei,Brainstem / Pons,,right,archive_label_surface_right_available,Right-hemisphere GIFTI surface available in D99 tgz; GLB still needs conversion.
macaque_prototype,source/D99_v2.0_dist.tgz:D99_v2.0_dist/D99_v2.0_labels_semicolon.txt,source/D99_v2.0_dist.tgz:D99_v2.0_dist/surfs_right/D99_v2.7th.k48.gii,D99_v2.7th.k48,48,7th,seventh cranial (facial) nuclei,Brainstem / Pons,,right,archive_label_surface_right_available,Right-hemisphere GIFTI surface available in D99 tgz; GLB still needs conversion.
macaque_prototype,source/D99_v2.0_dist.tgz:D99_v2.0_dist/D99_v2.0_labels_semicolon.txt,source/D99_v2.0_dist.tgz:D99_v2.0_dist/surfs_right/D99_v2.vn.k49.gii,D99_v2.vn.k49,49,vn,vestibular nuclei,Brainstem / Pons,,right,archive_label_surface_right_available,Right-hemisphere GIFTI surface available in D99 tgz; GLB still needs conversion.
macaque_prototype,source/D99_v2.0_dist.tgz:D99_v2.0_dist/D99_v2.0_labels_semicolon.txt,source/D99_v2.0_dist.tgz:D99_v2.0_dist/surfs_right/D99_v2.stn.k50.gii,D99_v2.stn.k50,50,stn,spinal trigeminal nucleus,Brainstem / pons and medulla,,right,archive_label_surface_right_available,Right-hemisphere GIFTI surface available in D99 tgz; GLB still needs conversion.
macaque_prototype,source/D99_v2.0_dist.tgz:D99_v2.0_dist/D99_v2.0_labels_semicolon.txt,source/D99_v2.0_dist.tgz:D99_v2.0_dist/surfs_right/D99_v2.ion.k51.gii,D99_v2.ion.k51,51,ion,inferior olivary nucleus,Brainstem / Medulla,,right,archive_label_surface_right_available,Right-hemisphere GIFTI surface available in D99 tgz; GLB still needs conversion.
macaque_prototype,source/D99_v2.0_dist.tgz:D99_v2.0_dist/D99_v2.0_labels_semicolon.txt,source/D99_v2.0_dist.tgz:D99_v2.0_dist/surfs_right/D99_v2.soc.k52.gii,D99_v2.soc.k52,52,soc,superior olivary complex,Brainstem / Pons,,right,archive_label_surface_right_available,Right-hemisphere GIFTI surface available in D99 tgz; GLB still needs conversion.
macaque_prototype,source/D99_v2.0_dist.tgz:D99_v2.0_dist/D99_v2.0_labels_semicolon.txt,source/D99_v2.0_dist.tgz:D99_v2.0_dist/surfs_right/D99_v2.chn.k53.gii,D99_v2.chn.k53,53,chn,cochlear nucleus,Brainstem / Medulla,,right,archive_label_surface_right_available,Right-hemisphere GIFTI surface available in D99 tgz; GLB still needs conversion.
macaque_prototype,source/D99_v2.0_dist.tgz:D99_v2.0_dist/D99_v2.0_labels_semicolon.txt,source/D99_v2.0_dist.tgz:D99_v2.0_dist/surfs_right/D99_v2.12th.k54.gii,D99_v2.12th.k54,54,12th,twelfth cranial (hypoglossal) nuclei,Brainstem / Medulla,,right,archive_label_surface_right_available,Right-hemisphere GIFTI surface available in D99 tgz; GLB still needs conversion.
macaque_prototype,source/D99_v2.0_dist.tgz:D99_v2.0_dist/D99_v2.0_labels_semicolon.txt,source/D99_v2.0_dist.tgz:D99_v2.0_dist/surfs_right/D99_v2.denv_10.k55.gii,D99_v2.denv_10.k55,55,denv_10,dorsal motor nucleus of vagus (tenth cranial nuclei),Brainstem / Medulla,,right,archive_label_surface_right_available,Right-hemisphere GIFTI surface available in D99 tgz; GLB still needs conversion.
macaque_prototype,source/D99_v2.0_dist.tgz:D99_v2.0_dist/D99_v2.0_labels_semicolon.txt,source/D99_v2.0_dist.tgz:D99_v2.0_dist/surfs_right/D99_v2.sn.k56.gii,D99_v2.sn.k56,56,sn,solitary nucleus,Brainstem / Medulla,,right,archive_label_surface_right_available,Right-hemisphere GIFTI surface available in D99 tgz; GLB still needs conversion.
macaque_prototype,source/D99_v2.0_dist.tgz:D99_v2.0_dist/D99_v2.0_labels_semicolon.txt,source/D99_v2.0_dist.tgz:D99_v2.0_dist/surfs_right/D99_v2.np.k57.gii,D99_v2.np.k57,57,np,nucleus prepositus,Brainstem / Medulla,,right,archive_label_surface_right_available,Right-hemisphere GIFTI surface available in D99 tgz; GLB still needs conversion.
macaque_prototype,source/D99_v2.0_dist.tgz:D99_v2.0_dist/D99_v2.0_labels_semicolon.txt,source/D99_v2.0_dist.tgz:D99_v2.0_dist/surfs_right/D99_v2.gn.k58.gii,D99_v2.gn.k58,58,gn,gracile nucleus,Brainstem / Medulla,,right,archive_label_surface_right_available,Right-hemisphere GIFTI surface available in D99 tgz; GLB still needs conversion.
macaque_prototype,source/D99_v2.0_dist.tgz:D99_v2.0_dist/D99_v2.0_labels_semicolon.txt,source/D99_v2.0_dist.tgz:D99_v2.0_dist/surfs_right/D99_v2.cn.k59.gii,D99_v2.cn.k59,59,cn,cuneate nucleus,Brainstem / Medulla,,right,archive_label_surface_right_available,Right-hemisphere GIFTI surface available in D99 tgz; GLB still needs conversion.
macaque_prototype,source/D99_v2.0_dist.tgz:D99_v2.0_dist/D99_v2.0_labels_semicolon.txt,source/D99_v2.0_dist.tgz:D99_v2.0_dist/surfs_right/D99_v2.lcn.k60.gii,D99_v2.lcn.k60,60,lcn,lateral cuneate nucleus,Brainstem / Medulla,,right,archive_label_surface_right_available,Right-hemisphere GIFTI surface available in D99 tgz; GLB still needs conversion.
macaque_prototype,source/D99_v2.0_dist.tgz:D99_v2.0_dist/D99_v2.0_labels_semicolon.txt,source/D99_v2.0_dist.tgz:D99_v2.0_dist/surfs_right/D99_v2.DN.k61.gii,D99_v2.DN.k61,61,DN,dentate nucleus,Cerebellum / Deep cerebellar nuclei,,right,archive_label_surface_right_available,Right-hemisphere GIFTI surface available in D99 tgz; GLB still needs conversion.
macaque_prototype,source/D99_v2.0_dist.tgz:D99_v2.0_dist/D99_v2.0_labels_semicolon.txt,source/D99_v2.0_dist.tgz:D99_v2.0_dist/surfs_right/D99_v2.AIN.k62.gii,D99_v2.AIN.k62,62,AIN,anterior interposed nucleus,Cerebellum / Deep cerebellar nuclei,,right,archive_label_surface_right_available,Right-hemisphere GIFTI surface available in D99 tgz; GLB still needs conversion.
macaque_prototype,source/D99_v2.0_dist.tgz:D99_v2.0_dist/D99_v2.0_labels_semicolon.txt,source/D99_v2.0_dist.tgz:D99_v2.0_dist/surfs_right/D99_v2.PIN.k63.gii,D99_v2.PIN.k63,63,PIN,posterior interposed nucleus,Cerebellum / Deep cerebellar nuclei,,right,archive_label_surface_right_available,Right-hemisphere GIFTI surface available in D99 tgz; GLB still needs conversion.
macaque_prototype,source/D99_v2.0_dist.tgz:D99_v2.0_dist/D99_v2.0_labels_semicolon.txt,source/D99_v2.0_dist.tgz:D99_v2.0_dist/surfs_right/D99_v2.FN.k64.gii,D99_v2.FN.k64,64,FN,fastigial nucleus,Cerebellum / Deep cerebellar nuclei,,right,archive_label_surface_right_available,Right-hemisphere GIFTI surface available in D99 tgz; GLB still needs conversion.
macaque_prototype,source/D99_v2.0_dist.tgz:D99_v2.0_dist/D99_v2.0_labels_semicolon.txt,source/D99_v2.0_dist.tgz:D99_v2.0_dist/surfs_right/D99_v2.ac.k66.gii,D99_v2.ac.k66,66,ac,anterior commissure,Fiber bundle,,right,archive_label_surface_right_available,Right-hemisphere GIFTI surface available in D99 tgz; GLB still needs conversion.
macaque_prototype,source/D99_v2.0_dist.tgz:D99_v2.0_dist/D99_v2.0_labels_semicolon.txt,source/D99_v2.0_dist.tgz:D99_v2.0_dist/surfs_right/D99_v2.OC.k67.gii,D99_v2.OC.k67,67,OC,optic chiasm,Fiber bundle,,right,archive_label_surface_right_available,Right-hemisphere GIFTI surface available in D99 tgz; GLB still needs conversion.
macaque_prototype,source/D99_v2.0_dist.tgz:D99_v2.0_dist/D99_v2.0_labels_semicolon.txt,source/D99_v2.0_dist.tgz:D99_v2.0_dist/surfs_right/D99_v2.ot.k68.gii,D99_v2.ot.k68,68,ot,optic tract,Fiber bundle,,right,archive_label_surface_right_available,Right-hemisphere GIFTI surface available in D99 tgz; GLB still needs conversion.
macaque_prototype,source/D99_v2.0_dist.tgz:D99_v2.0_dist/D99_v2.0_labels_semicolon.txt,source/D99_v2.0_dist.tgz:D99_v2.0_dist/surfs_right/D99_v2.fr.k69.gii,D99_v2.fr.k69,69,fr,fasciculus retroflexus,Fiber bundle,,right,archive_label_surface_right_available,Right-hemisphere GIFTI surface available in D99 tgz; GLB still needs conversion.
macaque_prototype,source/D99_v2.0_dist.tgz:D99_v2.0_dist/D99_v2.0_labels_semicolon.txt,source/D99_v2.0_dist.tgz:D99_v2.0_dist/surfs_right/D99_v2.SNpm.k70.gii,D99_v2.SNpm.k70,70,SNpm,Substantia nigra pars mixta,Basal ganglia / Nigral region,,right,archive_label_surface_right_available,Right-hemisphere GIFTI surface available in D99 tgz; GLB still needs conversion.
macaque_prototype,source/D99_v2.0_dist.tgz:D99_v2.0_dist/D99_v2.0_labels_semicolon.txt,source/D99_v2.0_dist.tgz:D99_v2.0_dist/surfs_right/D99_v2.VLps.k103.gii,D99_v2.VLps.k103,103,VLps,ventral lateral postrema nucleus,Thalamus / Dorsal thalamus_lateral group,,right,archive_label_surface_right_available,Right-hemisphere GIFTI surface available in D99 tgz; GLB still needs conversion.
macaque_prototype,source/D99_v2.0_dist.tgz:D99_v2.0_dist/D99_v2.0_labels_semicolon.txt,source/D99_v2.0_dist.tgz:D99_v2.0_dist/surfs_right/D99_v2.csl.k104.gii,D99_v2.csl.k104,104,csl,central superior lateral nucleus,Thalamus / Dorsal thalamus_intralaminar group,,right,archive_label_surface_right_available,Right-hemisphere GIFTI surface available in D99 tgz; GLB still needs conversion.
macaque_prototype,source/D99_v2.0_dist.tgz:D99_v2.0_dist/D99_v2.0_labels_semicolon.txt,source/D99_v2.0_dist.tgz:D99_v2.0_dist/surfs_right/D99_v2.cl.k105.gii,D99_v2.cl.k105,105,cl,central lateral nucleus,Thalamus / Dorsal thalamus_intralaminar group,,right,archive_label_surface_right_available,Right-hemisphere GIFTI surface available in D99 tgz; GLB still needs conversion.
macaque_prototype,source/D99_v2.0_dist.tgz:D99_v2.0_dist/D99_v2.0_labels_semicolon.txt,source/D99_v2.0_dist.tgz:D99_v2.0_dist/surfs_right/D99_v2.cim.k106.gii,D99_v2.cim.k106,106,cim,central intermediate nucleus,Thalamus / Dorsal thalamus_intralaminar group,,right,archive_label_surface_right_available,Right-hemisphere GIFTI surface available in D99 tgz; GLB still needs conversion.
macaque_prototype,source/D99_v2.0_dist.tgz:D99_v2.0_dist/D99_v2.0_labels_semicolon.txt,source/D99_v2.0_dist.tgz:D99_v2.0_dist/D99_atlas_v2.0_right.nii.gz,107_Re,107,Re,reunions nucleus,Thalamus / Dorsal thalamus_intralaminar group,,,archive_label_volume_available,No right-hemisphere GIFTI surface in D99 tgz; use right atlas volume member for extraction.
macaque_prototype,source/D99_v2.0_dist.tgz:D99_v2.0_dist/D99_v2.0_labels_semicolon.txt,source/D99_v2.0_dist.tgz:D99_v2.0_dist/surfs_right/D99_v2.I.k108.gii,D99_v2.I.k108,108,I,cerebellar lobule I,Cerebellum,,right,archive_label_surface_right_available,Right-hemisphere GIFTI surface available in D99 tgz; GLB still needs conversion.
macaque_prototype,source/D99_v2.0_dist.tgz:D99_v2.0_dist/D99_v2.0_labels_semicolon.txt,source/D99_v2.0_dist.tgz:D99_v2.0_dist/surfs_right/D99_v2.II.k109.gii,D99_v2.II.k109,109,II,cerebellar lobule II,Cerebellum,,right,archive_label_surface_right_available,Right-hemisphere GIFTI surface available in D99 tgz; GLB still needs conversion.
macaque_prototype,source/D99_v2.0_dist.tgz:D99_v2.0_dist/D99_v2.0_labels_semicolon.txt,source/D99_v2.0_dist.tgz:D99_v2.0_dist/surfs_right/D99_v2.III.k110.gii,D99_v2.III.k110,110,III,cerebellar lobule III,Cerebellum,,right,archive_label_surface_right_available,Right-hemisphere GIFTI surface available in D99 tgz; GLB still needs conversion.
macaque_prototype,source/D99_v2.0_dist.tgz:D99_v2.0_dist/D99_v2.0_labels_semicolon.txt,source/D99_v2.0_dist.tgz:D99_v2.0_dist/surfs_right/D99_v2.IV.k111.gii,D99_v2.IV.k111,111,IV,cerebellar lobule IV,Cerebellum,,right,archive_label_surface_right_available,Right-hemisphere GIFTI surface available in D99 tgz; GLB still needs conversion.
macaque_prototype,source/D99_v2.0_dist.tgz:D99_v2.0_dist/D99_v2.0_labels_semicolon.txt,source/D99_v2.0_dist.tgz:D99_v2.0_dist/surfs_right/D99_v2.V.k112.gii,D99_v2.V.k112,112,V,cerebellar lobule V,Cerebellum,,right,archive_label_surface_right_available,Right-hemisphere GIFTI surface available in D99 tgz; GLB still needs conversion.
macaque_prototype,source/D99_v2.0_dist.tgz:D99_v2.0_dist/D99_v2.0_labels_semicolon.txt,source/D99_v2.0_dist.tgz:D99_v2.0_dist/surfs_right/D99_v2.VI.k113.gii,D99_v2.VI.k113,113,VI,cerebellar lobule VI,Cerebellum,,right,archive_label_surface_right_available,Right-hemisphere GIFTI surface available in D99 tgz; GLB still needs conversion.
macaque_prototype,source/D99_v2.0_dist.tgz:D99_v2.0_dist/D99_v2.0_labels_semicolon.txt,source/D99_v2.0_dist.tgz:D99_v2.0_dist/surfs_right/D99_v2.VII.k114.gii,D99_v2.VII.k114,114,VII,cerebellar lobule VII,Cerebellum,,right,archive_label_surface_right_available,Right-hemisphere GIFTI surface available in D99 tgz; GLB still needs conversion.
macaque_prototype,source/D99_v2.0_dist.tgz:D99_v2.0_dist/D99_v2.0_labels_semicolon.txt,source/D99_v2.0_dist.tgz:D99_v2.0_dist/surfs_right/D99_v2.VIII.k115.gii,D99_v2.VIII.k115,115,VIII,cerebellar lobule VIII,Cerebellum,,right,archive_label_surface_right_available,Right-hemisphere GIFTI surface available in D99 tgz; GLB still needs conversion.
macaque_prototype,source/D99_v2.0_dist.tgz:D99_v2.0_dist/D99_v2.0_labels_semicolon.txt,source/D99_v2.0_dist.tgz:D99_v2.0_dist/surfs_right/D99_v2.IX.k116.gii,D99_v2.IX.k116,116,IX,cerebellar lobule IX,Cerebellum,,right,archive_label_surface_right_available,Right-hemisphere GIFTI surface available in D99 tgz; GLB still needs conversion.
macaque_prototype,source/D99_v2.0_dist.tgz:D99_v2.0_dist/D99_v2.0_labels_semicolon.txt,source/D99_v2.0_dist.tgz:D99_v2.0_dist/surfs_right/D99_v2.X.k117.gii,D99_v2.X.k117,117,X,cerebellar lobule X,Cerebellum,,right,archive_label_surface_right_available,Right-hemisphere GIFTI surface available in D99 tgz; GLB still needs conversion.
macaque_prototype,source/D99_v2.0_dist.tgz:D99_v2.0_dist/D99_v2.0_labels_semicolon.txt,source/D99_v2.0_dist.tgz:D99_v2.0_dist/surfs_right/D99_v2.Par_p.k118.gii,D99_v2.Par_p.k118,118,Par_p,paramedian lobule posterior part,Cerebellum,,right,archive_label_surface_right_available,Right-hemisphere GIFTI surface available in D99 tgz; GLB still needs conversion.
macaque_prototype,source/D99_v2.0_dist.tgz:D99_v2.0_dist/D99_v2.0_labels_semicolon.txt,source/D99_v2.0_dist.tgz:D99_v2.0_dist/surfs_right/D99_v2.Par_a.k119.gii,D99_v2.Par_a.k119,119,Par_a,paramedian lobule anterior part,Cerebellum,,right,archive_label_surface_right_available,Right-hemisphere GIFTI surface available in D99 tgz; GLB still needs conversion.
macaque_prototype,source/D99_v2.0_dist.tgz:D99_v2.0_dist/D99_v2.0_labels_semicolon.txt,source/D99_v2.0_dist.tgz:D99_v2.0_dist/surfs_right/D99_v2.Cr_II.k120.gii,D99_v2.Cr_II.k120,120,Cr_II,crus II of the ansiform lobule,Cerebellum,,right,archive_label_surface_right_available,Right-hemisphere GIFTI surface available in D99 tgz; GLB still needs conversion.
macaque_prototype,source/D99_v2.0_dist.tgz:D99_v2.0_dist/D99_v2.0_labels_semicolon.txt,source/D99_v2.0_dist.tgz:D99_v2.0_dist/surfs_right/D99_v2.Cr_I.k121.gii,D99_v2.Cr_I.k121,121,Cr_I,crus I of the ansiform lobule,Cerebellum,,right,archive_label_surface_right_available,Right-hemisphere GIFTI surface available in D99 tgz; GLB still needs conversion.
macaque_prototype,source/D99_v2.0_dist.tgz:D99_v2.0_dist/D99_v2.0_labels_semicolon.txt,source/D99_v2.0_dist.tgz:D99_v2.0_dist/surfs_right/D99_v2.RNmc.k122.gii,D99_v2.RNmc.k122,122,RNmc,"red nucleus, magnocellular division",Brainstem / Midbrain,,right,archive_label_surface_right_available,Right-hemisphere GIFTI surface available in D99 tgz; GLB still needs conversion.
macaque_prototype,source/D99_v2.0_dist.tgz:D99_v2.0_dist/D99_v2.0_labels_semicolon.txt,source/D99_v2.0_dist.tgz:D99_v2.0_dist/surfs_right/D99_v2.lPFl.k123.gii,D99_v2.lPFl.k123,123,lPFl,lateral paraflocculus,Cerebellum,,right,archive_label_surface_right_available,Right-hemisphere GIFTI surface available in D99 tgz; GLB still needs conversion.
macaque_prototype,source/D99_v2.0_dist.tgz:D99_v2.0_dist/D99_v2.0_labels_semicolon.txt,source/D99_v2.0_dist.tgz:D99_v2.0_dist/surfs_right/D99_v2.Fl.k125.gii,D99_v2.Fl.k125,125,Fl,flocculus,Cerebellum,,right,archive_label_surface_right_available,Right-hemisphere GIFTI surface available in D99 tgz; GLB still needs conversion.
macaque_prototype,source/D99_v2.0_dist.tgz:D99_v2.0_dist/D99_v2.0_labels_semicolon.txt,source/D99_v2.0_dist.tgz:D99_v2.0_dist/surfs_right/D99_v2.Sm.k126.gii,D99_v2.Sm.k126,126,Sm,stria medullaris,Fiber bundle,,right,archive_label_surface_right_available,Right-hemisphere GIFTI surface available in D99 tgz; GLB still needs conversion.
macaque_prototype,source/D99_v2.0_dist.tgz:D99_v2.0_dist/D99_v2.0_labels_semicolon.txt,source/D99_v2.0_dist.tgz:D99_v2.0_dist/surfs_right/D99_v2.pt.k127.gii,D99_v2.pt.k127,127,pt,parataenial nucleus,Thalamus / Dorsal thalamus_medial group,,right,archive_label_surface_right_available,Right-hemisphere GIFTI surface available in D99 tgz; GLB still needs conversion.
macaque_prototype,source/D99_v2.0_dist.tgz:D99_v2.0_dist/D99_v2.0_labels_semicolon.txt,source/D99_v2.0_dist.tgz:D99_v2.0_dist/surfs_right/D99_v2.AD.k128.gii,D99_v2.AD.k128,128,AD,anterior dorsal nucleus,Thalamus / Dorsal thalamus_anterior group,,right,archive_label_surface_right_available,Right-hemisphere GIFTI surface available in D99 tgz; GLB still needs conversion.
macaque_prototype,source/D99_v2.0_dist.tgz:D99_v2.0_dist/D99_v2.0_labels_semicolon.txt,source/D99_v2.0_dist.tgz:D99_v2.0_dist/surfs_right/D99_v2.pcn.k129.gii,D99_v2.pcn.k129,129,pcn,paracentral nucleus,Thalamus / Dorsal thalamus_intralaminar group,,right,archive_label_surface_right_available,Right-hemisphere GIFTI surface available in D99 tgz; GLB still needs conversion.
macaque_prototype,source/D99_v2.0_dist.tgz:D99_v2.0_dist/D99_v2.0_labels_semicolon.txt,source/D99_v2.0_dist.tgz:D99_v2.0_dist/surfs_right/D99_v2.clc.k130.gii,D99_v2.clc.k130,130,clc,central latocellular nucleus,Thalamus / Dorsal thalamus_intralaminar group,,right,archive_label_surface_right_available,Right-hemisphere GIFTI surface available in D99 tgz; GLB still needs conversion.
macaque_prototype,source/D99_v2.0_dist.tgz:D99_v2.0_dist/D99_v2.0_labels_semicolon.txt,source/D99_v2.0_dist.tgz:D99_v2.0_dist/surfs_right/D99_v2.Re.k131.gii,D99_v2.Re.k131,131,Re,reunions nucleus,Thalamus / Dorsal thalamus_medial group,,right,archive_label_surface_right_available,Right-hemisphere GIFTI surface available in D99 tgz; GLB still needs conversion.
macaque_prototype,source/D99_v2.0_dist.tgz:D99_v2.0_dist/D99_v2.0_labels_semicolon.txt,source/D99_v2.0_dist.tgz:D99_v2.0_dist/surfs_right/D99_v2.Pulo.k132.gii,D99_v2.Pulo.k132,132,Pulo,pulvinar oralis nucleus,Thalamus / Dorsal thalamus_posterior group,,right,archive_label_surface_right_available,Right-hemisphere GIFTI surface available in D99 tgz; GLB still needs conversion.
macaque_prototype,source/D99_v2.0_dist.tgz:D99_v2.0_dist/D99_v2.0_labels_semicolon.txt,source/D99_v2.0_dist.tgz:D99_v2.0_dist/surfs_right/D99_v2.PAG.k133.gii,D99_v2.PAG.k133,133,PAG,periaqueductal gray,Brainstem / Midbrain,,right,archive_label_surface_right_available,Right-hemisphere GIFTI surface available in D99 tgz; GLB still needs conversion.
macaque_prototype,source/D99_v2.0_dist.tgz:D99_v2.0_dist/D99_v2.0_labels_semicolon.txt,source/D99_v2.0_dist.tgz:D99_v2.0_dist/surfs_right/D99_v2.bsc.k134.gii,D99_v2.bsc.k134,134,bsc,brachium of superior colliculus,Fiber bundle,,right,archive_label_surface_right_available,Right-hemisphere GIFTI surface available in D99 tgz; GLB still needs conversion.
macaque_prototype,source/D99_v2.0_dist.tgz:D99_v2.0_dist/D99_v2.0_labels_semicolon.txt,source/D99_v2.0_dist.tgz:D99_v2.0_dist/surfs_right/D99_v2.ptg.k135.gii,D99_v2.ptg.k135,135,ptg,posterior thalamic group,Thalamus / Dorsal thalamus_posterior group,,right,archive_label_surface_right_available,Right-hemisphere GIFTI surface available in D99 tgz; GLB still needs conversion.
macaque_prototype,source/D99_v2.0_dist.tgz:D99_v2.0_dist/D99_v2.0_labels_semicolon.txt,source/D99_v2.0_dist.tgz:D99_v2.0_dist/surfs_right/D99_v2.Sg.k136.gii,D99_v2.Sg.k136,136,Sg,suprageniculate nucleus,Thalamus / Other thalamic region,,right,archive_label_surface_right_available,Right-hemisphere GIFTI surface available in D99 tgz; GLB still needs conversion.
macaque_prototype,source/D99_v2.0_dist.tgz:D99_v2.0_dist/D99_v2.0_labels_semicolon.txt,source/D99_v2.0_dist.tgz:D99_v2.0_dist/surfs_right/D99_v2.f.k137.gii,D99_v2.f.k137,137,f,fornix,Fiber bundle,,right,archive_label_surface_right_available,Right-hemisphere GIFTI surface available in D99 tgz; GLB still needs conversion.
macaque_prototype,source/D99_v2.0_dist.tgz:D99_v2.0_dist/D99_v2.0_labels_semicolon.txt,source/D99_v2.0_dist.tgz:D99_v2.0_dist/surfs_right/D99_v2.inc.k138.gii,D99_v2.inc.k138,138,inc,interstitial nucleus of Cajal,Brainstem / Midbrain,,right,archive_label_surface_right_available,Right-hemisphere GIFTI surface available in D99 tgz; GLB still needs conversion.
macaque_prototype,source/D99_v2.0_dist.tgz:D99_v2.0_dist/D99_v2.0_labels_semicolon.txt,source/D99_v2.0_dist.tgz:D99_v2.0_dist/surfs_right/D99_v2.nd.k139.gii,D99_v2.nd.k139,139,nd,nucleus of Darkschewitsch,Brainstem / Midbrain,,right,archive_label_surface_right_available,Right-hemisphere GIFTI surface available in D99 tgz; GLB still needs conversion.
macaque_prototype,source/D99_v2.0_dist.tgz:D99_v2.0_dist/D99_v2.0_labels_semicolon.txt,source/D99_v2.0_dist.tgz:D99_v2.0_dist/surfs_right/D99_v2.IPN.k140.gii,D99_v2.IPN.k140,140,IPN,interpeduncular nucleus,Brainstem / Midbrain,,right,archive_label_surface_right_available,Right-hemisphere GIFTI surface available in D99 tgz; GLB still needs conversion.
macaque_prototype,source/D99_v2.0_dist.tgz:D99_v2.0_dist/D99_v2.0_labels_semicolon.txt,source/D99_v2.0_dist.tgz:D99_v2.0_dist/surfs_right/D99_v2.VTA.k142.gii,D99_v2.VTA.k142,142,VTA,ventral tegmental area,Brainstem / Midbrain,,right,archive_label_surface_right_available,Right-hemisphere GIFTI surface available in D99 tgz; GLB still needs conversion.
macaque_prototype,source/D99_v2.0_dist.tgz:D99_v2.0_dist/D99_v2.0_labels_semicolon.txt,source/D99_v2.0_dist.tgz:D99_v2.0_dist/surfs_right/D99_v2.VPLo.k143.gii,D99_v2.VPLo.k143,143,VPLo,Ventral posterior lateral oral nucleus,Thalamus / Dorsal thalamus_lateral group,,right,archive_label_surface_right_available,Right-hemisphere GIFTI surface available in D99 tgz; GLB still needs conversion.
macaque_prototype,source/D99_v2.0_dist.tgz:D99_v2.0_dist/D99_v2.0_labels_semicolon.txt,source/D99_v2.0_dist.tgz:D99_v2.0_dist/surfs_right/D99_v2.mlf.k144.gii,D99_v2.mlf.k144,144,mlf,medial longitudinal fasciculus,Fiber bundle,,right,archive_label_surface_right_available,Right-hemisphere GIFTI surface available in D99 tgz; GLB still needs conversion.
macaque_prototype,source/D99_v2.0_dist.tgz:D99_v2.0_dist/D99_v2.0_labels_semicolon.txt,source/D99_v2.0_dist.tgz:D99_v2.0_dist/surfs_right/D99_v2.SCPX.k145.gii,D99_v2.SCPX.k145,145,SCPX,superior cerebellar peduncle decussation,Fiber bundle,,right,archive_label_surface_right_available,Right-hemisphere GIFTI surface available in D99 tgz; GLB still needs conversion.
macaque_prototype,source/D99_v2.0_dist.tgz:D99_v2.0_dist/D99_v2.0_labels_semicolon.txt,source/D99_v2.0_dist.tgz:D99_v2.0_dist/surfs_right/D99_v2.gf.k147.gii,D99_v2.gf.k147,147,gf,gracile fasciculus,Fiber bundle,,right,archive_label_surface_right_available,Right-hemisphere GIFTI surface available in D99 tgz; GLB still needs conversion.
macaque_prototype,source/D99_v2.0_dist.tgz:D99_v2.0_dist/D99_v2.0_labels_semicolon.txt,source/D99_v2.0_dist.tgz:D99_v2.0_dist/surfs_right/D99_v2.ml.k148.gii,D99_v2.ml.k148,148,ml,medial lemniscus,Fiber bundle,,right,archive_label_surface_right_available,Right-hemisphere GIFTI surface available in D99 tgz; GLB still needs conversion.
macaque_prototype,source/D99_v2.0_dist.tgz:D99_v2.0_dist/D99_v2.0_labels_semicolon.txt,source/D99_v2.0_dist.tgz:D99_v2.0_dist/surfs_right/D99_v2.tb.k149.gii,D99_v2.tb.k149,149,tb,trapezoid body,Fiber bundle,,right,archive_label_surface_right_available,Right-hemisphere GIFTI surface available in D99 tgz; GLB still needs conversion.
macaque_prototype,source/D99_v2.0_dist.tgz:D99_v2.0_dist/D99_v2.0_labels_semicolon.txt,source/D99_v2.0_dist.tgz:D99_v2.0_dist/surfs_right/D99_v2.pcf_sd.k151.gii,D99_v2.pcf_sd.k151,151,pcf_sd,"pontocerebellar fibers, superficial and deeper parts",Fiber bundle,,right,archive_label_surface_right_available,Right-hemisphere GIFTI surface available in D99 tgz; GLB still needs conversion.
macaque_prototype,source/D99_v2.0_dist.tgz:D99_v2.0_dist/D99_v2.0_labels_semicolon.txt,source/D99_v2.0_dist.tgz:D99_v2.0_dist/surfs_right/D99_v2.cf.k152.gii,D99_v2.cf.k152,152,cf,cuneate fasciculus,Fiber bundle,,right,archive_label_surface_right_available,Right-hemisphere GIFTI surface available in D99 tgz; GLB still needs conversion.
macaque_prototype,source/D99_v2.0_dist.tgz:D99_v2.0_dist/D99_v2.0_labels_semicolon.txt,source/D99_v2.0_dist.tgz:D99_v2.0_dist/surfs_right/D99_v2.SCP.k153.gii,D99_v2.SCP.k153,153,SCP,superior cerebellar peduncle,Fiber bundle,,right,archive_label_surface_right_available,Right-hemisphere GIFTI surface available in D99 tgz; GLB still needs conversion.
macaque_prototype,source/D99_v2.0_dist.tgz:D99_v2.0_dist/D99_v2.0_labels_semicolon.txt,source/D99_v2.0_dist.tgz:D99_v2.0_dist/surfs_right/D99_v2.pc.k154.gii,D99_v2.pc.k154,154,pc,posterior commissure,Fiber bundle,,right,archive_label_surface_right_available,Right-hemisphere GIFTI surface available in D99 tgz; GLB still needs conversion.
macaque_prototype,source/D99_v2.0_dist.tgz:D99_v2.0_dist/D99_v2.0_labels_semicolon.txt,source/D99_v2.0_dist.tgz:D99_v2.0_dist/surfs_right/D99_v2.ic_CP_CST_CBT.k157.gii,D99_v2.ic_CP_CST_CBT.k157,157,ic_CP_CST_CBT,"internal capsule, cerebral peduncle, corticospinal, or corticobulbar tract",Fiber bundle,,right,archive_label_surface_right_available,Right-hemisphere GIFTI surface available in D99 tgz; GLB still needs conversion.
macaque_prototype,source/D99_v2.0_dist.tgz:D99_v2.0_dist/D99_v2.0_labels_semicolon.txt,source/D99_v2.0_dist.tgz:D99_v2.0_dist/surfs_right/D99_v2.PN.k159.gii,D99_v2.PN.k159,159,PN,pontine nuclei,Brainstem / Midbrain,,right,archive_label_surface_right_available,Right-hemisphere GIFTI surface available in D99 tgz; GLB still needs conversion.
macaque_prototype,source/D99_v2.0_dist.tgz:D99_v2.0_dist/D99_v2.0_labels_semicolon.txt,source/D99_v2.0_dist.tgz:D99_v2.0_dist/surfs_right/D99_v2.POA.k160.gii,D99_v2.POA.k160,160,POA,preoptic area,Hypothalamus / anterior group,,right,archive_label_surface_right_available,Right-hemisphere GIFTI surface available in D99 tgz; GLB still needs conversion.
macaque_prototype,source/D99_v2.0_dist.tgz:D99_v2.0_dist/D99_v2.0_labels_semicolon.txt,source/D99_v2.0_dist.tgz:D99_v2.0_dist/surfs_right/D99_v2.PVN.k161.gii,D99_v2.PVN.k161,161,PVN,paraventricular nucleus,Hypothalamus / anterior group,,right,archive_label_surface_right_available,Right-hemisphere GIFTI surface available in D99 tgz; GLB still needs conversion.
macaque_prototype,source/D99_v2.0_dist.tgz:D99_v2.0_dist/D99_v2.0_labels_semicolon.txt,source/D99_v2.0_dist.tgz:D99_v2.0_dist/surfs_right/D99_v2.SON.k162.gii,D99_v2.SON.k162,162,SON,supraoptic nucleus,Hypothalamus / anterior group,,right,archive_label_surface_right_available,Right-hemisphere GIFTI surface available in D99 tgz; GLB still needs conversion.
macaque_prototype,source/D99_v2.0_dist.tgz:D99_v2.0_dist/D99_v2.0_labels_semicolon.txt,source/D99_v2.0_dist.tgz:D99_v2.0_dist/surfs_right/D99_v2.SCN.k163.gii,D99_v2.SCN.k163,163,SCN,suprachiasmatic nucleus,Hypothalamus / anterior group,,right,archive_label_surface_right_available,Right-hemisphere GIFTI surface available in D99 tgz; GLB still needs conversion.
macaque_prototype,source/D99_v2.0_dist.tgz:D99_v2.0_dist/D99_v2.0_labels_semicolon.txt,source/D99_v2.0_dist.tgz:D99_v2.0_dist/surfs_right/D99_v2.DM.k164.gii,D99_v2.DM.k164,164,DM,dorsomedial hypothalamic nucleus,Hypothalamus / Middle (Tuberal and medial) group,,right,archive_label_surface_right_available,Right-hemisphere GIFTI surface available in D99 tgz; GLB still needs conversion.
macaque_prototype,source/D99_v2.0_dist.tgz:D99_v2.0_dist/D99_v2.0_labels_semicolon.txt,source/D99_v2.0_dist.tgz:D99_v2.0_dist/surfs_right/D99_v2.VM.k165.gii,D99_v2.VM.k165,165,VM,ventromedial hypothalamic nucleus,Hypothalamus / Middle (Tuberal and medial) group,,right,archive_label_surface_right_available,Right-hemisphere GIFTI surface available in D99 tgz; GLB still needs conversion.
macaque_prototype,source/D99_v2.0_dist.tgz:D99_v2.0_dist/D99_v2.0_labels_semicolon.txt,source/D99_v2.0_dist.tgz:D99_v2.0_dist/surfs_right/D99_v2.LT.k166.gii,D99_v2.LT.k166,166,LT,lateral hypothalamic nucleus,Hypothalamus / Middle (Tuberal and medial) group,,right,archive_label_surface_right_available,Right-hemisphere GIFTI surface available in D99 tgz; GLB still needs conversion.
macaque_prototype,source/D99_v2.0_dist.tgz:D99_v2.0_dist/D99_v2.0_labels_semicolon.txt,source/D99_v2.0_dist.tgz:D99_v2.0_dist/surfs_right/D99_v2.Arh.k167.gii,D99_v2.Arh.k167,167,Arh,arcuate hypothalamic nucleus,Hypothalamus / Middle (Tuberal and medial) group,,right,archive_label_surface_right_available,Right-hemisphere GIFTI surface available in D99 tgz; GLB still needs conversion.
macaque_prototype,source/D99_v2.0_dist.tgz:D99_v2.0_dist/D99_v2.0_labels_semicolon.txt,source/D99_v2.0_dist.tgz:D99_v2.0_dist/surfs_right/D99_v2.SONt.k168.gii,D99_v2.SONt.k168,168,SONt,"supraoptic nucleus, tuberal region",Hypothalamus / Middle (Tuberal and medial) group,,right,archive_label_surface_right_available,Right-hemisphere GIFTI surface available in D99 tgz; GLB still needs conversion.
macaque_prototype,source/D99_v2.0_dist.tgz:D99_v2.0_dist/D99_v2.0_labels_semicolon.txt,source/D99_v2.0_dist.tgz:D99_v2.0_dist/surfs_right/D99_v2.PMN.k170.gii,D99_v2.PMN.k170,170,PMN,paramammillary nucleus,Hypothalamus / Posterior group,,right,archive_label_surface_right_available,Right-hemisphere GIFTI surface available in D99 tgz; GLB still needs conversion.
macaque_prototype,source/D99_v2.0_dist.tgz:D99_v2.0_dist/D99_v2.0_labels_semicolon.txt,source/D99_v2.0_dist.tgz:D99_v2.0_dist/D99_atlas_v2.0_right.nii.gz,171_H2,171,H2,H2 field of Forel,Fiber bundle,,,archive_label_volume_available,No right-hemisphere GIFTI surface in D99 tgz; use right atlas volume member for extraction.
macaque_prototype,source/D99_v2.0_dist.tgz:D99_v2.0_dist/D99_v2.0_labels_semicolon.txt,source/D99_v2.0_dist.tgz:D99_v2.0_dist/surfs_right/D99_v2.iml.k175.gii,D99_v2.iml.k175,175,iml,internal medullary lamina,Fiber bundle,,right,archive_label_surface_right_available,Right-hemisphere GIFTI surface available in D99 tgz; GLB still needs conversion.
macaque_prototype,source/D99_v2.0_dist.tgz:D99_v2.0_dist/D99_v2.0_labels_semicolon.txt,source/D99_v2.0_dist.tgz:D99_v2.0_dist/surfs_right/D99_v2.cir.k176.gii,D99_v2.cir.k176,176,cir,central lineal nucleus of the raphe,Brainstem / Midbrain,,right,archive_label_surface_right_available,Right-hemisphere GIFTI surface available in D99 tgz; GLB still needs conversion.
macaque_prototype,source/D99_v2.0_dist.tgz:D99_v2.0_dist/D99_v2.0_labels_semicolon.txt,source/D99_v2.0_dist.tgz:D99_v2.0_dist/surfs_right/D99_v2.MR.k177.gii,D99_v2.MR.k177,177,MR,median raphe,Brainstem / Midbrain,,right,archive_label_surface_right_available,Right-hemisphere GIFTI surface available in D99 tgz; GLB still needs conversion.
macaque_prototype,source/D99_v2.0_dist.tgz:D99_v2.0_dist/D99_v2.0_labels_semicolon.txt,source/D99_v2.0_dist.tgz:D99_v2.0_dist/surfs_right/D99_v2.NRTP.k178.gii,D99_v2.NRTP.k178,178,NRTP,nucleus reticularis tegmenti pontis,Brainstem / Midbrain,,right,archive_label_surface_right_available,Right-hemisphere GIFTI surface available in D99 tgz; GLB still needs conversion.
macaque_prototype,source/D99_v2.0_dist.tgz:D99_v2.0_dist/D99_v2.0_labels_semicolon.txt,source/D99_v2.0_dist.tgz:D99_v2.0_dist/surfs_right/D99_v2.RMTg.k179.gii,D99_v2.RMTg.k179,179,RMTg,rostromedial tegmental nucleus,Brainstem / Midbrain,,right,archive_label_surface_right_available,Right-hemisphere GIFTI surface available in D99 tgz; GLB still needs conversion.
macaque_prototype,source/D99_v2.0_dist.tgz:D99_v2.0_dist/D99_v2.0_labels_semicolon.txt,source/D99_v2.0_dist.tgz:D99_v2.0_dist/surfs_right/D99_v2.vnll.k180.gii,D99_v2.vnll.k180,180,vnll,ventral nucleus of lateral lemniscus,Brainstem / Midbrain,,right,archive_label_surface_right_available,Right-hemisphere GIFTI surface available in D99 tgz; GLB still needs conversion.
macaque_prototype,source/D99_v2.0_dist.tgz:D99_v2.0_dist/D99_v2.0_labels_semicolon.txt,source/D99_v2.0_dist.tgz:D99_v2.0_dist/surfs_right/D99_v2.dnll.k181.gii,D99_v2.dnll.k181,181,dnll,dorsal nucleus of lateral lemniscus,Brainstem / Midbrain,,right,archive_label_surface_right_available,Right-hemisphere GIFTI surface available in D99 tgz; GLB still needs conversion.
macaque_prototype,source/D99_v2.0_dist.tgz:D99_v2.0_dist/D99_v2.0_labels_semicolon.txt,source/D99_v2.0_dist.tgz:D99_v2.0_dist/surfs_right/D99_v2.bic.k182.gii,D99_v2.bic.k182,182,bic,brachium of inferior colliculus,Fiber bundle,,right,archive_label_surface_right_available,Right-hemisphere GIFTI surface available in D99 tgz; GLB still needs conversion.
macaque_prototype,source/D99_v2.0_dist.tgz:D99_v2.0_dist/D99_v2.0_labels_semicolon.txt,source/D99_v2.0_dist.tgz:D99_v2.0_dist/surfs_right/D99_v2.nbic.k183.gii,D99_v2.nbic.k183,183,nbic,nucleus of brachium of inferior colliculus,Brainstem / Midbrain,,right,archive_label_surface_right_available,Right-hemisphere GIFTI surface available in D99 tgz; GLB still needs conversion.
macaque_prototype,source/D99_v2.0_dist.tgz:D99_v2.0_dist/D99_v2.0_labels_semicolon.txt,source/D99_v2.0_dist.tgz:D99_v2.0_dist/surfs_right/D99_v2.pbgn.k184.gii,D99_v2.pbgn.k184,184,pbgn,parabigeminal nucleus,Brainstem / Midbrain,,right,archive_label_surface_right_available,Right-hemisphere GIFTI surface available in D99 tgz; GLB still needs conversion.
macaque_prototype,source/D99_v2.0_dist.tgz:D99_v2.0_dist/D99_v2.0_labels_semicolon.txt,source/D99_v2.0_dist.tgz:D99_v2.0_dist/surfs_right/D99_v2.ll.k185.gii,D99_v2.ll.k185,185,ll,lateral lemniscus,Fiber bundle,,right,archive_label_surface_right_available,Right-hemisphere GIFTI surface available in D99 tgz; GLB still needs conversion.
macaque_prototype,source/D99_v2.0_dist.tgz:D99_v2.0_dist/D99_v2.0_labels_semicolon.txt,source/D99_v2.0_dist.tgz:D99_v2.0_dist/surfs_right/D99_v2.riMLF.k186.gii,D99_v2.riMLF.k186,186,riMLF,rostral interstitial nucleus of medial longitudinal fasciculus,Brainstem / Midbrain,,right,archive_label_surface_right_available,Right-hemisphere GIFTI surface available in D99 tgz; GLB still needs conversion.
macaque_prototype,source/D99_v2.0_dist.tgz:D99_v2.0_dist/D99_v2.0_labels_semicolon.txt,source/D99_v2.0_dist.tgz:D99_v2.0_dist/surfs_right/D99_v2.S4.k188.gii,D99_v2.S4.k188,188,S4,supra trochlear nucleus,Brainstem / Midbrain,,right,archive_label_surface_right_available,Right-hemisphere GIFTI surface available in D99 tgz; GLB still needs conversion.
macaque_prototype,source/D99_v2.0_dist.tgz:D99_v2.0_dist/D99_v2.0_labels_semicolon.txt,source/D99_v2.0_dist.tgz:D99_v2.0_dist/surfs_right/D99_v2.ldtn.k189.gii,D99_v2.ldtn.k189,189,ldtn,lateral dorsal tegmental nucleus,Brainstem / Midbrain,,right,archive_label_surface_right_available,Right-hemisphere GIFTI surface available in D99 tgz; GLB still needs conversion.
macaque_prototype,source/D99_v2.0_dist.tgz:D99_v2.0_dist/D99_v2.0_labels_semicolon.txt,source/D99_v2.0_dist.tgz:D99_v2.0_dist/surfs_right/D99_v2.MTT.k190.gii,D99_v2.MTT.k190,190,MTT,mammillothalamic tract,Fiber bundle,,right,archive_label_surface_right_available,Right-hemisphere GIFTI surface available in D99 tgz; GLB still needs conversion.
macaque_prototype,source/D99_v2.0_dist.tgz:D99_v2.0_dist/D99_v2.0_labels_semicolon.txt,source/D99_v2.0_dist.tgz:D99_v2.0_dist/surfs_right/D99_v2.SMN.k191.gii,D99_v2.SMN.k191,191,SMN,supramammillary nucleus,Hypothalamus / Posterior group,,right,archive_label_surface_right_available,Right-hemisphere GIFTI surface available in D99 tgz; GLB still needs conversion.
macaque_prototype,source/D99_v2.0_dist.tgz:D99_v2.0_dist/D99_v2.0_labels_semicolon.txt,source/D99_v2.0_dist.tgz:D99_v2.0_dist/surfs_right/D99_v2.PeMN.k192.gii,D99_v2.PeMN.k192,192,PeMN,perimammillary nucleus,Hypothalamus / Posterior group,,right,archive_label_surface_right_available,Right-hemisphere GIFTI surface available in D99 tgz; GLB still needs conversion.
macaque_prototype,source/D99_v2.0_dist.tgz:D99_v2.0_dist/D99_v2.0_labels_semicolon.txt,source/D99_v2.0_dist.tgz:D99_v2.0_dist/surfs_right/D99_v2.TCA.k193.gii,D99_v2.TCA.k193,193,TCA,tuber cinereum area,Hypothalamus / Middle (Tuberal and medial) group,,right,archive_label_surface_right_available,Right-hemisphere GIFTI surface available in D99 tgz; GLB still needs conversion.
macaque_prototype,source/D99_v2.0_dist.tgz:D99_v2.0_dist/D99_v2.0_labels_semicolon.txt,source/D99_v2.0_dist.tgz:D99_v2.0_dist/surfs_right/D99_v2.TMN.k194.gii,D99_v2.TMN.k194,194,TMN,tuberomammillary nucleus,Hypothalamus / Middle (Tuberal and medial) group,,right,archive_label_surface_right_available,Right-hemisphere GIFTI surface available in D99 tgz; GLB still needs conversion.
macaque_prototype,source/D99_v2.0_dist.tgz:D99_v2.0_dist/D99_v2.0_labels_semicolon.txt,source/D99_v2.0_dist.tgz:D99_v2.0_dist/surfs_right/D99_v2.PHN.k195.gii,D99_v2.PHN.k195,195,PHN,posterior hypothalamic nucleus,Hypothalamus / Middle (Tuberal and medial) group,,right,archive_label_surface_right_available,Right-hemisphere GIFTI surface available in D99 tgz; GLB still needs conversion.
macaque_prototype,source/D99_v2.0_dist.tgz:D99_v2.0_dist/D99_v2.0_labels_semicolon.txt,source/D99_v2.0_dist.tgz:D99_v2.0_dist/surfs_right/D99_v2.BSTM.k196.gii,D99_v2.BSTM.k196,196,BSTM,medial bed nucleus of stria terminalis,Bed nucleus of stria terminalis,,right,archive_label_surface_right_available,Right-hemisphere GIFTI surface available in D99 tgz; GLB still needs conversion.
macaque_prototype,source/D99_v2.0_dist.tgz:D99_v2.0_dist/D99_v2.0_labels_semicolon.txt,source/D99_v2.0_dist.tgz:D99_v2.0_dist/surfs_right/D99_v2.BSTLcn.k197.gii,D99_v2.BSTLcn.k197,197,BSTLcn,"lateral bed nucleus of stria terminalis, central subdivision",Bed nucleus of stria terminalis,,right,archive_label_surface_right_available,Right-hemisphere GIFTI surface available in D99 tgz; GLB still needs conversion.
macaque_prototype,source/D99_v2.0_dist.tgz:D99_v2.0_dist/D99_v2.0_labels_semicolon.txt,source/D99_v2.0_dist.tgz:D99_v2.0_dist/surfs_right/D99_v2.BSTP.k198.gii,D99_v2.BSTP.k198,198,BSTP,posterior bed nucleus of stria terminalis,Bed nucleus of stria terminalis,,right,archive_label_surface_right_available,Right-hemisphere GIFTI surface available in D99 tgz; GLB still needs conversion.
macaque_prototype,source/D99_v2.0_dist.tgz:D99_v2.0_dist/D99_v2.0_labels_semicolon.txt,source/D99_v2.0_dist.tgz:D99_v2.0_dist/surfs_right/D99_v2.BSTD.k199.gii,D99_v2.BSTD.k199,199,BSTD,dorsal bed nucleus of stria terminalis,Bed nucleus of stria terminalis,,right,archive_label_surface_right_available,Right-hemisphere GIFTI surface available in D99 tgz; GLB still needs conversion.
macaque_prototype,source/D99_v2.0_dist.tgz:D99_v2.0_dist/D99_v2.0_labels_semicolon.txt,source/D99_v2.0_dist.tgz:D99_v2.0_dist/surfs_right/D99_v2.BSTLc.k200.gii,D99_v2.BSTLc.k200,200,BSTLc,"lateral bed nucleus of stria terminalis, capsular subdivision",Bed nucleus of stria terminalis,,right,archive_label_surface_right_available,Right-hemisphere GIFTI surface available in D99 tgz; GLB still needs conversion.
macaque_prototype,source/D99_v2.0_dist.tgz:D99_v2.0_dist/D99_v2.0_labels_semicolon.txt,source/D99_v2.0_dist.tgz:D99_v2.0_dist/surfs_right/D99_v2.BSTLj.k201.gii,D99_v2.BSTLj.k201,201,BSTLj,"lateral bed nucleus of stria terminalis, juxtacapsular subdivision",Bed nucleus of stria terminalis,,right,archive_label_surface_right_available,Right-hemisphere GIFTI surface available in D99 tgz; GLB still needs conversion.
macaque_prototype,source/D99_v2.0_dist.tgz:D99_v2.0_dist/D99_v2.0_labels_semicolon.txt,source/D99_v2.0_dist.tgz:D99_v2.0_dist/surfs_right/D99_v2.Ch2.k202.gii,D99_v2.Ch2.k202,202,Ch2,Cholinergic cell group 2 (nucleus of vertical limb of the diagonal band),Basal forebrain,,right,archive_label_surface_right_available,Right-hemisphere GIFTI surface available in D99 tgz; GLB still needs conversion.
macaque_prototype,source/D99_v2.0_dist.tgz:D99_v2.0_dist/D99_v2.0_labels_semicolon.txt,source/D99_v2.0_dist.tgz:D99_v2.0_dist/surfs_right/D99_v2.Ch3.k203.gii,D99_v2.Ch3.k203,203,Ch3,Cholinergic cell group 3 (nucleus of horizontal limb of the diagonal band),Basal forebrain,,right,archive_label_surface_right_available,Right-hemisphere GIFTI surface available in D99 tgz; GLB still needs conversion.
macaque_prototype,source/D99_v2.0_dist.tgz:D99_v2.0_dist/D99_v2.0_labels_semicolon.txt,source/D99_v2.0_dist.tgz:D99_v2.0_dist/surfs_right/D99_v2.Ch4_al.k204.gii,D99_v2.Ch4_al.k204,204,Ch4_al,"Cholinergic cell group 4, anterior lateral division (nucleus basalis of Meynert)",Basal forebrain,,right,archive_label_surface_right_available,Right-hemisphere GIFTI surface available in D99 tgz; GLB still needs conversion.
macaque_prototype,source/D99_v2.0_dist.tgz:D99_v2.0_dist/D99_v2.0_labels_semicolon.txt,source/D99_v2.0_dist.tgz:D99_v2.0_dist/surfs_right/D99_v2.Ch4_am.k205.gii,D99_v2.Ch4_am.k205,205,Ch4_am,"Cholinergic cell group 4, anterior medial division (nucleus basalis of Meynert)",Basal forebrain,,right,archive_label_surface_right_available,Right-hemisphere GIFTI surface available in D99 tgz; GLB still needs conversion.
macaque_prototype,source/D99_v2.0_dist.tgz:D99_v2.0_dist/D99_v2.0_labels_semicolon.txt,source/D99_v2.0_dist.tgz:D99_v2.0_dist/surfs_right/D99_v2.Ch4_id.k206.gii,D99_v2.Ch4_id.k206,206,Ch4_id,"Cholinergic cell group 4, intermedio-dorsal division (nucleus basalis of Meynert)",Basal forebrain,,right,archive_label_surface_right_available,Right-hemisphere GIFTI surface available in D99 tgz; GLB still needs conversion.
macaque_prototype,source/D99_v2.0_dist.tgz:D99_v2.0_dist/D99_v2.0_labels_semicolon.txt,source/D99_v2.0_dist.tgz:D99_v2.0_dist/surfs_right/D99_v2.Ch4_iv.k207.gii,D99_v2.Ch4_iv.k207,207,Ch4_iv,"Cholinergic cell group 4, intermedio-ventral division (nucleus basalis of Meynert)",Basal forebrain,,right,archive_label_surface_right_available,Right-hemisphere GIFTI surface available in D99 tgz; GLB still needs conversion.
macaque_prototype,source/D99_v2.0_dist.tgz:D99_v2.0_dist/D99_v2.0_labels_semicolon.txt,source/D99_v2.0_dist.tgz:D99_v2.0_dist/surfs_right/D99_v2.Ch4_p.k208.gii,D99_v2.Ch4_p.k208,208,Ch4_p,"Cholinergic cell group 4, posterior division",Basal forebrain,,right,archive_label_surface_right_available,Right-hemisphere GIFTI surface available in D99 tgz; GLB still needs conversion.
macaque_prototype,source/D99_v2.0_dist.tgz:D99_v2.0_dist/D99_v2.0_labels_semicolon.txt,source/D99_v2.0_dist.tgz:D99_v2.0_dist/surfs_right/D99_v2.Ch1.k209.gii,D99_v2.Ch1.k209,209,Ch1,Cholinergic cell group 1,Basal forebrain,,right,archive_label_surface_right_available,Right-hemisphere GIFTI surface available in D99 tgz; GLB still needs conversion.
macaque_prototype,source/D99_v2.0_dist.tgz:D99_v2.0_dist/D99_v2.0_labels_semicolon.txt,source/D99_v2.0_dist.tgz:D99_v2.0_dist/surfs_right/D99_v2.OT.k210.gii,D99_v2.OT.k210,210,OT,olfactory tubercle,Basal ganglia / Striatum_ventral striatum,,right,archive_label_surface_right_available,Right-hemisphere GIFTI surface available in D99 tgz; GLB still needs conversion.
macaque_prototype,source/D99_v2.0_dist.tgz:D99_v2.0_dist/D99_v2.0_labels_semicolon.txt,source/D99_v2.0_dist.tgz:D99_v2.0_dist/surfs_right/D99_v2.mb.k211.gii,D99_v2.mb.k211,211,mb,Muratoff bundle,Fiber bundle,,right,archive_label_surface_right_available,Right-hemisphere GIFTI surface available in D99 tgz; GLB still needs conversion.
macaque_prototype,source/D99_v2.0_dist.tgz:D99_v2.0_dist/D99_v2.0_labels_semicolon.txt,source/D99_v2.0_dist.tgz:D99_v2.0_dist/surfs_right/D99_v2.H2.k212.gii,D99_v2.H2.k212,212,H2,H2 field of Forel,Fiber bundle,,right,archive_label_surface_right_available,Right-hemisphere GIFTI surface available in D99 tgz; GLB still needs conversion.
macaque_prototype,source/D99_v2.0_dist.tgz:D99_v2.0_dist/D99_v2.0_labels_semicolon.txt,source/D99_v2.0_dist.tgz:D99_v2.0_dist/surfs_right/D99_v2.H1.k213.gii,D99_v2.H1.k213,213,H1,H1 field of Forel,Fiber bundle,,right,archive_label_surface_right_available,Right-hemisphere GIFTI surface available in D99 tgz; GLB still needs conversion.
macaque_prototype,source/D99_v2.0_dist.tgz:D99_v2.0_dist/D99_v2.0_labels_semicolon.txt,source/D99_v2.0_dist.tgz:D99_v2.0_dist/surfs_right/D99_v2.lf_al.k215.gii,D99_v2.lf_al.k215,215,lf_al,lenticular fasciculus and ansa lenticularis,Fiber bundle,,right,archive_label_surface_right_available,Right-hemisphere GIFTI surface available in D99 tgz; GLB still needs conversion.
macaque_prototype,source/D99_v2.0_dist.tgz:D99_v2.0_dist/D99_v2.0_labels_semicolon.txt,source/D99_v2.0_dist.tgz:D99_v2.0_dist/surfs_right/D99_v2.ICP.k216.gii,D99_v2.ICP.k216,216,ICP,inferior cerebellar peduncle,Fiber bundle,,right,archive_label_surface_right_available,Right-hemisphere GIFTI surface available in D99 tgz; GLB still needs conversion.
macaque_prototype,source/D99_v2.0_dist.tgz:D99_v2.0_dist/D99_v2.0_labels_semicolon.txt,source/D99_v2.0_dist.tgz:D99_v2.0_dist/surfs_right/D99_v2.MCP.k217.gii,D99_v2.MCP.k217,217,MCP,middle cerebellar peduncle,Fiber bundle,,right,archive_label_surface_right_available,Right-hemisphere GIFTI surface available in D99 tgz; GLB still needs conversion.
macaque_prototype,source/D99_v2.0_dist.tgz:D99_v2.0_dist/D99_v2.0_labels_semicolon.txt,source/D99_v2.0_dist.tgz:D99_v2.0_dist/surfs_right/D99_v2.lc.k218.gii,D99_v2.lc.k218,218,lc,locus coeruleus,Brainstem / Pons,,right,archive_label_surface_right_available,Right-hemisphere GIFTI surface available in D99 tgz; GLB still needs conversion.
macaque_prototype,source/D99_v2.0_dist.tgz:D99_v2.0_dist/D99_v2.0_labels_semicolon.txt,source/D99_v2.0_dist.tgz:D99_v2.0_dist/surfs_right/D99_v2.MC5_t.k219.gii,D99_v2.MC5_t.k219,219,MC5_t,mesencephalic trigeminal tract,Fiber bundle,,right,archive_label_surface_right_available,Right-hemisphere GIFTI surface available in D99 tgz; GLB still needs conversion.
macaque_prototype,source/D99_v2.0_dist.tgz:D99_v2.0_dist/D99_v2.0_labels_semicolon.txt,source/D99_v2.0_dist.tgz:D99_v2.0_dist/surfs_right/D99_v2.MC5_nu.k220.gii,D99_v2.MC5_nu.k220,220,MC5_nu,mesencephalic trigeminal nucleus,Brainstem / Pons,,right,archive_label_surface_right_available,Right-hemisphere GIFTI surface available in D99 tgz; GLB still needs conversion.
macaque_prototype,source/D99_v2.0_dist.tgz:D99_v2.0_dist/D99_v2.0_labels_semicolon.txt,source/D99_v2.0_dist.tgz:D99_v2.0_dist/surfs_right/D99_v2.PBN.k221.gii,D99_v2.PBN.k221,221,PBN,parabrachial nucleus,Brainstem / Pons,,right,archive_label_surface_right_available,Right-hemisphere GIFTI surface available in D99 tgz; GLB still needs conversion.
macaque_prototype,source/D99_v2.0_dist.tgz:D99_v2.0_dist/D99_v2.0_labels_semicolon.txt,source/D99_v2.0_dist.tgz:D99_v2.0_dist/surfs_right/D99_v2.Sim_a.k222.gii,D99_v2.Sim_a.k222,222,Sim_a,anterior part of the simple lobule,Cerebellum,,right,archive_label_surface_right_available,Right-hemisphere GIFTI surface available in D99 tgz; GLB still needs conversion.
macaque_prototype,source/D99_v2.0_dist.tgz:D99_v2.0_dist/D99_v2.0_labels_semicolon.txt,source/D99_v2.0_dist.tgz:D99_v2.0_dist/surfs_right/D99_v2.Sim_p.k223.gii,D99_v2.Sim_p.k223,223,Sim_p,posterior part of the simple lobule,Cerebellum,,right,archive_label_surface_right_available,Right-hemisphere GIFTI surface available in D99 tgz; GLB still needs conversion.
macaque_prototype,source/D99_v2.0_dist.tgz:D99_v2.0_dist/D99_v2.0_labels_semicolon.txt,source/D99_v2.0_dist.tgz:D99_v2.0_dist/surfs_right/D99_v2.dPFl.k224.gii,D99_v2.dPFl.k224,224,dPFl,dorsal paraflocculus,Cerebellum,,right,archive_label_surface_right_available,Right-hemisphere GIFTI surface available in D99 tgz; GLB still needs conversion.
macaque_prototype,source/D99_v2.0_dist.tgz:D99_v2.0_dist/D99_v2.0_labels_semicolon.txt,source/D99_v2.0_dist.tgz:D99_v2.0_dist/surfs_right/D99_v2.vPFl.k225.gii,D99_v2.vPFl.k225,225,vPFl,ventral paraflocculus,Cerebellum,,right,archive_label_surface_right_available,Right-hemisphere GIFTI surface available in D99 tgz; GLB still needs conversion.
macaque_prototype,source/D99_v2.0_dist.tgz:D99_v2.0_dist/D99_v2.0_labels_semicolon.txt,source/D99_v2.0_dist.tgz:D99_v2.0_dist/surfs_right/D99_v2.DR.k226.gii,D99_v2.DR.k226,226,DR,dorsal raphe,Brainstem / Midbrain,,right,archive_label_surface_right_available,Right-hemisphere GIFTI surface available in D99 tgz; GLB still needs conversion.
macaque_prototype,source/D99_v2.0_dist.tgz:D99_v2.0_dist/D99_v2.0_labels_semicolon.txt,source/D99_v2.0_dist.tgz:D99_v2.0_dist/surfs_right/D99_v2.DTg.k227.gii,D99_v2.DTg.k227,227,DTg,dorsal tegmentum,Brainstem / Midbrain,,right,archive_label_surface_right_available,Right-hemisphere GIFTI surface available in D99 tgz; GLB still needs conversion.
macaque_prototype,source/D99_v2.0_dist.tgz:D99_v2.0_dist/D99_v2.0_labels_semicolon.txt,source/D99_v2.0_dist.tgz:D99_v2.0_dist/surfs_right/D99_v2.cif.k228.gii,D99_v2.cif.k228,228,cif,central inferior nucleus,Thalamus / Dorsal thalamus_intralaminar group,,right,archive_label_surface_right_available,Right-hemisphere GIFTI surface available in D99 tgz; GLB still needs conversion.
macaque_prototype,source/D99_v2.0_dist.tgz:D99_v2.0_dist/D99_v2.0_labels_semicolon.txt,source/D99_v2.0_dist.tgz:D99_v2.0_dist/surfs_right/D99_v2.cdc.k229.gii,D99_v2.cdc.k229,229,cdc,central dorsocellular nucleus,Thalamus / Dorsal thalamus_intralaminar group,,right,archive_label_surface_right_available,Right-hemisphere GIFTI surface available in D99 tgz; GLB still needs conversion.
macaque_prototype,source/D99_v2.0_dist.tgz:D99_v2.0_dist/D99_v2.0_labels_semicolon.txt,source/D99_v2.0_dist.tgz:D99_v2.0_dist/surfs_right/D99_v2.AN.k230.gii,D99_v2.AN.k230,230,AN,ambiguus nucleus,Brainstem / Medulla,,right,archive_label_surface_right_available,Right-hemisphere GIFTI surface available in D99 tgz; GLB still needs conversion.
macaque_prototype,source/D99_v2.0_dist.tgz:D99_v2.0_dist/D99_v2.0_labels_semicolon.txt,source/D99_v2.0_dist.tgz:D99_v2.0_dist/surfs_right/D99_v2.stt.k231.gii,D99_v2.stt.k231,231,stt,spinal trigeminal tract_5th,Brainstem / pons and medulla,,right,archive_label_surface_right_available,Right-hemisphere GIFTI surface available in D99 tgz; GLB still needs conversion.
macaque_prototype,source/D99_v2.0_dist.tgz:D99_v2.0_dist/D99_v2.0_labels_semicolon.txt,source/D99_v2.0_dist.tgz:D99_v2.0_dist/surfs_right/D99_v2.lrn.k232.gii,D99_v2.lrn.k232,232,lrn,lateral reticular nucleus,Brainstem / Medulla,,right,archive_label_surface_right_available,Right-hemisphere GIFTI surface available in D99 tgz; GLB still needs conversion.
macaque_prototype,source/D99_v2.0_dist.tgz:D99_v2.0_dist/D99_v2.0_labels_semicolon.txt,source/D99_v2.0_dist.tgz:D99_v2.0_dist/surfs_right/D99_v2.8Bm.k300.gii,D99_v2.8Bm.k300,300,8Bm,dorsomedial prefrontal area,,,right,archive_label_surface_right_available,Right-hemisphere GIFTI surface available in D99 tgz; GLB still needs conversion.
macaque_prototype,source/D99_v2.0_dist.tgz:D99_v2.0_dist/D99_v2.0_labels_semicolon.txt,source/D99_v2.0_dist.tgz:D99_v2.0_dist/surfs_right/D99_v2.11l.k301.gii,D99_v2.11l.k301,301,11l,orbital prefrontal area,,,right,archive_label_surface_right_available,Right-hemisphere GIFTI surface available in D99 tgz; GLB still needs conversion.
macaque_prototype,source/D99_v2.0_dist.tgz:D99_v2.0_dist/D99_v2.0_labels_semicolon.txt,source/D99_v2.0_dist.tgz:D99_v2.0_dist/surfs_right/D99_v2.CE.k302.gii,D99_v2.CE.k302,302,CE,central nucleus of amygdala,,,right,archive_label_surface_right_available,Right-hemisphere GIFTI surface available in D99 tgz; GLB still needs conversion.
macaque_prototype,source/D99_v2.0_dist.tgz:D99_v2.0_dist/D99_v2.0_labels_semicolon.txt,source/D99_v2.0_dist.tgz:D99_v2.0_dist/surfs_right/D99_v2.14r.k303.gii,D99_v2.14r.k303,303,14r,orbito-medial prefrontal area (gyrus rectus),,,right,archive_label_surface_right_available,Right-hemisphere GIFTI surface available in D99 tgz; GLB still needs conversion.
macaque_prototype,source/D99_v2.0_dist.tgz:D99_v2.0_dist/D99_v2.0_labels_semicolon.txt,source/D99_v2.0_dist.tgz:D99_v2.0_dist/D99_atlas_v2.0_right.nii.gz,304_v23a,304,v23a,subregion of posterior cingulate cortex,,,,archive_label_volume_available,No right-hemisphere GIFTI surface in D99 tgz; use right atlas volume member for extraction.
macaque_prototype,source/D99_v2.0_dist.tgz:D99_v2.0_dist/D99_v2.0_labels_semicolon.txt,source/D99_v2.0_dist.tgz:D99_v2.0_dist/surfs_right/D99_v2.Ia.k305.gii,D99_v2.Ia.k305,305,Ia,agranular insula,,,right,archive_label_surface_right_available,Right-hemisphere GIFTI surface available in D99 tgz; GLB still needs conversion.
macaque_prototype,source/D99_v2.0_dist.tgz:D99_v2.0_dist/D99_v2.0_labels_semicolon.txt,source/D99_v2.0_dist.tgz:D99_v2.0_dist/surfs_right/D99_v2.13b.k306.gii,D99_v2.13b.k306,306,13b,orbital prefrontal area,,,right,archive_label_surface_right_available,Right-hemisphere GIFTI surface available in D99 tgz; GLB still needs conversion.
macaque_prototype,source/D99_v2.0_dist.tgz:D99_v2.0_dist/D99_v2.0_labels_semicolon.txt,source/D99_v2.0_dist.tgz:D99_v2.0_dist/surfs_right/D99_v2.Ld.k307.gii,D99_v2.Ld.k307,307,Ld,"lateral nucleus of amygdala, dorsal subdivision",,,right,archive_label_surface_right_available,Right-hemisphere GIFTI surface available in D99 tgz; GLB still needs conversion.
macaque_prototype,source/D99_v2.0_dist.tgz:D99_v2.0_dist/D99_v2.0_labels_semicolon.txt,source/D99_v2.0_dist.tgz:D99_v2.0_dist/surfs_right/D99_v2.36c.k308.gii,D99_v2.36c.k308,308,36c,"area 36 of the perirhinal cortex, caudal subregion",,,right,archive_label_surface_right_available,Right-hemisphere GIFTI surface available in D99 tgz; GLB still needs conversion.
macaque_prototype,source/D99_v2.0_dist.tgz:D99_v2.0_dist/D99_v2.0_labels_semicolon.txt,source/D99_v2.0_dist.tgz:D99_v2.0_dist/surfs_right/D99_v2.24a_prime.k309.gii,D99_v2.24a_prime.k309,309,24a_prime,subregion of anterior cingulate cortex,,,right,archive_label_surface_right_available,Right-hemisphere GIFTI surface available in D99 tgz; GLB still needs conversion.
macaque_prototype,source/D99_v2.0_dist.tgz:D99_v2.0_dist/D99_v2.0_labels_semicolon.txt,source/D99_v2.0_dist.tgz:D99_v2.0_dist/surfs_right/D99_v2.AAA.k311.gii,D99_v2.AAA.k311,311,AAA,anterior amygdaloid area,,,right,archive_label_surface_right_available,Right-hemisphere GIFTI surface available in D99 tgz; GLB still needs conversion.
macaque_prototype,source/D99_v2.0_dist.tgz:D99_v2.0_dist/D99_v2.0_labels_semicolon.txt,source/D99_v2.0_dist.tgz:D99_v2.0_dist/surfs_right/D99_v2.10mc.k312.gii,D99_v2.10mc.k312,312,10mc,medial prefrontal area,,,right,archive_label_surface_right_available,Right-hemisphere GIFTI surface available in D99 tgz; GLB still needs conversion.
macaque_prototype,source/D99_v2.0_dist.tgz:D99_v2.0_dist/D99_v2.0_labels_semicolon.txt,source/D99_v2.0_dist.tgz:D99_v2.0_dist/surfs_right/D99_v2.CPB.k313.gii,D99_v2.CPB.k313,313,CPB,caudal parabelt region of the auditory cortex,,,right,archive_label_surface_right_available,Right-hemisphere GIFTI surface available in D99 tgz; GLB still needs conversion.
macaque_prototype,source/D99_v2.0_dist.tgz:D99_v2.0_dist/D99_v2.0_labels_semicolon.txt,source/D99_v2.0_dist.tgz:D99_v2.0_dist/surfs_right/D99_v2.area_29.k314.gii,D99_v2.area_29.k314,314,area_29,retrosplenial cortex,,,right,archive_label_surface_right_available,Right-hemisphere GIFTI surface available in D99 tgz; GLB still needs conversion.
macaque_prototype,source/D99_v2.0_dist.tgz:D99_v2.0_dist/D99_v2.0_labels_semicolon.txt,source/D99_v2.0_dist.tgz:D99_v2.0_dist/surfs_right/D99_v2.v23b.k315.gii,D99_v2.v23b.k315,315,v23b,subregion of posterior cingulate cortex,,,right,archive_label_surface_right_available,Right-hemisphere GIFTI surface available in D99 tgz; GLB still needs conversion.
macaque_prototype,source/D99_v2.0_dist.tgz:D99_v2.0_dist/D99_v2.0_labels_semicolon.txt,source/D99_v2.0_dist.tgz:D99_v2.0_dist/surfs_right/D99_v2.13l.k316.gii,D99_v2.13l.k316,316,13l,orbital prefrontal area,,,right,archive_label_surface_right_available,Right-hemisphere GIFTI surface available in D99 tgz; GLB still needs conversion.
macaque_prototype,source/D99_v2.0_dist.tgz:D99_v2.0_dist/D99_v2.0_labels_semicolon.txt,source/D99_v2.0_dist.tgz:D99_v2.0_dist/surfs_right/D99_v2.CA1.k317.gii,D99_v2.CA1.k317,317,CA1,CA1 subfield of hippocampus,,,right,archive_label_surface_right_available,Right-hemisphere GIFTI surface available in D99 tgz; GLB still needs conversion.
macaque_prototype,source/D99_v2.0_dist.tgz:D99_v2.0_dist/D99_v2.0_labels_semicolon.txt,source/D99_v2.0_dist.tgz:D99_v2.0_dist/surfs_right/D99_v2.V4.k318.gii,D99_v2.V4.k318,318,V4,visual area 4 (dorsal part),,,right,archive_label_surface_right_available,Right-hemisphere GIFTI surface available in D99 tgz; GLB still needs conversion.
macaque_prototype,source/D99_v2.0_dist.tgz:D99_v2.0_dist/D99_v2.0_labels_semicolon.txt,source/D99_v2.0_dist.tgz:D99_v2.0_dist/surfs_right/D99_v2.Lv.k319.gii,D99_v2.Lv.k319,319,Lv,"lateral nucleus of amygdala, ventral subdivision",,,right,archive_label_surface_right_available,Right-hemisphere GIFTI surface available in D99 tgz; GLB still needs conversion.
macaque_prototype,source/D99_v2.0_dist.tgz:D99_v2.0_dist/D99_v2.0_labels_semicolon.txt,source/D99_v2.0_dist.tgz:D99_v2.0_dist/surfs_right/D99_v2.area_31.k321.gii,D99_v2.area_31.k321,321,area_31,posterior cingulate area,,,right,archive_label_surface_right_available,Right-hemisphere GIFTI surface available in D99 tgz; GLB still needs conversion.
macaque_prototype,source/D99_v2.0_dist.tgz:D99_v2.0_dist/D99_v2.0_labels_semicolon.txt,source/D99_v2.0_dist.tgz:D99_v2.0_dist/surfs_right/D99_v2.Ig.k322.gii,D99_v2.Ig.k322,322,Ig,granular insula,,,right,archive_label_surface_right_available,Right-hemisphere GIFTI surface available in D99 tgz; GLB still needs conversion.
macaque_prototype,source/D99_v2.0_dist.tgz:D99_v2.0_dist/D99_v2.0_labels_semicolon.txt,source/D99_v2.0_dist.tgz:D99_v2.0_dist/surfs_right/D99_v2.ML.k323.gii,D99_v2.ML.k323,323,ML,"middle lateral, belt region of the auditory cortex",,,right,archive_label_surface_right_available,Right-hemisphere GIFTI surface available in D99 tgz; GLB still needs conversion.
macaque_prototype,source/D99_v2.0_dist.tgz:D99_v2.0_dist/D99_v2.0_labels_semicolon.txt,source/D99_v2.0_dist.tgz:D99_v2.0_dist/surfs_right/D99_v2.COa.k324.gii,D99_v2.COa.k324,324,COa,anterior cortical nucleus,,,right,archive_label_surface_right_available,Right-hemisphere GIFTI surface available in D99 tgz; GLB still needs conversion.
macaque_prototype,source/D99_v2.0_dist.tgz:D99_v2.0_dist/D99_v2.0_labels_semicolon.txt,source/D99_v2.0_dist.tgz:D99_v2.0_dist/surfs_right/D99_v2.23a.k325.gii,D99_v2.23a.k325,325,23a,subregion of posterior cingulate cortex,,,right,archive_label_surface_right_available,Right-hemisphere GIFTI surface available in D99 tgz; GLB still needs conversion.
macaque_prototype,source/D99_v2.0_dist.tgz:D99_v2.0_dist/D99_v2.0_labels_semicolon.txt,source/D99_v2.0_dist.tgz:D99_v2.0_dist/surfs_right/D99_v2.ER.k326.gii,D99_v2.ER.k326,326,ER,"entorhinal cortex, rostral division",,,right,archive_label_surface_right_available,Right-hemisphere GIFTI surface available in D99 tgz; GLB still needs conversion.
macaque_prototype,source/D99_v2.0_dist.tgz:D99_v2.0_dist/D99_v2.0_labels_semicolon.txt,source/D99_v2.0_dist.tgz:D99_v2.0_dist/surfs_right/D99_v2.10o.k327.gii,D99_v2.10o.k327,327,10o,orbital prefrontal area,,,right,archive_label_surface_right_available,Right-hemisphere GIFTI surface available in D99 tgz; GLB still needs conversion.
macaque_prototype,source/D99_v2.0_dist.tgz:D99_v2.0_dist/D99_v2.0_labels_semicolon.txt,source/D99_v2.0_dist.tgz:D99_v2.0_dist/surfs_right/D99_v2.VIP.k328.gii,D99_v2.VIP.k328,328,VIP,ventral intraparietal area,,,right,archive_label_surface_right_available,Right-hemisphere GIFTI surface available in D99 tgz; GLB still needs conversion.
macaque_prototype,source/D99_v2.0_dist.tgz:D99_v2.0_dist/D99_v2.0_labels_semicolon.txt,source/D99_v2.0_dist.tgz:D99_v2.0_dist/surfs_right/D99_v2.LIPv.k329.gii,D99_v2.LIPv.k329,329,LIPv,"lateral intraparietal area, ventral subdivision",,,right,archive_label_surface_right_available,Right-hemisphere GIFTI surface available in D99 tgz; GLB still needs conversion.
macaque_prototype,source/D99_v2.0_dist.tgz:D99_v2.0_dist/D99_v2.0_labels_semicolon.txt,source/D99_v2.0_dist.tgz:D99_v2.0_dist/surfs_right/D99_v2.8Bs.k330.gii,D99_v2.8Bs.k330,330,8Bs,dorso-lateral prefrontal area in the arcuate sulcus upper limb,,,right,archive_label_surface_right_available,Right-hemisphere GIFTI surface available in D99 tgz; GLB still needs conversion.
macaque_prototype,source/D99_v2.0_dist.tgz:D99_v2.0_dist/D99_v2.0_labels_semicolon.txt,source/D99_v2.0_dist.tgz:D99_v2.0_dist/surfs_right/D99_v2.ABmc.k331.gii,D99_v2.ABmc.k331,331,ABmc,"accessory basal nucleus of amygdala, magnocellular",,,right,archive_label_surface_right_available,Right-hemisphere GIFTI surface available in D99 tgz; GLB still needs conversion.
macaque_prototype,source/D99_v2.0_dist.tgz:D99_v2.0_dist/D99_v2.0_labels_semicolon.txt,source/D99_v2.0_dist.tgz:D99_v2.0_dist/surfs_right/D99_v2.V1.k332.gii,D99_v2.V1.k332,332,V1,visual area 1 (primary visual cortex),,,right,archive_label_surface_right_available,Right-hemisphere GIFTI surface available in D99 tgz; GLB still needs conversion.
macaque_prototype,source/D99_v2.0_dist.tgz:D99_v2.0_dist/D99_v2.0_labels_semicolon.txt,source/D99_v2.0_dist.tgz:D99_v2.0_dist/surfs_right/D99_v2.G.k333.gii,D99_v2.G.k333,333,G,gustatory cortex,,,right,archive_label_surface_right_available,Right-hemisphere GIFTI surface available in D99 tgz; GLB still needs conversion.
macaque_prototype,source/D99_v2.0_dist.tgz:D99_v2.0_dist/D99_v2.0_labels_semicolon.txt,source/D99_v2.0_dist.tgz:D99_v2.0_dist/surfs_right/D99_v2.9d.k335.gii,D99_v2.9d.k335,335,9d,dorso-lateral prefrontal area,,,right,archive_label_surface_right_available,Right-hemisphere GIFTI surface available in D99 tgz; GLB still needs conversion.
macaque_prototype,source/D99_v2.0_dist.tgz:D99_v2.0_dist/D99_v2.0_labels_semicolon.txt,source/D99_v2.0_dist.tgz:D99_v2.0_dist/surfs_right/D99_v2.7op.k336.gii,D99_v2.7op.k336,336,7op,parietal opercular area,,,right,archive_label_surface_right_available,Right-hemisphere GIFTI surface available in D99 tgz; GLB still needs conversion.
macaque_prototype,source/D99_v2.0_dist.tgz:D99_v2.0_dist/D99_v2.0_labels_semicolon.txt,source/D99_v2.0_dist.tgz:D99_v2.0_dist/surfs_right/D99_v2.V4t.k337.gii,D99_v2.V4t.k337,337,V4t,V4 transitional area,,,right,archive_label_surface_right_available,Right-hemisphere GIFTI surface available in D99 tgz; GLB still needs conversion.
macaque_prototype,source/D99_v2.0_dist.tgz:D99_v2.0_dist/D99_v2.0_labels_semicolon.txt,source/D99_v2.0_dist.tgz:D99_v2.0_dist/surfs_right/D99_v2.46f.k339.gii,D99_v2.46f.k339,339,46f,ventro-lateral prefrontal area in the fundus of the principal sulcus,,,right,archive_label_surface_right_available,Right-hemisphere GIFTI surface available in D99 tgz; GLB still needs conversion.
macaque_prototype,source/D99_v2.0_dist.tgz:D99_v2.0_dist/D99_v2.0_labels_semicolon.txt,source/D99_v2.0_dist.tgz:D99_v2.0_dist/surfs_right/D99_v2.Bi.k340.gii,D99_v2.Bi.k340,340,Bi,"basal nucleus of amygdala, intermediate subdivision",,,right,archive_label_surface_right_available,Right-hemisphere GIFTI surface available in D99 tgz; GLB still needs conversion.
macaque_prototype,source/D99_v2.0_dist.tgz:D99_v2.0_dist/D99_v2.0_labels_semicolon.txt,source/D99_v2.0_dist.tgz:D99_v2.0_dist/surfs_right/D99_v2.5_(PE).k341.gii,D99_v2.5__PE_.k341,341,5_(PE),superior parietal lobule area (or area PE),,,right,archive_label_surface_right_available,Right-hemisphere GIFTI surface available in D99 tgz; GLB still needs conversion.
macaque_prototype,source/D99_v2.0_dist.tgz:D99_v2.0_dist/D99_v2.0_labels_semicolon.txt,source/D99_v2.0_dist.tgz:D99_v2.0_dist/surfs_right/D99_v2.TEav.k342.gii,D99_v2.TEav.k342,342,TEav,ventral subregion of anterior TE,,,right,archive_label_surface_right_available,Right-hemisphere GIFTI surface available in D99 tgz; GLB still needs conversion.
macaque_prototype,source/D99_v2.0_dist.tgz:D99_v2.0_dist/D99_v2.0_labels_semicolon.txt,source/D99_v2.0_dist.tgz:D99_v2.0_dist/surfs_right/D99_v2.area_32.k343.gii,D99_v2.area_32.k343,343,area_32,medial prefrontal area,,,right,archive_label_surface_right_available,Right-hemisphere GIFTI surface available in D99 tgz; GLB still needs conversion.
macaque_prototype,source/D99_v2.0_dist.tgz:D99_v2.0_dist/D99_v2.0_labels_semicolon.txt,source/D99_v2.0_dist.tgz:D99_v2.0_dist/surfs_right/D99_v2.AL.k344.gii,D99_v2.AL.k344,344,AL,"anterior lateral, belt region of the auditory cortex",,,right,archive_label_surface_right_available,Right-hemisphere GIFTI surface available in D99 tgz; GLB still needs conversion.
macaque_prototype,source/D99_v2.0_dist.tgz:D99_v2.0_dist/D99_v2.0_labels_semicolon.txt,source/D99_v2.0_dist.tgz:D99_v2.0_dist/surfs_right/D99_v2.10mr.k345.gii,D99_v2.10mr.k345,345,10mr,medial prefrontal area,,,right,archive_label_surface_right_available,Right-hemisphere GIFTI surface available in D99 tgz; GLB still needs conversion.
macaque_prototype,source/D99_v2.0_dist.tgz:D99_v2.0_dist/D99_v2.0_labels_semicolon.txt,source/D99_v2.0_dist.tgz:D99_v2.0_dist/surfs_right/D99_v2.COp.k346.gii,D99_v2.COp.k346,346,COp,posterior cortical nucleus,,,right,archive_label_surface_right_available,Right-hemisphere GIFTI surface available in D99 tgz; GLB still needs conversion.
macaque_prototype,source/D99_v2.0_dist.tgz:D99_v2.0_dist/D99_v2.0_labels_semicolon.txt,source/D99_v2.0_dist.tgz:D99_v2.0_dist/surfs_right/D99_v2.24b.k347.gii,D99_v2.24b.k347,347,24b,subregion of anterior cingulate cortex,,,right,archive_label_surface_right_available,Right-hemisphere GIFTI surface available in D99 tgz; GLB still needs conversion.
macaque_prototype,source/D99_v2.0_dist.tgz:D99_v2.0_dist/D99_v2.0_labels_semicolon.txt,source/D99_v2.0_dist.tgz:D99_v2.0_dist/surfs_right/D99_v2.area_1-2.k348.gii,D99_v2.area_1-2.k348,348,area_1-2,somatosensory areas 1 and 2,,,right,archive_label_surface_right_available,Right-hemisphere GIFTI surface available in D99 tgz; GLB still needs conversion.
macaque_prototype,source/D99_v2.0_dist.tgz:D99_v2.0_dist/D99_v2.0_labels_semicolon.txt,source/D99_v2.0_dist.tgz:D99_v2.0_dist/surfs_right/D99_v2.8Av.k349.gii,D99_v2.8Av.k349,349,8Av,"periarcuate area (or frontal eye field), ventral subdivision",,,right,archive_label_surface_right_available,Right-hemisphere GIFTI surface available in D99 tgz; GLB still needs conversion.
macaque_prototype,source/D99_v2.0_dist.tgz:D99_v2.0_dist/D99_v2.0_labels_semicolon.txt,source/D99_v2.0_dist.tgz:D99_v2.0_dist/surfs_right/D99_v2.ECL.k350.gii,D99_v2.ECL.k350,350,ECL,"entorhinal cortex, caudal limiting division",,,right,archive_label_surface_right_available,Right-hemisphere GIFTI surface available in D99 tgz; GLB still needs conversion.
macaque_prototype,source/D99_v2.0_dist.tgz:D99_v2.0_dist/D99_v2.0_labels_semicolon.txt,source/D99_v2.0_dist.tgz:D99_v2.0_dist/surfs_right/D99_v2.FST.k351.gii,D99_v2.FST.k351,351,FST,floor of superior temporal area,,,right,archive_label_surface_right_available,Right-hemisphere GIFTI surface available in D99 tgz; GLB still needs conversion.
macaque_prototype,source/D99_v2.0_dist.tgz:D99_v2.0_dist/D99_v2.0_labels_semicolon.txt,source/D99_v2.0_dist.tgz:D99_v2.0_dist/surfs_right/D99_v2.preS.k352.gii,D99_v2.preS.k352,352,preS,presubiculum,,,right,archive_label_surface_right_available,Right-hemisphere GIFTI surface available in D99 tgz; GLB still needs conversion.
macaque_prototype,source/D99_v2.0_dist.tgz:D99_v2.0_dist/D99_v2.0_labels_semicolon.txt,source/D99_v2.0_dist.tgz:D99_v2.0_dist/surfs_right/D99_v2.12m.k353.gii,D99_v2.12m.k353,353,12m,orbital prefrontal area,,,right,archive_label_surface_right_available,Right-hemisphere GIFTI surface available in D99 tgz; GLB still needs conversion.
macaque_prototype,source/D99_v2.0_dist.tgz:D99_v2.0_dist/D99_v2.0_labels_semicolon.txt,source/D99_v2.0_dist.tgz:D99_v2.0_dist/surfs_right/D99_v2.V6Av.k354.gii,D99_v2.V6Av.k354,354,V6Av,"visual area 6A, ventral division (or area PO)",,,right,archive_label_surface_right_available,Right-hemisphere GIFTI surface available in D99 tgz; GLB still needs conversion.
macaque_prototype,source/D99_v2.0_dist.tgz:D99_v2.0_dist/D99_v2.0_labels_semicolon.txt,source/D99_v2.0_dist.tgz:D99_v2.0_dist/surfs_right/D99_v2.8Bd.k355.gii,D99_v2.8Bd.k355,355,8Bd,dorso-lateral prefrontal area,,,right,archive_label_surface_right_available,Right-hemisphere GIFTI surface available in D99 tgz; GLB still needs conversion.
macaque_prototype,source/D99_v2.0_dist.tgz:D99_v2.0_dist/D99_v2.0_labels_semicolon.txt,source/D99_v2.0_dist.tgz:D99_v2.0_dist/surfs_right/D99_v2.ABpc.k356.gii,D99_v2.ABpc.k356,356,ABpc,"accessory basal nucleus of amygdala, parvicellular",,,right,archive_label_surface_right_available,Right-hemisphere GIFTI surface available in D99 tgz; GLB still needs conversion.
macaque_prototype,source/D99_v2.0_dist.tgz:D99_v2.0_dist/D99_v2.0_labels_semicolon.txt,source/D99_v2.0_dist.tgz:D99_v2.0_dist/surfs_right/D99_v2.TGvd.k357.gii,D99_v2.TGvd.k357,357,TGvd,ventral dysgranular part of the temporal pole,,,right,archive_label_surface_right_available,Right-hemisphere GIFTI surface available in D99 tgz; GLB still needs conversion.
macaque_prototype,source/D99_v2.0_dist.tgz:D99_v2.0_dist/D99_v2.0_labels_semicolon.txt,source/D99_v2.0_dist.tgz:D99_v2.0_dist/surfs_right/D99_v2.V3d.k358.gii,D99_v2.V3d.k358,358,V3d,"visual area 3, dorsal part",,,right,archive_label_surface_right_available,Right-hemisphere GIFTI surface available in D99 tgz; GLB still needs conversion.
macaque_prototype,source/D99_v2.0_dist.tgz:D99_v2.0_dist/D99_v2.0_labels_semicolon.txt,source/D99_v2.0_dist.tgz:D99_v2.0_dist/surfs_right/D99_v2.F1_(4).k359.gii,D99_v2.F1__4_.k359,359,F1_(4),agranular frontal area F1 (or area 4),,,right,archive_label_surface_right_available,Right-hemisphere GIFTI surface available in D99 tgz; GLB still needs conversion.
macaque_prototype,source/D99_v2.0_dist.tgz:D99_v2.0_dist/D99_v2.0_labels_semicolon.txt,source/D99_v2.0_dist.tgz:D99_v2.0_dist/surfs_right/D99_v2.Iam.k360.gii,D99_v2.Iam.k360,360,Iam,medial agranular insula area,,,right,archive_label_surface_right_available,Right-hemisphere GIFTI surface available in D99 tgz; GLB still needs conversion.
macaque_prototype,source/D99_v2.0_dist.tgz:D99_v2.0_dist/D99_v2.0_labels_semicolon.txt,source/D99_v2.0_dist.tgz:D99_v2.0_dist/surfs_right/D99_v2.SII.k361.gii,D99_v2.SII.k361,361,SII,secondary somatosensory area,,,right,archive_label_surface_right_available,Right-hemisphere GIFTI surface available in D99 tgz; GLB still needs conversion.
macaque_prototype,source/D99_v2.0_dist.tgz:D99_v2.0_dist/D99_v2.0_labels_semicolon.txt,source/D99_v2.0_dist.tgz:D99_v2.0_dist/surfs_right/D99_v2.23b.k362.gii,D99_v2.23b.k362,362,23b,subregion of posterior cingulate cortex,,,right,archive_label_surface_right_available,Right-hemisphere GIFTI surface available in D99 tgz; GLB still needs conversion.
macaque_prototype,source/D99_v2.0_dist.tgz:D99_v2.0_dist/D99_v2.0_labels_semicolon.txt,source/D99_v2.0_dist.tgz:D99_v2.0_dist/surfs_right/D99_v2.13m.k363.gii,D99_v2.13m.k363,363,13m,orbital prefrontal area,,,right,archive_label_surface_right_available,Right-hemisphere GIFTI surface available in D99 tgz; GLB still needs conversion.
macaque_prototype,source/D99_v2.0_dist.tgz:D99_v2.0_dist/D99_v2.0_labels_semicolon.txt,source/D99_v2.0_dist.tgz:D99_v2.0_dist/surfs_right/D99_v2.9m.k364.gii,D99_v2.9m.k364,364,9m,dorso-medial prefrontal area,,,right,archive_label_surface_right_available,Right-hemisphere GIFTI surface available in D99 tgz; GLB still needs conversion.
macaque_prototype,source/D99_v2.0_dist.tgz:D99_v2.0_dist/D99_v2.0_labels_semicolon.txt,source/D99_v2.0_dist.tgz:D99_v2.0_dist/surfs_right/D99_v2.EI.k365.gii,D99_v2.EI.k365,365,EI,"entorhinal cortex, intermediate division",,,right,archive_label_surface_right_available,Right-hemisphere GIFTI surface available in D99 tgz; GLB still needs conversion.
macaque_prototype,source/D99_v2.0_dist.tgz:D99_v2.0_dist/D99_v2.0_labels_semicolon.txt,source/D99_v2.0_dist.tgz:D99_v2.0_dist/surfs_right/D99_v2.RPB.k366.gii,D99_v2.RPB.k366,366,RPB,rostral parabelt region of the auditory cortex,,,right,archive_label_surface_right_available,Right-hemisphere GIFTI surface available in D99 tgz; GLB still needs conversion.
macaque_prototype,source/D99_v2.0_dist.tgz:D99_v2.0_dist/D99_v2.0_labels_semicolon.txt,source/D99_v2.0_dist.tgz:D99_v2.0_dist/surfs_right/D99_v2.13a.k367.gii,D99_v2.13a.k367,367,13a,orbital prefrontal area,,,right,archive_label_surface_right_available,Right-hemisphere GIFTI surface available in D99 tgz; GLB still needs conversion.
macaque_prototype,source/D99_v2.0_dist.tgz:D99_v2.0_dist/D99_v2.0_labels_semicolon.txt,source/D99_v2.0_dist.tgz:D99_v2.0_dist/surfs_right/D99_v2.AONd-m.k368.gii,D99_v2.AONd-m.k368,368,AONd/m,"anterior olfactory nucleus, dorsal and medial division",,,right,archive_label_surface_right_available,Right-hemisphere GIFTI surface available in D99 tgz; GLB still needs conversion.
macaque_prototype,source/D99_v2.0_dist.tgz:D99_v2.0_dist/D99_v2.0_labels_semicolon.txt,source/D99_v2.0_dist.tgz:D99_v2.0_dist/surfs_right/D99_v2.F3.k369.gii,D99_v2.F3.k369,369,F3,agranular frontal area F3 (or SMA),,,right,archive_label_surface_right_available,Right-hemisphere GIFTI surface available in D99 tgz; GLB still needs conversion.
macaque_prototype,source/D99_v2.0_dist.tgz:D99_v2.0_dist/D99_v2.0_labels_semicolon.txt,source/D99_v2.0_dist.tgz:D99_v2.0_dist/surfs_right/D99_v2.R.k370.gii,D99_v2.R.k370,370,R,"rostral, core region of the auditory cortex",,,right,archive_label_surface_right_available,Right-hemisphere GIFTI surface available in D99 tgz; GLB still needs conversion.
macaque_prototype,source/D99_v2.0_dist.tgz:D99_v2.0_dist/D99_v2.0_labels_semicolon.txt,source/D99_v2.0_dist.tgz:D99_v2.0_dist/surfs_right/D99_v2.V6.k371.gii,D99_v2.V6.k371,371,V6,visual area 6 (or area PO),,,right,archive_label_surface_right_available,Right-hemisphere GIFTI surface available in D99 tgz; GLB still needs conversion.
macaque_prototype,source/D99_v2.0_dist.tgz:D99_v2.0_dist/D99_v2.0_labels_semicolon.txt,source/D99_v2.0_dist.tgz:D99_v2.0_dist/surfs_right/D99_v2.TFO.k372.gii,D99_v2.TFO.k372,372,TFO,area TFO of the parahippocampal cortex,,,right,archive_label_surface_right_available,Right-hemisphere GIFTI surface available in D99 tgz; GLB still needs conversion.
macaque_prototype,source/D99_v2.0_dist.tgz:D99_v2.0_dist/D99_v2.0_labels_semicolon.txt,source/D99_v2.0_dist.tgz:D99_v2.0_dist/surfs_right/D99_v2.V4v.k373.gii,D99_v2.V4v.k373,373,V4v,"visual area 4, ventral part",,,right,archive_label_surface_right_available,Right-hemisphere GIFTI surface available in D99 tgz; GLB still needs conversion.
macaque_prototype,source/D99_v2.0_dist.tgz:D99_v2.0_dist/D99_v2.0_labels_semicolon.txt,source/D99_v2.0_dist.tgz:D99_v2.0_dist/surfs_right/D99_v2.46v.k374.gii,D99_v2.46v.k374,374,46v,ventro-lateral prefrontal area in the ventral bank and lip of the principal sulcus (ps),,,right,archive_label_surface_right_available,Right-hemisphere GIFTI surface available in D99 tgz; GLB still needs conversion.
macaque_prototype,source/D99_v2.0_dist.tgz:D99_v2.0_dist/D99_v2.0_labels_semicolon.txt,source/D99_v2.0_dist.tgz:D99_v2.0_dist/surfs_right/D99_v2.5_(PEc).k375.gii,D99_v2.5__PEc_.k375,375,5_(PEc),superior parietal lobule area (or area PEc),,,right,archive_label_surface_right_available,Right-hemisphere GIFTI surface available in D99 tgz; GLB still needs conversion.
macaque_prototype,source/D99_v2.0_dist.tgz:D99_v2.0_dist/D99_v2.0_labels_semicolon.txt,source/D99_v2.0_dist.tgz:D99_v2.0_dist/surfs_right/D99_v2.TGdd.k376.gii,D99_v2.TGdd.k376,376,TGdd,dysgranular part of the dorsal temporal pole,,,right,archive_label_surface_right_available,Right-hemisphere GIFTI surface available in D99 tgz; GLB still needs conversion.
macaque_prototype,source/D99_v2.0_dist.tgz:D99_v2.0_dist/D99_v2.0_labels_semicolon.txt,source/D99_v2.0_dist.tgz:D99_v2.0_dist/surfs_right/D99_v2.area_35.k377.gii,D99_v2.area_35.k377,377,area_35,area 35 of the perirhinal cortex,,,right,archive_label_surface_right_available,Right-hemisphere GIFTI surface available in D99 tgz; GLB still needs conversion.
macaque_prototype,source/D99_v2.0_dist.tgz:D99_v2.0_dist/D99_v2.0_labels_semicolon.txt,source/D99_v2.0_dist.tgz:D99_v2.0_dist/surfs_right/D99_v2.A1.k378.gii,D99_v2.A1.k378,378,A1,"auditory area 1, core region of the auditory cortex",,,right,archive_label_surface_right_available,Right-hemisphere GIFTI surface available in D99 tgz; GLB still needs conversion.
macaque_prototype,source/D99_v2.0_dist.tgz:D99_v2.0_dist/D99_v2.0_labels_semicolon.txt,source/D99_v2.0_dist.tgz:D99_v2.0_dist/surfs_right/D99_v2.Ial.k379.gii,D99_v2.Ial.k379,379,Ial,lateral agranular insula area,,,right,archive_label_surface_right_available,Right-hemisphere GIFTI surface available in D99 tgz; GLB still needs conversion.
macaque_prototype,source/D99_v2.0_dist.tgz:D99_v2.0_dist/D99_v2.0_labels_semicolon.txt,source/D99_v2.0_dist.tgz:D99_v2.0_dist/surfs_right/D99_v2.7m.k380.gii,D99_v2.7m.k380,380,7m,medial parietal area (or PGm),,,right,archive_label_surface_right_available,Right-hemisphere GIFTI surface available in D99 tgz; GLB still needs conversion.
macaque_prototype,source/D99_v2.0_dist.tgz:D99_v2.0_dist/D99_v2.0_labels_semicolon.txt,source/D99_v2.0_dist.tgz:D99_v2.0_dist/surfs_right/D99_v2.Sub.k381.gii,D99_v2.Sub.k381,381,Sub,subiculum,,,right,archive_label_surface_right_available,Right-hemisphere GIFTI surface available in D99 tgz; GLB still needs conversion.
macaque_prototype,source/D99_v2.0_dist.tgz:D99_v2.0_dist/D99_v2.0_labels_semicolon.txt,source/D99_v2.0_dist.tgz:D99_v2.0_dist/surfs_right/D99_v2.v23b_question.k382.gii,D99_v2.v23b_question.k382,382,v23b_question,subregion of posterior cingulate cortex or transition area?,,,right,archive_label_surface_right_available,Right-hemisphere GIFTI surface available in D99 tgz; GLB still needs conversion.
macaque_prototype,source/D99_v2.0_dist.tgz:D99_v2.0_dist/D99_v2.0_labels_semicolon.txt,source/D99_v2.0_dist.tgz:D99_v2.0_dist/surfs_right/D99_v2.23c.k383.gii,D99_v2.23c.k383,383,23c,subregion of posterior cingulate cortex,,,right,archive_label_surface_right_available,Right-hemisphere GIFTI surface available in D99 tgz; GLB still needs conversion.
macaque_prototype,source/D99_v2.0_dist.tgz:D99_v2.0_dist/D99_v2.0_labels_semicolon.txt,source/D99_v2.0_dist.tgz:D99_v2.0_dist/surfs_right/D99_v2.EC.k384.gii,D99_v2.EC.k384,384,EC,"entorhinal cortex, caudal division",,,right,archive_label_surface_right_available,Right-hemisphere GIFTI surface available in D99 tgz; GLB still needs conversion.
macaque_prototype,source/D99_v2.0_dist.tgz:D99_v2.0_dist/D99_v2.0_labels_semicolon.txt,source/D99_v2.0_dist.tgz:D99_v2.0_dist/surfs_right/D99_v2.Id.k385.gii,D99_v2.Id.k385,385,Id,dysgranular insula,,,right,archive_label_surface_right_available,Right-hemisphere GIFTI surface available in D99 tgz; GLB still needs conversion.
macaque_prototype,source/D99_v2.0_dist.tgz:D99_v2.0_dist/D99_v2.0_labels_semicolon.txt,source/D99_v2.0_dist.tgz:D99_v2.0_dist/surfs_right/D99_v2.CA2.k386.gii,D99_v2.CA2.k386,386,CA2,CA2 subfield of hippocampus,,,right,archive_label_surface_right_available,Right-hemisphere GIFTI surface available in D99 tgz; GLB still needs conversion.
macaque_prototype,source/D99_v2.0_dist.tgz:D99_v2.0_dist/D99_v2.0_labels_semicolon.txt,source/D99_v2.0_dist.tgz:D99_v2.0_dist/surfs_right/D99_v2.MIP.k387.gii,D99_v2.MIP.k387,387,MIP,medial intraparietal area,,,right,archive_label_surface_right_available,Right-hemisphere GIFTI surface available in D99 tgz; GLB still needs conversion.
macaque_prototype,source/D99_v2.0_dist.tgz:D99_v2.0_dist/D99_v2.0_labels_semicolon.txt,source/D99_v2.0_dist.tgz:D99_v2.0_dist/surfs_right/D99_v2.PIP.k388.gii,D99_v2.PIP.k388,388,PIP,posterior intraparietal area,,,right,archive_label_surface_right_available,Right-hemisphere GIFTI surface available in D99 tgz; GLB still needs conversion.
macaque_prototype,source/D99_v2.0_dist.tgz:D99_v2.0_dist/D99_v2.0_labels_semicolon.txt,source/D99_v2.0_dist.tgz:D99_v2.0_dist/surfs_right/D99_v2.7b_(PFG-PF).k389.gii,D99_v2.7b__PFG-PF_.k389,389,7b_(PFG/PF),caudal inferior parietal lobule area (or PFG/PF),,,right,archive_label_surface_right_available,Right-hemisphere GIFTI surface available in D99 tgz; GLB still needs conversion.
macaque_prototype,source/D99_v2.0_dist.tgz:D99_v2.0_dist/D99_v2.0_labels_semicolon.txt,source/D99_v2.0_dist.tgz:D99_v2.0_dist/surfs_right/D99_v2.TEpd.k390.gii,D99_v2.TEpd.k390,390,TEpd,dorsal subregion of posterior TE,,,right,archive_label_surface_right_available,Right-hemisphere GIFTI surface available in D99 tgz; GLB still needs conversion.
macaque_prototype,source/D99_v2.0_dist.tgz:D99_v2.0_dist/D99_v2.0_labels_semicolon.txt,source/D99_v2.0_dist.tgz:D99_v2.0_dist/surfs_right/D99_v2.V3v.k391.gii,D99_v2.V3v.k391,391,V3v,"visual area 3, ventral part",,,right,archive_label_surface_right_available,Right-hemisphere GIFTI surface available in D99 tgz; GLB still needs conversion.
macaque_prototype,source/D99_v2.0_dist.tgz:D99_v2.0_dist/D99_v2.0_labels_semicolon.txt,source/D99_v2.0_dist.tgz:D99_v2.0_dist/surfs_right/D99_v2.area_44.k392.gii,D99_v2.area_44.k392,392,area_44,ventro-lateral prefrontal area in the arcuate sulcus lower limb (asl),,,right,archive_label_surface_right_available,Right-hemisphere GIFTI surface available in D99 tgz; GLB still needs conversion.
macaque_prototype,source/D99_v2.0_dist.tgz:D99_v2.0_dist/D99_v2.0_labels_semicolon.txt,source/D99_v2.0_dist.tgz:D99_v2.0_dist/surfs_right/D99_v2.MT.k393.gii,D99_v2.MT.k393,393,MT,middle temporal area,,,right,archive_label_surface_right_available,Right-hemisphere GIFTI surface available in D99 tgz; GLB still needs conversion.
macaque_prototype,source/D99_v2.0_dist.tgz:D99_v2.0_dist/D99_v2.0_labels_semicolon.txt,source/D99_v2.0_dist.tgz:D99_v2.0_dist/surfs_right/D99_v2.TEm.k394.gii,D99_v2.TEm.k394,394,TEm,sts ventral bank area,,,right,archive_label_surface_right_available,Right-hemisphere GIFTI surface available in D99 tgz; GLB still needs conversion.
macaque_prototype,source/D99_v2.0_dist.tgz:D99_v2.0_dist/D99_v2.0_labels_semicolon.txt,source/D99_v2.0_dist.tgz:D99_v2.0_dist/surfs_right/D99_v2.Tpt.k395.gii,D99_v2.Tpt.k395,395,Tpt,temporo-parietal area,,,right,archive_label_surface_right_available,Right-hemisphere GIFTI surface available in D99 tgz; GLB still needs conversion.
macaque_prototype,source/D99_v2.0_dist.tgz:D99_v2.0_dist/D99_v2.0_labels_semicolon.txt,source/D99_v2.0_dist.tgz:D99_v2.0_dist/surfs_right/D99_v2.24c.k396.gii,D99_v2.24c.k396,396,24c,subregion of anterior cingulate cortex,,,right,archive_label_surface_right_available,Right-hemisphere GIFTI surface available in D99 tgz; GLB still needs conversion.
macaque_prototype,source/D99_v2.0_dist.tgz:D99_v2.0_dist/D99_v2.0_labels_semicolon.txt,source/D99_v2.0_dist.tgz:D99_v2.0_dist/surfs_right/D99_v2.MST.k397.gii,D99_v2.MST.k397,397,MST,medial superior temporal area,,,right,archive_label_surface_right_available,Right-hemisphere GIFTI surface available in D99 tgz; GLB still needs conversion.
macaque_prototype,source/D99_v2.0_dist.tgz:D99_v2.0_dist/D99_v2.0_labels_semicolon.txt,source/D99_v2.0_dist.tgz:D99_v2.0_dist/surfs_right/D99_v2.RM.k398.gii,D99_v2.RM.k398,398,RM,"rostromedial, belt region of the auditory cortex",,,right,archive_label_surface_right_available,Right-hemisphere GIFTI surface available in D99 tgz; GLB still needs conversion.
macaque_prototype,source/D99_v2.0_dist.tgz:D99_v2.0_dist/D99_v2.0_labels_semicolon.txt,source/D99_v2.0_dist.tgz:D99_v2.0_dist/surfs_right/D99_v2.STGr.k399.gii,D99_v2.STGr.k399,399,STGr,rostral superior temporal gyrus,,,right,archive_label_surface_right_available,Right-hemisphere GIFTI surface available in D99 tgz; GLB still needs conversion.
macaque_prototype,source/D99_v2.0_dist.tgz:D99_v2.0_dist/D99_v2.0_labels_semicolon.txt,source/D99_v2.0_dist.tgz:D99_v2.0_dist/surfs_right/D99_v2.Pi.k400.gii,D99_v2.Pi.k400,400,Pi,parainsular area,,,right,archive_label_surface_right_available,Right-hemisphere GIFTI surface available in D99 tgz; GLB still needs conversion.
macaque_prototype,source/D99_v2.0_dist.tgz:D99_v2.0_dist/D99_v2.0_labels_semicolon.txt,source/D99_v2.0_dist.tgz:D99_v2.0_dist/surfs_right/D99_v2.F6.k401.gii,D99_v2.F6.k401,401,F6,agranular frontal area F6 (or preSMA),,,right,archive_label_surface_right_available,Right-hemisphere GIFTI surface available in D99 tgz; GLB still needs conversion.
macaque_prototype,source/D99_v2.0_dist.tgz:D99_v2.0_dist/D99_v2.0_labels_semicolon.txt,source/D99_v2.0_dist.tgz:D99_v2.0_dist/surfs_right/D99_v2.DP.k404.gii,D99_v2.DP.k404,404,DP,dorsal prelunate area,,,right,archive_label_surface_right_available,Right-hemisphere GIFTI surface available in D99 tgz; GLB still needs conversion.
macaque_prototype,source/D99_v2.0_dist.tgz:D99_v2.0_dist/D99_v2.0_labels_semicolon.txt,source/D99_v2.0_dist.tgz:D99_v2.0_dist/surfs_right/D99_v2.12r.k405.gii,D99_v2.12r.k405,405,12r,ventro-lateral prefrontal area,,,right,archive_label_surface_right_available,Right-hemisphere GIFTI surface available in D99 tgz; GLB still needs conversion.
macaque_prototype,source/D99_v2.0_dist.tgz:D99_v2.0_dist/D99_v2.0_labels_semicolon.txt,source/D99_v2.0_dist.tgz:D99_v2.0_dist/surfs_right/D99_v2.PrCO.k406.gii,D99_v2.PrCO.k406,406,PrCO,precentral opercular area,,,right,archive_label_surface_right_available,Right-hemisphere GIFTI surface available in D99 tgz; GLB still needs conversion.
macaque_prototype,source/D99_v2.0_dist.tgz:D99_v2.0_dist/D99_v2.0_labels_semicolon.txt,source/D99_v2.0_dist.tgz:D99_v2.0_dist/surfs_right/D99_v2.PEci.k407.gii,D99_v2.PEci.k407,407,PEci,superior parietal lobule area (cingulate sulcus),,,right,archive_label_surface_right_available,Right-hemisphere GIFTI surface available in D99 tgz; GLB still needs conversion.
macaque_prototype,source/D99_v2.0_dist.tgz:D99_v2.0_dist/D99_v2.0_labels_semicolon.txt,source/D99_v2.0_dist.tgz:D99_v2.0_dist/surfs_right/D99_v2.TGdg.k408.gii,D99_v2.TGdg.k408,408,TGdg,granular part of the dorsal temporal pole,,,right,archive_label_surface_right_available,Right-hemisphere GIFTI surface available in D99 tgz; GLB still needs conversion.
macaque_prototype,source/D99_v2.0_dist.tgz:D99_v2.0_dist/D99_v2.0_labels_semicolon.txt,source/D99_v2.0_dist.tgz:D99_v2.0_dist/surfs_right/D99_v2.AIP.k409.gii,D99_v2.AIP.k409,409,AIP,anterior intraparietal area,,,right,archive_label_surface_right_available,Right-hemisphere GIFTI surface available in D99 tgz; GLB still needs conversion.
macaque_prototype,source/D99_v2.0_dist.tgz:D99_v2.0_dist/D99_v2.0_labels_semicolon.txt,source/D99_v2.0_dist.tgz:D99_v2.0_dist/surfs_right/D99_v2.36p.k410.gii,D99_v2.36p.k410,410,36p,"area 36 of the perirhinal cortex, temporal-polar subregion",,,right,archive_label_surface_right_available,Right-hemisphere GIFTI surface available in D99 tgz; GLB still needs conversion.
macaque_prototype,source/D99_v2.0_dist.tgz:D99_v2.0_dist/D99_v2.0_labels_semicolon.txt,source/D99_v2.0_dist.tgz:D99_v2.0_dist/surfs_right/D99_v2.LOP.k411.gii,D99_v2.LOP.k411,411,LOP,lateral occipital parietal area,,,right,archive_label_surface_right_available,Right-hemisphere GIFTI surface available in D99 tgz; GLB still needs conversion.
macaque_prototype,source/D99_v2.0_dist.tgz:D99_v2.0_dist/D99_v2.0_labels_semicolon.txt,source/D99_v2.0_dist.tgz:D99_v2.0_dist/surfs_right/D99_v2.11m.k412.gii,D99_v2.11m.k412,412,11m,orbital prefrontal area,,,right,archive_label_surface_right_available,Right-hemisphere GIFTI surface available in D99 tgz; GLB still needs conversion.
macaque_prototype,source/D99_v2.0_dist.tgz:D99_v2.0_dist/D99_v2.0_labels_semicolon.txt,source/D99_v2.0_dist.tgz:D99_v2.0_dist/surfs_right/D99_v2.RTp.k413.gii,D99_v2.RTp.k413,413,RTp,rostrotemporal (p refers to polar),,,right,archive_label_surface_right_available,Right-hemisphere GIFTI surface available in D99 tgz; GLB still needs conversion.
macaque_prototype,source/D99_v2.0_dist.tgz:D99_v2.0_dist/D99_v2.0_labels_semicolon.txt,source/D99_v2.0_dist.tgz:D99_v2.0_dist/surfs_right/D99_v2.AONl.k414.gii,D99_v2.AONl.k414,414,AONl,"anterior olfactory nucleus, lateral division",,,right,archive_label_surface_right_available,Right-hemisphere GIFTI surface available in D99 tgz; GLB still needs conversion.
macaque_prototype,source/D99_v2.0_dist.tgz:D99_v2.0_dist/D99_v2.0_labels_semicolon.txt,source/D99_v2.0_dist.tgz:D99_v2.0_dist/surfs_right/D99_v2.area_25.k415.gii,D99_v2.area_25.k415,415,area_25,medial prefrontal area (subgenual cortex),,,right,archive_label_surface_right_available,Right-hemisphere GIFTI surface available in D99 tgz; GLB still needs conversion.
macaque_prototype,source/D99_v2.0_dist.tgz:D99_v2.0_dist/D99_v2.0_labels_semicolon.txt,source/D99_v2.0_dist.tgz:D99_v2.0_dist/surfs_right/D99_v2.Pir.k416.gii,D99_v2.Pir.k416,416,Pir,piriform cortex,,,right,archive_label_surface_right_available,Right-hemisphere GIFTI surface available in D99 tgz; GLB still needs conversion.
macaque_prototype,source/D99_v2.0_dist.tgz:D99_v2.0_dist/D99_v2.0_labels_semicolon.txt,source/D99_v2.0_dist.tgz:D99_v2.0_dist/surfs_right/D99_v2.Iapm.k417.gii,D99_v2.Iapm.k417,417,Iapm,posteromedial agranular insula area,,,right,archive_label_surface_right_available,Right-hemisphere GIFTI surface available in D99 tgz; GLB still needs conversion.
macaque_prototype,source/D99_v2.0_dist.tgz:D99_v2.0_dist/D99_v2.0_labels_semicolon.txt,source/D99_v2.0_dist.tgz:D99_v2.0_dist/surfs_right/D99_v2.RT.k418.gii,D99_v2.RT.k418,418,RT,"rostrotemporal, core region of the auditory cortex",,,right,archive_label_surface_right_available,Right-hemisphere GIFTI surface available in D99 tgz; GLB still needs conversion.
macaque_prototype,source/D99_v2.0_dist.tgz:D99_v2.0_dist/D99_v2.0_labels_semicolon.txt,source/D99_v2.0_dist.tgz:D99_v2.0_dist/surfs_right/D99_v2.7a_(Opt-PG).k419.gii,D99_v2.7a__Opt-PG_.k419,419,7a_(Opt/PG),caudal inferior parietal lobule area (or Opt / PG),,,right,archive_label_surface_right_available,Right-hemisphere GIFTI surface available in D99 tgz; GLB still needs conversion.
macaque_prototype,source/D99_v2.0_dist.tgz:D99_v2.0_dist/D99_v2.0_labels_semicolon.txt,source/D99_v2.0_dist.tgz:D99_v2.0_dist/surfs_right/D99_v2.TEpv.k420.gii,D99_v2.TEpv.k420,420,TEpv,ventral subregion of posterior TE,,,right,archive_label_surface_right_available,Right-hemisphere GIFTI surface available in D99 tgz; GLB still needs conversion.
macaque_prototype,source/D99_v2.0_dist.tgz:D99_v2.0_dist/D99_v2.0_labels_semicolon.txt,source/D99_v2.0_dist.tgz:D99_v2.0_dist/surfs_right/D99_v2.V3A.k421.gii,D99_v2.V3A.k421,421,V3A,visual area V3A,,,right,archive_label_surface_right_available,Right-hemisphere GIFTI surface available in D99 tgz; GLB still needs conversion.
macaque_prototype,source/D99_v2.0_dist.tgz:D99_v2.0_dist/D99_v2.0_labels_semicolon.txt,source/D99_v2.0_dist.tgz:D99_v2.0_dist/surfs_right/D99_v2.45a.k422.gii,D99_v2.45a.k422,422,45a,ventro-lateral prefrontal area,,,right,archive_label_surface_right_available,Right-hemisphere GIFTI surface available in D99 tgz; GLB still needs conversion.
macaque_prototype,source/D99_v2.0_dist.tgz:D99_v2.0_dist/D99_v2.0_labels_semicolon.txt,source/D99_v2.0_dist.tgz:D99_v2.0_dist/surfs_right/D99_v2.TEO.k423.gii,D99_v2.TEO.k423,423,TEO,area TEO,,,right,archive_label_surface_right_available,Right-hemisphere GIFTI surface available in D99 tgz; GLB still needs conversion.
macaque_prototype,source/D99_v2.0_dist.tgz:D99_v2.0_dist/D99_v2.0_labels_semicolon.txt,source/D99_v2.0_dist.tgz:D99_v2.0_dist/surfs_right/D99_v2.F7.k424.gii,D99_v2.F7.k424,424,F7,agranular frontal area F7 (or 6DR),,,right,archive_label_surface_right_available,Right-hemisphere GIFTI surface available in D99 tgz; GLB still needs conversion.
macaque_prototype,source/D99_v2.0_dist.tgz:D99_v2.0_dist/D99_v2.0_labels_semicolon.txt,source/D99_v2.0_dist.tgz:D99_v2.0_dist/surfs_right/D99_v2.46d.k425.gii,D99_v2.46d.k425,425,46d,dorso-lateral prefrontal area in the dorsal bank and lip of the principal sulcus (ps),,,right,archive_label_surface_right_available,Right-hemisphere GIFTI surface available in D99 tgz; GLB still needs conversion.
macaque_prototype,source/D99_v2.0_dist.tgz:D99_v2.0_dist/D99_v2.0_labels_semicolon.txt,source/D99_v2.0_dist.tgz:D99_v2.0_dist/surfs_right/D99_v2.Iai.k426.gii,D99_v2.Iai.k426,426,Iai,intermediate agranular insula area,,,right,archive_label_surface_right_available,Right-hemisphere GIFTI surface available in D99 tgz; GLB still needs conversion.
macaque_prototype,source/D99_v2.0_dist.tgz:D99_v2.0_dist/D99_v2.0_labels_semicolon.txt,source/D99_v2.0_dist.tgz:D99_v2.0_dist/surfs_right/D99_v2.F5_(6Va-6Vb).k427.gii,D99_v2.F5__6Va-6Vb_.k427,427,F5_(6Va/6Vb),agranular frontal area F5 (or 6Va/6Vb),,,right,archive_label_surface_right_available,Right-hemisphere GIFTI surface available in D99 tgz; GLB still needs conversion.
macaque_prototype,source/D99_v2.0_dist.tgz:D99_v2.0_dist/D99_v2.0_labels_semicolon.txt,source/D99_v2.0_dist.tgz:D99_v2.0_dist/surfs_right/D99_v2.LIPd.k428.gii,D99_v2.LIPd.k428,428,LIPd,"lateral intraparietal area, dorsal subdivision",,,right,archive_label_surface_right_available,Right-hemisphere GIFTI surface available in D99 tgz; GLB still needs conversion.
macaque_prototype,source/D99_v2.0_dist.tgz:D99_v2.0_dist/D99_v2.0_labels_semicolon.txt,source/D99_v2.0_dist.tgz:D99_v2.0_dist/surfs_right/D99_v2.V2.k429.gii,D99_v2.V2.k429,429,V2,visual area 2,,,right,archive_label_surface_right_available,Right-hemisphere GIFTI surface available in D99 tgz; GLB still needs conversion.
macaque_prototype,source/D99_v2.0_dist.tgz:D99_v2.0_dist/D99_v2.0_labels_semicolon.txt,source/D99_v2.0_dist.tgz:D99_v2.0_dist/surfs_right/D99_v2.36r.k430.gii,D99_v2.36r.k430,430,36r,"area 36 of the perirhinal cortex, rostral subregion",,,right,archive_label_surface_right_available,Right-hemisphere GIFTI surface available in D99 tgz; GLB still needs conversion.
macaque_prototype,source/D99_v2.0_dist.tgz:D99_v2.0_dist/D99_v2.0_labels_semicolon.txt,source/D99_v2.0_dist.tgz:D99_v2.0_dist/surfs_right/D99_v2.12l.k431.gii,D99_v2.12l.k431,431,12l,ventro-lateral prefrontal area,,,right,archive_label_surface_right_available,Right-hemisphere GIFTI surface available in D99 tgz; GLB still needs conversion.
macaque_prototype,source/D99_v2.0_dist.tgz:D99_v2.0_dist/D99_v2.0_labels_semicolon.txt,source/D99_v2.0_dist.tgz:D99_v2.0_dist/surfs_right/D99_v2.5_(PEa).k432.gii,D99_v2.5__PEa_.k432,432,5_(PEa),superior parietal lobule area (or PEa),,,right,archive_label_surface_right_available,Right-hemisphere GIFTI surface available in D99 tgz; GLB still needs conversion.
macaque_prototype,source/D99_v2.0_dist.tgz:D99_v2.0_dist/D99_v2.0_labels_semicolon.txt,source/D99_v2.0_dist.tgz:D99_v2.0_dist/surfs_right/D99_v2.TGsts.k433.gii,D99_v2.TGsts.k433,433,TGsts,sts part of the temporal pole,,,right,archive_label_surface_right_available,Right-hemisphere GIFTI surface available in D99 tgz; GLB still needs conversion.
macaque_prototype,source/D99_v2.0_dist.tgz:D99_v2.0_dist/D99_v2.0_labels_semicolon.txt,source/D99_v2.0_dist.tgz:D99_v2.0_dist/surfs_right/D99_v2.RTM.k434.gii,D99_v2.RTM.k434,434,RTM,"medial rostrotemporal, belt region of the auditory cortex",,,right,archive_label_surface_right_available,Right-hemisphere GIFTI surface available in D99 tgz; GLB still needs conversion.
macaque_prototype,source/D99_v2.0_dist.tgz:D99_v2.0_dist/D99_v2.0_labels_semicolon.txt,source/D99_v2.0_dist.tgz:D99_v2.0_dist/surfs_right/D99_v2.3a-b.k435.gii,D99_v2.3a-b.k435,435,3a/b,somatosensory areas 3a and 3b,,,right,archive_label_surface_right_available,Right-hemisphere GIFTI surface available in D99 tgz; GLB still needs conversion.
macaque_prototype,source/D99_v2.0_dist.tgz:D99_v2.0_dist/D99_v2.0_labels_semicolon.txt,source/D99_v2.0_dist.tgz:D99_v2.0_dist/surfs_right/D99_v2.ME.k436.gii,D99_v2.ME.k436,436,ME,medial nucleus of amygdala,,,right,archive_label_surface_right_available,Right-hemisphere GIFTI surface available in D99 tgz; GLB still needs conversion.
macaque_prototype,source/D99_v2.0_dist.tgz:D99_v2.0_dist/D99_v2.0_labels_semicolon.txt,source/D99_v2.0_dist.tgz:D99_v2.0_dist/surfs_right/D99_v2.AHA.k437.gii,D99_v2.AHA.k437,437,AHA,amygdalohippocampal area,,,right,archive_label_surface_right_available,Right-hemisphere GIFTI surface available in D99 tgz; GLB still needs conversion.
macaque_prototype,source/D99_v2.0_dist.tgz:D99_v2.0_dist/D99_v2.0_labels_semicolon.txt,source/D99_v2.0_dist.tgz:D99_v2.0_dist/surfs_right/D99_v2.TGa.k438.gii,D99_v2.TGa.k438,438,TGa,agranular part of the temporal pole,,,right,archive_label_surface_right_available,Right-hemisphere GIFTI surface available in D99 tgz; GLB still needs conversion.
macaque_prototype,source/D99_v2.0_dist.tgz:D99_v2.0_dist/D99_v2.0_labels_semicolon.txt,source/D99_v2.0_dist.tgz:D99_v2.0_dist/surfs_right/D99_v2.V6Ad.k439.gii,D99_v2.V6Ad.k439,439,V6Ad,"visual area 6A, dorsal division",,,right,archive_label_surface_right_available,Right-hemisphere GIFTI surface available in D99 tgz; GLB still needs conversion.
macaque_prototype,source/D99_v2.0_dist.tgz:D99_v2.0_dist/D99_v2.0_labels_semicolon.txt,source/D99_v2.0_dist.tgz:D99_v2.0_dist/surfs_right/D99_v2.TF.k440.gii,D99_v2.TF.k440,440,TF,area TF of the parahippocampal cortex,,,right,archive_label_surface_right_available,Right-hemisphere GIFTI surface available in D99 tgz; GLB still needs conversion.
macaque_prototype,source/D99_v2.0_dist.tgz:D99_v2.0_dist/D99_v2.0_labels_semicolon.txt,source/D99_v2.0_dist.tgz:D99_v2.0_dist/surfs_right/D99_v2.45b.k441.gii,D99_v2.45b.k441,441,45b,ventro-lateral prefrontal area in the arcuate sulcus lower limb (asl),,,right,archive_label_surface_right_available,Right-hemisphere GIFTI surface available in D99 tgz; GLB still needs conversion.
macaque_prototype,source/D99_v2.0_dist.tgz:D99_v2.0_dist/D99_v2.0_labels_semicolon.txt,source/D99_v2.0_dist.tgz:D99_v2.0_dist/surfs_right/D99_v2.TEad.k442.gii,D99_v2.TEad.k442,442,TEad,dorsal subregion of anterior TE,,,right,archive_label_surface_right_available,Right-hemisphere GIFTI surface available in D99 tgz; GLB still needs conversion.
macaque_prototype,source/D99_v2.0_dist.tgz:D99_v2.0_dist/D99_v2.0_labels_semicolon.txt,source/D99_v2.0_dist.tgz:D99_v2.0_dist/surfs_right/D99_v2.PGa.k443.gii,D99_v2.PGa.k443,443,PGa,sts fundus/dorsal bank area,,,right,archive_label_surface_right_available,Right-hemisphere GIFTI surface available in D99 tgz; GLB still needs conversion.
macaque_prototype,source/D99_v2.0_dist.tgz:D99_v2.0_dist/D99_v2.0_labels_semicolon.txt,source/D99_v2.0_dist.tgz:D99_v2.0_dist/surfs_right/D99_v2.F4.k444.gii,D99_v2.F4.k444,444,F4,agranular frontal area F4 (or 4C/6Va/6Vb),,,right,archive_label_surface_right_available,Right-hemisphere GIFTI surface available in D99 tgz; GLB still needs conversion.
macaque_prototype,source/D99_v2.0_dist.tgz:D99_v2.0_dist/D99_v2.0_labels_semicolon.txt,source/D99_v2.0_dist.tgz:D99_v2.0_dist/surfs_right/D99_v2.Bmc.k445.gii,D99_v2.Bmc.k445,445,Bmc,"basal nucleus of amygdala, magnocellular subdivision",,,right,archive_label_surface_right_available,Right-hemisphere GIFTI surface available in D99 tgz; GLB still needs conversion.
macaque_prototype,source/D99_v2.0_dist.tgz:D99_v2.0_dist/D99_v2.0_labels_semicolon.txt,source/D99_v2.0_dist.tgz:D99_v2.0_dist/surfs_right/D99_v2.8Ad.k446.gii,D99_v2.8Ad.k446,446,8Ad,"periarcuate area (or frontal eye field), dorsal subdivision",,,right,archive_label_surface_right_available,Right-hemisphere GIFTI surface available in D99 tgz; GLB still needs conversion.
macaque_prototype,source/D99_v2.0_dist.tgz:D99_v2.0_dist/D99_v2.0_labels_semicolon.txt,source/D99_v2.0_dist.tgz:D99_v2.0_dist/surfs_right/D99_v2.RTL.k447.gii,D99_v2.RTL.k447,447,RTL,"lateral rostrotemporal, belt region of the auditory cortex",,,right,archive_label_surface_right_available,Right-hemisphere GIFTI surface available in D99 tgz; GLB still needs conversion.
macaque_prototype,source/D99_v2.0_dist.tgz:D99_v2.0_dist/D99_v2.0_labels_semicolon.txt,source/D99_v2.0_dist.tgz:D99_v2.0_dist/surfs_right/D99_v2.12o.k448.gii,D99_v2.12o.k448,448,12o,orbital prefrontal area,,,right,archive_label_surface_right_available,Right-hemisphere GIFTI surface available in D99 tgz; GLB still needs conversion.
macaque_prototype,source/D99_v2.0_dist.tgz:D99_v2.0_dist/D99_v2.0_labels_semicolon.txt,source/D99_v2.0_dist.tgz:D99_v2.0_dist/surfs_right/D99_v2.CM.k449.gii,D99_v2.CM.k449,449,CM,"caudomedial, belt region of the auditory cortex",,,right,archive_label_surface_right_available,Right-hemisphere GIFTI surface available in D99 tgz; GLB still needs conversion.
macaque_prototype,source/D99_v2.0_dist.tgz:D99_v2.0_dist/D99_v2.0_labels_semicolon.txt,source/D99_v2.0_dist.tgz:D99_v2.0_dist/surfs_right/D99_v2.TAa.k450.gii,D99_v2.TAa.k450,450,TAa,sts dorsal bank area,,,right,archive_label_surface_right_available,Right-hemisphere GIFTI surface available in D99 tgz; GLB still needs conversion.
macaque_prototype,source/D99_v2.0_dist.tgz:D99_v2.0_dist/D99_v2.0_labels_semicolon.txt,source/D99_v2.0_dist.tgz:D99_v2.0_dist/surfs_right/D99_v2.F2_(6DR-6DC).k451.gii,D99_v2.F2__6DR-6DC_.k451,451,F2_(6DR/6DC),agranular frontal area F2 (or 6DR/6DC),,,right,archive_label_surface_right_available,Right-hemisphere GIFTI surface available in D99 tgz; GLB still needs conversion.
macaque_prototype,source/D99_v2.0_dist.tgz:D99_v2.0_dist/D99_v2.0_labels_semicolon.txt,source/D99_v2.0_dist.tgz:D99_v2.0_dist/surfs_right/D99_v2.TGvg.k452.gii,D99_v2.TGvg.k452,452,TGvg,ventral granular part of the temporal pole,,,right,archive_label_surface_right_available,Right-hemisphere GIFTI surface available in D99 tgz; GLB still needs conversion.
macaque_prototype,source/D99_v2.0_dist.tgz:D99_v2.0_dist/D99_v2.0_labels_semicolon.txt,source/D99_v2.0_dist.tgz:D99_v2.0_dist/surfs_right/D99_v2.CL.k453.gii,D99_v2.CL.k453,453,CL,"caudal lateral, belt region of the auditory cortex",,,right,archive_label_surface_right_available,Right-hemisphere GIFTI surface available in D99 tgz; GLB still needs conversion.
macaque_prototype,source/D99_v2.0_dist.tgz:D99_v2.0_dist/D99_v2.0_labels_semicolon.txt,source/D99_v2.0_dist.tgz:D99_v2.0_dist/surfs_right/D99_v2.paraS.k455.gii,D99_v2.paraS.k455,455,paraS,parasubiculum,,,right,archive_label_surface_right_available,Right-hemisphere GIFTI surface available in D99 tgz; GLB still needs conversion.
macaque_prototype,source/D99_v2.0_dist.tgz:D99_v2.0_dist/D99_v2.0_labels_semicolon.txt,source/D99_v2.0_dist.tgz:D99_v2.0_dist/surfs_right/D99_v2.TPO.k457.gii,D99_v2.TPO.k457,457,TPO,sts dorsal bank area,,,right,archive_label_surface_right_available,Right-hemisphere GIFTI surface available in D99 tgz; GLB still needs conversion.
macaque_prototype,source/D99_v2.0_dist.tgz:D99_v2.0_dist/D99_v2.0_labels_semicolon.txt,source/D99_v2.0_dist.tgz:D99_v2.0_dist/surfs_right/D99_v2.TEa.k458.gii,D99_v2.TEa.k458,458,TEa,sts ventral bank area,,,right,archive_label_surface_right_available,Right-hemisphere GIFTI surface available in D99 tgz; GLB still needs conversion.
macaque_prototype,source/D99_v2.0_dist.tgz:D99_v2.0_dist/D99_v2.0_labels_semicolon.txt,source/D99_v2.0_dist.tgz:D99_v2.0_dist/surfs_right/D99_v2.IPa.k463.gii,D99_v2.IPa.k463,463,IPa,area IPa (sts fundus),,,right,archive_label_surface_right_available,Right-hemisphere GIFTI surface available in D99 tgz; GLB still needs conversion.
macaque_prototype,source/D99_v2.0_dist.tgz:D99_v2.0_dist/D99_v2.0_labels_semicolon.txt,source/D99_v2.0_dist.tgz:D99_v2.0_dist/surfs_right/D99_v2.ELr.k464.gii,D99_v2.ELr.k464,464,ELr,"entorhinal cortex, lateral division (rostral part)",,,right,archive_label_surface_right_available,Right-hemisphere GIFTI surface available in D99 tgz; GLB still needs conversion.
macaque_prototype,source/D99_v2.0_dist.tgz:D99_v2.0_dist/D99_v2.0_labels_semicolon.txt,source/D99_v2.0_dist.tgz:D99_v2.0_dist/surfs_right/D99_v2.Bpc.k466.gii,D99_v2.Bpc.k466,466,Bpc,"basal nucleus of amygdala, parvicellular subdivision",,,right,archive_label_surface_right_available,Right-hemisphere GIFTI surface available in D99 tgz; GLB still needs conversion.
macaque_prototype,source/D99_v2.0_dist.tgz:D99_v2.0_dist/D99_v2.0_labels_semicolon.txt,source/D99_v2.0_dist.tgz:D99_v2.0_dist/surfs_right/D99_v2.ELc.k467.gii,D99_v2.ELc.k467,467,ELc,"entorhinal cortex, lateral division (caudal part)",,,right,archive_label_surface_right_available,Right-hemisphere GIFTI surface available in D99 tgz; GLB still needs conversion.
macaque_prototype,source/D99_v2.0_dist.tgz:D99_v2.0_dist/D99_v2.0_labels_semicolon.txt,source/D99_v2.0_dist.tgz:D99_v2.0_dist/surfs_right/D99_v2.V2_question.k470.gii,D99_v2.V2_question.k470,470,V2_question,visual area 2 (or transition area)?,,,right,archive_label_surface_right_available,Right-hemisphere GIFTI surface available in D99 tgz; GLB still needs conversion.
macaque_prototype,source/D99_v2.0_dist.tgz:D99_v2.0_dist/D99_v2.0_labels_semicolon.txt,source/D99_v2.0_dist.tgz:D99_v2.0_dist/surfs_right/D99_v2.V2_or_v23b_question.k472.gii,D99_v2.V2_or_v23b_question.k472,472,V2_or_v23b_question,visual area 2 or subregion of posterior cingulate cortex?,,,right,archive_label_surface_right_available,Right-hemisphere GIFTI surface available in D99 tgz; GLB still needs conversion.
macaque_prototype,source/D99_v2.0_dist.tgz:D99_v2.0_dist/D99_v2.0_labels_semicolon.txt,source/D99_v2.0_dist.tgz:D99_v2.0_dist/surfs_right/D99_v2.cla.k474.gii,D99_v2.cla.k474,474,cla,claustrum,,,right,archive_label_surface_right_available,Right-hemisphere GIFTI surface available in D99 tgz; GLB still needs conversion.
macaque_prototype,source/D99_v2.0_dist.tgz:D99_v2.0_dist/D99_v2.0_labels_semicolon.txt,source/D99_v2.0_dist.tgz:D99_v2.0_dist/surfs_right/D99_v2.PL_prime.k477.gii,D99_v2.PL_prime.k477,477,PL_prime,paralaminar nucleus in amygdala,,,right,archive_label_surface_right_available,Right-hemisphere GIFTI surface available in D99 tgz; GLB still needs conversion.
macaque_prototype,source/D99_v2.0_dist.tgz:D99_v2.0_dist/D99_v2.0_labels_semicolon.txt,source/D99_v2.0_dist.tgz:D99_v2.0_dist/surfs_right/D99_v2.NLOT.k478.gii,D99_v2.NLOT.k478,478,NLOT,nucleus of the lateral olfactory tract,,,right,archive_label_surface_right_available,Right-hemisphere GIFTI surface available in D99 tgz; GLB still needs conversion.
macaque_prototype,source/D99_v2.0_dist.tgz:D99_v2.0_dist/D99_v2.0_labels_semicolon.txt,source/D99_v2.0_dist.tgz:D99_v2.0_dist/surfs_right/D99_v2.PAC3.k479.gii,D99_v2.PAC3.k479,479,PAC3,periamygdaloid cortex 3,,,right,archive_label_surface_right_available,Right-hemisphere GIFTI surface available in D99 tgz; GLB still needs conversion.
macaque_prototype,source/D99_v2.0_dist.tgz:D99_v2.0_dist/D99_v2.0_labels_semicolon.txt,source/D99_v2.0_dist.tgz:D99_v2.0_dist/surfs_right/D99_v2.PACs.k480.gii,D99_v2.PACs.k480,480,PACs,"periamygdaloid cortex, sulcal portion",,,right,archive_label_surface_right_available,Right-hemisphere GIFTI surface available in D99 tgz; GLB still needs conversion.
macaque_prototype,source/D99_v2.0_dist.tgz:D99_v2.0_dist/D99_v2.0_labels_semicolon.txt,source/D99_v2.0_dist.tgz:D99_v2.0_dist/surfs_right/D99_v2.area_30.k482.gii,D99_v2.area_30.k482,482,area_30,retrosplenial cortex,,,right,archive_label_surface_right_available,Right-hemisphere GIFTI surface available in D99 tgz; GLB still needs conversion.
macaque_prototype,source/D99_v2.0_dist.tgz:D99_v2.0_dist/D99_v2.0_labels_semicolon.txt,source/D99_v2.0_dist.tgz:D99_v2.0_dist/surfs_right/D99_v2.24b_prime.k483.gii,D99_v2.24b_prime.k483,483,24b_prime,subregion of anterior cingulate cortex,,,right,archive_label_surface_right_available,Right-hemisphere GIFTI surface available in D99 tgz; GLB still needs conversion.
macaque_prototype,source/D99_v2.0_dist.tgz:D99_v2.0_dist/D99_v2.0_labels_semicolon.txt,source/D99_v2.0_dist.tgz:D99_v2.0_dist/surfs_right/D99_v2.24a.k484.gii,D99_v2.24a.k484,484,24a,subregion of anterior cingulate cortex,,,right,archive_label_surface_right_available,Right-hemisphere GIFTI surface available in D99 tgz; GLB still needs conversion.
macaque_prototype,source/D99_v2.0_dist.tgz:D99_v2.0_dist/D99_v2.0_labels_semicolon.txt,source/D99_v2.0_dist.tgz:D99_v2.0_dist/surfs_right/D99_v2.24c_prime.k485.gii,D99_v2.24c_prime.k485,485,24c_prime,subregion of anterior cingulate cortex,,,right,archive_label_surface_right_available,Right-hemisphere GIFTI surface available in D99 tgz; GLB still needs conversion.
macaque_prototype,source/D99_v2.0_dist.tgz:D99_v2.0_dist/D99_v2.0_labels_semicolon.txt,source/D99_v2.0_dist.tgz:D99_v2.0_dist/surfs_right/D99_v2.14c.k486.gii,D99_v2.14c.k486,486,14c,orbito-medial prefrontal area (gyrus rectus),,,right,archive_label_surface_right_available,Right-hemisphere GIFTI surface available in D99 tgz; GLB still needs conversion.
macaque_prototype,source/D99_v2.0_dist.tgz:D99_v2.0_dist/D99_v2.0_labels_semicolon.txt,source/D99_v2.0_dist.tgz:D99_v2.0_dist/surfs_right/D99_v2.proS.k487.gii,D99_v2.proS.k487,487,proS,prosubiculum,,,right,archive_label_surface_right_available,Right-hemisphere GIFTI surface available in D99 tgz; GLB still needs conversion.
macaque_prototype,source/D99_v2.0_dist.tgz:D99_v2.0_dist/D99_v2.0_labels_semicolon.txt,source/D99_v2.0_dist.tgz:D99_v2.0_dist/surfs_right/D99_v2.CA3.k488.gii,D99_v2.CA3.k488,488,CA3,CA3 subfield of hippocampus,,,right,archive_label_surface_right_available,Right-hemisphere GIFTI surface available in D99 tgz; GLB still needs conversion.
macaque_prototype,source/D99_v2.0_dist.tgz:D99_v2.0_dist/D99_v2.0_labels_semicolon.txt,source/D99_v2.0_dist.tgz:D99_v2.0_dist/surfs_right/D99_v2.CA4.k489.gii,D99_v2.CA4.k489,489,CA4,CA4 subfield of hippocampus,,,right,archive_label_surface_right_available,Right-hemisphere GIFTI surface available in D99 tgz; GLB still needs conversion.
macaque_prototype,source/D99_v2.0_dist.tgz:D99_v2.0_dist/D99_v2.0_labels_semicolon.txt,source/D99_v2.0_dist.tgz:D99_v2.0_dist/surfs_right/D99_v2.FD.k490.gii,D99_v2.FD.k490,490,FD,fascia dentata (granule cell layer),,,right,archive_label_surface_right_available,Right-hemisphere GIFTI surface available in D99 tgz; GLB still needs conversion.
macaque_prototype,source/D99_v2.0_dist.tgz:D99_v2.0_dist/D99_v2.0_labels_semicolon.txt,source/D99_v2.0_dist.tgz:D99_v2.0_dist/surfs_right/D99_v2.TTv.k491.gii,D99_v2.TTv.k491,491,TTv,ventral tenia tectum,,,right,archive_label_surface_right_available,Right-hemisphere GIFTI surface available in D99 tgz; GLB still needs conversion.
macaque_prototype,source/D99_v2.0_dist.tgz:D99_v2.0_dist/D99_v2.0_labels_semicolon.txt,source/D99_v2.0_dist.tgz:D99_v2.0_dist/surfs_right/D99_v2.EO.k492.gii,D99_v2.EO.k492,492,EO,"entorhinal cortex, olfactory division",,,right,archive_label_surface_right_available,Right-hemisphere GIFTI surface available in D99 tgz; GLB still needs conversion.
macaque_prototype,source/D99_v2.0_dist.tgz:D99_v2.0_dist/D99_v2.0_labels_semicolon.txt,source/D99_v2.0_dist.tgz:D99_v2.0_dist/surfs_right/D99_v2.TH.k493.gii,D99_v2.TH.k493,493,TH,area TH of the parahippocampal cortex,,,right,archive_label_surface_right_available,Right-hemisphere GIFTI surface available in D99 tgz; GLB still needs conversion.
macaque_prototype,source/D99_v2.0_dist.tgz:D99_v2.0_dist/D99_v2.0_labels_semicolon.txt,source/D99_v2.0_dist.tgz:D99_v2.0_dist/surfs_right/D99_v2.PACo-Pir.k508.gii,D99_v2.PACo-Pir.k508,508,PACo/Pir,periamygdaloid cortex o/piriform cortex,,,right,archive_label_surface_right_available,Right-hemisphere GIFTI surface available in D99 tgz; GLB still needs conversion.
macaque_prototype,source/D99_v2.0_dist.tgz:D99_v2.0_dist/D99_v2.0_labels_semicolon.txt,source/D99_v2.0_dist.tgz:D99_v2.0_dist/surfs_right/D99_v2.PAC2.k509.gii,D99_v2.PAC2.k509,509,PAC2,periamygdaloid cortex 2,,,right,archive_label_surface_right_available,Right-hemisphere GIFTI surface available in D99 tgz; GLB still needs conversion.
macaque_prototype,source/D99_v2.0_dist.tgz:D99_v2.0_dist/D99_v2.0_labels_semicolon.txt,source/D99_v2.0_dist.tgz:D99_v2.0_dist/surfs_right/D99_v2.MGv.k510.gii,D99_v2.MGv.k510,510,MGv,"medial geniculate nucleus, ventral division",,,right,archive_label_surface_right_available,Right-hemisphere GIFTI surface available in D99 tgz; GLB still needs conversion.
macaque_prototype,source/D99_v2.0_dist.tgz:D99_v2.0_dist/D99_v2.0_labels_semicolon.txt,source/D99_v2.0_dist.tgz:D99_v2.0_dist/surfs_right/D99_v2.MGad.k511.gii,D99_v2.MGad.k511,511,MGad,"medial geniculate nucleus, anterodorsal division",,,right,archive_label_surface_right_available,Right-hemisphere GIFTI surface available in D99 tgz; GLB still needs conversion.
macaque_prototype,source/D99_v2.0_dist.tgz:D99_v2.0_dist/D99_v2.0_labels_semicolon.txt,source/D99_v2.0_dist.tgz:D99_v2.0_dist/surfs_right/D99_v2.MGm.k512.gii,D99_v2.MGm.k512,512,MGm,"medial geniculate nucleus, medial division",,,right,archive_label_surface_right_available,Right-hemisphere GIFTI surface available in D99 tgz; GLB still needs conversion.
macaque_prototype,source/D99_v2.0_dist.tgz:D99_v2.0_dist/D99_v2.0_labels_semicolon.txt,source/D99_v2.0_dist.tgz:D99_v2.0_dist/surfs_right/D99_v2.MGz.k513.gii,D99_v2.MGz.k513,513,MGz,"medial geniculate nucleus, transition zone",,,right,archive_label_surface_right_available,Right-hemisphere GIFTI surface available in D99 tgz; GLB still needs conversion.
macaque_prototype,source/D99_v2.0_dist.tgz:D99_v2.0_dist/D99_v2.0_labels_semicolon.txt,source/D99_v2.0_dist.tgz:D99_v2.0_dist/surfs_right/D99_v2.MGpd.k514.gii,D99_v2.MGpd.k514,514,MGpd,"medial geniculate nucleus, posterodorsal division",,,right,archive_label_surface_right_available,Right-hemisphere GIFTI surface available in D99 tgz; GLB still needs conversion.
macaque_prototype,source/D99_v2.0_dist.tgz:D99_v2.0_dist/D99_v2.0_labels_semicolon.txt,source/D99_v2.0_dist.tgz:D99_v2.0_dist/surfs_right/D99_v2.Iapl.k516.gii,D99_v2.Iapl.k516,516,Iapl,posterolateral agranular insula area,,,right,archive_label_surface_right_available,Right-hemisphere GIFTI surface available in D99 tgz; GLB still needs conversion.
macaque_prototype,source/D99_v2.0_dist.tgz:D99_v2.0_dist/D99_v2.0_labels_semicolon.txt,source/D99_v2.0_dist.tgz:D99_v2.0_dist/surfs_right/D99_v2.Ri.k522.gii,D99_v2.Ri.k522,522,Ri,retroinsula,,,right,archive_label_surface_right_available,Right-hemisphere GIFTI surface available in D99 tgz; GLB still needs conversion.
