species,source_asset,source_mesh_file,glb_mesh_name,structure_id,acronym,label,group,parent_id,hemisphere,catalog_status,notes
marmoset,source/NIH_labels_cortex_and_subcortical.xlsx:NIH_cortex_vL,source/NIH_Marmoset_Atlas_V1_master.zip:NIH_Marmoset_Atlas_V1-master/v1.1/NIH_cortex_vL_150um.nii.gz,1_DLPFC,1,DLPFC,Dorsolateral prefrontal cortex,NIH_cortex_vL,,,label_from_xlsx_volume,Merged NIH Marmoset Atlas v1.1 workbook row; group is parcellation block. Matching NIfTI volume available.
marmoset,source/NIH_labels_cortex_and_subcortical.xlsx:NIH_cortex_vL,source/NIH_Marmoset_Atlas_V1_master.zip:NIH_Marmoset_Atlas_V1-master/v1.1/NIH_cortex_vL_150um.nii.gz,2_VLPFC,2,VLPFC,Ventrolateral prefrontal cortex,NIH_cortex_vL,,,label_from_xlsx_volume,Merged NIH Marmoset Atlas v1.1 workbook row; group is parcellation block. Matching NIfTI volume available.
marmoset,source/NIH_labels_cortex_and_subcortical.xlsx:NIH_cortex_vL,source/NIH_Marmoset_Atlas_V1_master.zip:NIH_Marmoset_Atlas_V1-master/v1.1/NIH_cortex_vL_150um.nii.gz,3_MPFC,3,MPFC,Medial prefrontal cortex,NIH_cortex_vL,,,label_from_xlsx_volume,Merged NIH Marmoset Atlas v1.1 workbook row; group is parcellation block. Matching NIfTI volume available.
marmoset,source/NIH_labels_cortex_and_subcortical.xlsx:NIH_cortex_vL,source/NIH_Marmoset_Atlas_V1_master.zip:NIH_Marmoset_Atlas_V1-master/v1.1/NIH_cortex_vL_150um.nii.gz,4_OFC,4,OFC,Orbital frontal cortex,NIH_cortex_vL,,,label_from_xlsx_volume,Merged NIH Marmoset Atlas v1.1 workbook row; group is parcellation block. Matching NIfTI volume available.
marmoset,source/NIH_labels_cortex_and_subcortical.xlsx:NIH_cortex_vL,source/NIH_Marmoset_Atlas_V1_master.zip:NIH_Marmoset_Atlas_V1-master/v1.1/NIH_cortex_vL_150um.nii.gz,5_MOT,5,MOT,Motor and premotor cortical regions,NIH_cortex_vL,,,label_from_xlsx_volume,Merged NIH Marmoset Atlas v1.1 workbook row; group is parcellation block. Matching NIfTI volume available.
marmoset,source/NIH_labels_cortex_and_subcortical.xlsx:NIH_cortex_vL,source/NIH_Marmoset_Atlas_V1_master.zip:NIH_Marmoset_Atlas_V1-master/v1.1/NIH_cortex_vL_150um.nii.gz,6_SS,6,SS,Somatosensory cortex,NIH_cortex_vL,,,label_from_xlsx_volume,Merged NIH Marmoset Atlas v1.1 workbook row; group is parcellation block. Matching NIfTI volume available.
marmoset,source/NIH_labels_cortex_and_subcortical.xlsx:NIH_cortex_vL,source/NIH_Marmoset_Atlas_V1_master.zip:NIH_Marmoset_Atlas_V1-master/v1.1/NIH_cortex_vL_150um.nii.gz,7_AU,7,AU,Auditory cortex,NIH_cortex_vL,,,label_from_xlsx_volume,Merged NIH Marmoset Atlas v1.1 workbook row; group is parcellation block. Matching NIfTI volume available.
marmoset,source/NIH_labels_cortex_and_subcortical.xlsx:NIH_cortex_vL,source/NIH_Marmoset_Atlas_V1_master.zip:NIH_Marmoset_Atlas_V1-master/v1.1/NIH_cortex_vL_150um.nii.gz,8_LS,8,LS,Insula and others in lateral sulcus,NIH_cortex_vL,,,label_from_xlsx_volume,Merged NIH Marmoset Atlas v1.1 workbook row; group is parcellation block. Matching NIfTI volume available.
marmoset,source/NIH_labels_cortex_and_subcortical.xlsx:NIH_cortex_vL,source/NIH_Marmoset_Atlas_V1_master.zip:NIH_Marmoset_Atlas_V1-master/v1.1/NIH_cortex_vL_150um.nii.gz,9_LIT,9,LIT,Lateral and inferior temporal cortical region,NIH_cortex_vL,,,label_from_xlsx_volume,Merged NIH Marmoset Atlas v1.1 workbook row; group is parcellation block. Matching NIfTI volume available.
marmoset,source/NIH_labels_cortex_and_subcortical.xlsx:NIH_cortex_vL,source/NIH_Marmoset_Atlas_V1_master.zip:NIH_Marmoset_Atlas_V1-master/v1.1/NIH_cortex_vL_150um.nii.gz,10_VT,10,VT,Ventral areas of the temporal lobe,NIH_cortex_vL,,,label_from_xlsx_volume,Merged NIH Marmoset Atlas v1.1 workbook row; group is parcellation block. Matching NIfTI volume available.
marmoset,source/NIH_labels_cortex_and_subcortical.xlsx:NIH_cortex_vL,source/NIH_Marmoset_Atlas_V1_master.zip:NIH_Marmoset_Atlas_V1-master/v1.1/NIH_cortex_vL_150um.nii.gz,11_PPC,11,PPC,Posterior parietal cortex,NIH_cortex_vL,,,label_from_xlsx_volume,Merged NIH Marmoset Atlas v1.1 workbook row; group is parcellation block. Matching NIfTI volume available.
marmoset,source/NIH_labels_cortex_and_subcortical.xlsx:NIH_cortex_vL,source/NIH_Marmoset_Atlas_V1_master.zip:NIH_Marmoset_Atlas_V1-master/v1.1/NIH_cortex_vL_150um.nii.gz,12_PCRSC,12,PCRSC,Posterior cingulate and restrospenial regions,NIH_cortex_vL,,,label_from_xlsx_volume,Merged NIH Marmoset Atlas v1.1 workbook row; group is parcellation block. Matching NIfTI volume available.
marmoset,source/NIH_labels_cortex_and_subcortical.xlsx:NIH_cortex_vL,source/NIH_Marmoset_Atlas_V1_master.zip:NIH_Marmoset_Atlas_V1-master/v1.1/NIH_cortex_vL_150um.nii.gz,13_VC,13,VC,Visual cortex,NIH_cortex_vL,,,label_from_xlsx_volume,Merged NIH Marmoset Atlas v1.1 workbook row; group is parcellation block. Matching NIfTI volume available.
marmoset,source/NIH_labels_cortex_and_subcortical.xlsx:NIH_cortex_vM,source/NIH_Marmoset_Atlas_V1_master.zip:NIH_Marmoset_Atlas_V1-master/v1.1/NIH_cortex_vM_150um.nii.gz,1_A10,1,A10,Area 10,NIH_cortex_vM,,,label_from_xlsx_volume,Merged NIH Marmoset Atlas v1.1 workbook row; group is parcellation block. Matching NIfTI volume available.
marmoset,source/NIH_labels_cortex_and_subcortical.xlsx:NIH_cortex_vM,source/NIH_Marmoset_Atlas_V1_master.zip:NIH_Marmoset_Atlas_V1-master/v1.1/NIH_cortex_vM_150um.nii.gz,2_A9,2,A9,Area 9,NIH_cortex_vM,,,label_from_xlsx_volume,Merged NIH Marmoset Atlas v1.1 workbook row; group is parcellation block. Matching NIfTI volume available.
marmoset,source/NIH_labels_cortex_and_subcortical.xlsx:NIH_cortex_vM,source/NIH_Marmoset_Atlas_V1_master.zip:NIH_Marmoset_Atlas_V1-master/v1.1/NIH_cortex_vM_150um.nii.gz,3_A46,3,A46,Area 46,NIH_cortex_vM,,,label_from_xlsx_volume,Merged NIH Marmoset Atlas v1.1 workbook row; group is parcellation block. Matching NIfTI volume available.
marmoset,source/NIH_labels_cortex_and_subcortical.xlsx:NIH_cortex_vM,source/NIH_Marmoset_Atlas_V1_master.zip:NIH_Marmoset_Atlas_V1-master/v1.1/NIH_cortex_vM_150um.nii.gz,4_A8,4,A8,Area 8,NIH_cortex_vM,,,label_from_xlsx_volume,Merged NIH Marmoset Atlas v1.1 workbook row; group is parcellation block. Matching NIfTI volume available.
marmoset,source/NIH_labels_cortex_and_subcortical.xlsx:NIH_cortex_vM,source/NIH_Marmoset_Atlas_V1_master.zip:NIH_Marmoset_Atlas_V1-master/v1.1/NIH_cortex_vM_150um.nii.gz,5_A47,5,A47,Area 47,NIH_cortex_vM,,,label_from_xlsx_volume,Merged NIH Marmoset Atlas v1.1 workbook row; group is parcellation block. Matching NIfTI volume available.
marmoset,source/NIH_labels_cortex_and_subcortical.xlsx:NIH_cortex_vM,source/NIH_Marmoset_Atlas_V1_master.zip:NIH_Marmoset_Atlas_V1-master/v1.1/NIH_cortex_vM_150um.nii.gz,6_A45,6,A45,Area 45,NIH_cortex_vM,,,label_from_xlsx_volume,Merged NIH Marmoset Atlas v1.1 workbook row; group is parcellation block. Matching NIfTI volume available.
marmoset,source/NIH_labels_cortex_and_subcortical.xlsx:NIH_cortex_vM,source/NIH_Marmoset_Atlas_V1_master.zip:NIH_Marmoset_Atlas_V1-master/v1.1/NIH_cortex_vM_150um.nii.gz,7_ProM,7,ProM,Proisocortical motor region (precentral opercular cortex),NIH_cortex_vM,,,label_from_xlsx_volume,Merged NIH Marmoset Atlas v1.1 workbook row; group is parcellation block. Matching NIfTI volume available.
marmoset,source/NIH_labels_cortex_and_subcortical.xlsx:NIH_cortex_vM,source/NIH_Marmoset_Atlas_V1_master.zip:NIH_Marmoset_Atlas_V1-master/v1.1/NIH_cortex_vM_150um.nii.gz,8_A32,8,A32,Area 32,NIH_cortex_vM,,,label_from_xlsx_volume,Merged NIH Marmoset Atlas v1.1 workbook row; group is parcellation block. Matching NIfTI volume available.
marmoset,source/NIH_labels_cortex_and_subcortical.xlsx:NIH_cortex_vM,source/NIH_Marmoset_Atlas_V1_master.zip:NIH_Marmoset_Atlas_V1-master/v1.1/NIH_cortex_vM_150um.nii.gz,9_A14,9,A14,Area 14,NIH_cortex_vM,,,label_from_xlsx_volume,Merged NIH Marmoset Atlas v1.1 workbook row; group is parcellation block. Matching NIfTI volume available.
marmoset,source/NIH_labels_cortex_and_subcortical.xlsx:NIH_cortex_vM,source/NIH_Marmoset_Atlas_V1_master.zip:NIH_Marmoset_Atlas_V1-master/v1.1/NIH_cortex_vM_150um.nii.gz,10_A24,10,A24,Area 24,NIH_cortex_vM,,,label_from_xlsx_volume,Merged NIH Marmoset Atlas v1.1 workbook row; group is parcellation block. Matching NIfTI volume available.
marmoset,source/NIH_labels_cortex_and_subcortical.xlsx:NIH_cortex_vM,source/NIH_Marmoset_Atlas_V1_master.zip:NIH_Marmoset_Atlas_V1-master/v1.1/NIH_cortex_vM_150um.nii.gz,11_A25,11,A25,Area 25,NIH_cortex_vM,,,label_from_xlsx_volume,Merged NIH Marmoset Atlas v1.1 workbook row; group is parcellation block. Matching NIfTI volume available.
marmoset,source/NIH_labels_cortex_and_subcortical.xlsx:NIH_cortex_vM,source/NIH_Marmoset_Atlas_V1_master.zip:NIH_Marmoset_Atlas_V1-master/v1.1/NIH_cortex_vM_150um.nii.gz,12_A11,12,A11,Area 11,NIH_cortex_vM,,,label_from_xlsx_volume,Merged NIH Marmoset Atlas v1.1 workbook row; group is parcellation block. Matching NIfTI volume available.
marmoset,source/NIH_labels_cortex_and_subcortical.xlsx:NIH_cortex_vM,source/NIH_Marmoset_Atlas_V1_master.zip:NIH_Marmoset_Atlas_V1-master/v1.1/NIH_cortex_vM_150um.nii.gz,13_A13,13,A13,Area 13,NIH_cortex_vM,,,label_from_xlsx_volume,Merged NIH Marmoset Atlas v1.1 workbook row; group is parcellation block. Matching NIfTI volume available.
marmoset,source/NIH_labels_cortex_and_subcortical.xlsx:NIH_cortex_vM,source/NIH_Marmoset_Atlas_V1_master.zip:NIH_Marmoset_Atlas_V1-master/v1.1/NIH_cortex_vM_150um.nii.gz,14_Gu,14,Gu,Gustatory cortex,NIH_cortex_vM,,,label_from_xlsx_volume,Merged NIH Marmoset Atlas v1.1 workbook row; group is parcellation block. Matching NIfTI volume available.
marmoset,source/NIH_labels_cortex_and_subcortical.xlsx:NIH_cortex_vM,source/NIH_Marmoset_Atlas_V1_master.zip:NIH_Marmoset_Atlas_V1-master/v1.1/NIH_cortex_vM_150um.nii.gz,15_OP,15,OP,Orbital proisocortex and preiallocortex,NIH_cortex_vM,,,label_from_xlsx_volume,Merged NIH Marmoset Atlas v1.1 workbook row; group is parcellation block. Matching NIfTI volume available.
marmoset,source/NIH_labels_cortex_and_subcortical.xlsx:NIH_cortex_vM,source/NIH_Marmoset_Atlas_V1_master.zip:NIH_Marmoset_Atlas_V1-master/v1.1/NIH_cortex_vM_150um.nii.gz,16_A6,16,A6,Area 6 (Premotor cortex),NIH_cortex_vM,,,label_from_xlsx_volume,Merged NIH Marmoset Atlas v1.1 workbook row; group is parcellation block. Matching NIfTI volume available.
marmoset,source/NIH_labels_cortex_and_subcortical.xlsx:NIH_cortex_vM,source/NIH_Marmoset_Atlas_V1_master.zip:NIH_Marmoset_Atlas_V1-master/v1.1/NIH_cortex_vM_150um.nii.gz,17_A4,17,A4,Area 4 (Primary motor cortex),NIH_cortex_vM,,,label_from_xlsx_volume,Merged NIH Marmoset Atlas v1.1 workbook row; group is parcellation block. Matching NIfTI volume available.
marmoset,source/NIH_labels_cortex_and_subcortical.xlsx:NIH_cortex_vM,source/NIH_Marmoset_Atlas_V1_master.zip:NIH_Marmoset_Atlas_V1-master/v1.1/NIH_cortex_vM_150um.nii.gz,18_S1,18,S1,Primary somatosensory cortex (Area 1-3),NIH_cortex_vM,,,label_from_xlsx_volume,Merged NIH Marmoset Atlas v1.1 workbook row; group is parcellation block. Matching NIfTI volume available.
marmoset,source/NIH_labels_cortex_and_subcortical.xlsx:NIH_cortex_vM,source/NIH_Marmoset_Atlas_V1_master.zip:NIH_Marmoset_Atlas_V1-master/v1.1/NIH_cortex_vM_150um.nii.gz,19_S2,19,S2,Secondary somatosensory cortex,NIH_cortex_vM,,,label_from_xlsx_volume,Merged NIH Marmoset Atlas v1.1 workbook row; group is parcellation block. Matching NIfTI volume available.
marmoset,source/NIH_labels_cortex_and_subcortical.xlsx:NIH_cortex_vM,source/NIH_Marmoset_Atlas_V1_master.zip:NIH_Marmoset_Atlas_V1-master/v1.1/NIH_cortex_vM_150um.nii.gz,20_Core,20,Core,Auditory core area,NIH_cortex_vM,,,label_from_xlsx_volume,Merged NIH Marmoset Atlas v1.1 workbook row; group is parcellation block. Matching NIfTI volume available.
marmoset,source/NIH_labels_cortex_and_subcortical.xlsx:NIH_cortex_vM,source/NIH_Marmoset_Atlas_V1_master.zip:NIH_Marmoset_Atlas_V1-master/v1.1/NIH_cortex_vM_150um.nii.gz,21_Belt,21,Belt,Auditory belt area,NIH_cortex_vM,,,label_from_xlsx_volume,Merged NIH Marmoset Atlas v1.1 workbook row; group is parcellation block. Matching NIfTI volume available.
marmoset,source/NIH_labels_cortex_and_subcortical.xlsx:NIH_cortex_vM,source/NIH_Marmoset_Atlas_V1_master.zip:NIH_Marmoset_Atlas_V1-master/v1.1/NIH_cortex_vM_150um.nii.gz,22_PB,22,PB,Auditory parabelt area,NIH_cortex_vM,,,label_from_xlsx_volume,Merged NIH Marmoset Atlas v1.1 workbook row; group is parcellation block. Matching NIfTI volume available.
marmoset,source/NIH_labels_cortex_and_subcortical.xlsx:NIH_cortex_vM,source/NIH_Marmoset_Atlas_V1_master.zip:NIH_Marmoset_Atlas_V1-master/v1.1/NIH_cortex_vM_150um.nii.gz,23_STR,23,STR,Superior temporal rostral area,NIH_cortex_vM,,,label_from_xlsx_volume,Merged NIH Marmoset Atlas v1.1 workbook row; group is parcellation block. Matching NIfTI volume available.
marmoset,source/NIH_labels_cortex_and_subcortical.xlsx:NIH_cortex_vM,source/NIH_Marmoset_Atlas_V1_master.zip:NIH_Marmoset_Atlas_V1-master/v1.1/NIH_cortex_vM_150um.nii.gz,24_Ins,24,Ins,Insular cortex,NIH_cortex_vM,,,label_from_xlsx_volume,Merged NIH Marmoset Atlas v1.1 workbook row; group is parcellation block. Matching NIfTI volume available.
marmoset,source/NIH_labels_cortex_and_subcortical.xlsx:NIH_cortex_vM,source/NIH_Marmoset_Atlas_V1_master.zip:NIH_Marmoset_Atlas_V1-master/v1.1/NIH_cortex_vM_150um.nii.gz,25_Pal,25,Pal,Parainsular cortex,NIH_cortex_vM,,,label_from_xlsx_volume,Merged NIH Marmoset Atlas v1.1 workbook row; group is parcellation block. Matching NIfTI volume available.
marmoset,source/NIH_labels_cortex_and_subcortical.xlsx:NIH_cortex_vM,source/NIH_Marmoset_Atlas_V1_master.zip:NIH_Marmoset_Atlas_V1-master/v1.1/NIH_cortex_vM_150um.nii.gz,26_Tpt,26,Tpt,Temporoparietal transitional area,NIH_cortex_vM,,,label_from_xlsx_volume,Merged NIH Marmoset Atlas v1.1 workbook row; group is parcellation block. Matching NIfTI volume available.
marmoset,source/NIH_labels_cortex_and_subcortical.xlsx:NIH_cortex_vM,source/NIH_Marmoset_Atlas_V1_master.zip:NIH_Marmoset_Atlas_V1-master/v1.1/NIH_cortex_vM_150um.nii.gz,27_TPO,27,TPO,Temporo-parito-occipital association area (superior temporal polysensory cortex),NIH_cortex_vM,,,label_from_xlsx_volume,Merged NIH Marmoset Atlas v1.1 workbook row; group is parcellation block. Matching NIfTI volume available.
marmoset,source/NIH_labels_cortex_and_subcortical.xlsx:NIH_cortex_vM,source/NIH_Marmoset_Atlas_V1_master.zip:NIH_Marmoset_Atlas_V1-master/v1.1/NIH_cortex_vM_150um.nii.gz,28_FST,28,FST,Fundus of superior temproal area,NIH_cortex_vM,,,label_from_xlsx_volume,Merged NIH Marmoset Atlas v1.1 workbook row; group is parcellation block. Matching NIfTI volume available.
marmoset,source/NIH_labels_cortex_and_subcortical.xlsx:NIH_cortex_vM,source/NIH_Marmoset_Atlas_V1_master.zip:NIH_Marmoset_Atlas_V1-master/v1.1/NIH_cortex_vM_150um.nii.gz,29_TE,29,TE,Interior temporal area,NIH_cortex_vM,,,label_from_xlsx_volume,Merged NIH Marmoset Atlas v1.1 workbook row; group is parcellation block. Matching NIfTI volume available.
marmoset,source/NIH_labels_cortex_and_subcortical.xlsx:NIH_cortex_vM,source/NIH_Marmoset_Atlas_V1_master.zip:NIH_Marmoset_Atlas_V1-master/v1.1/NIH_cortex_vM_150um.nii.gz,30_TPPro,30,TPPro,Temporopolar proisocortex,NIH_cortex_vM,,,label_from_xlsx_volume,Merged NIH Marmoset Atlas v1.1 workbook row; group is parcellation block. Matching NIfTI volume available.
marmoset,source/NIH_labels_cortex_and_subcortical.xlsx:NIH_cortex_vM,source/NIH_Marmoset_Atlas_V1_master.zip:NIH_Marmoset_Atlas_V1-master/v1.1/NIH_cortex_vM_150um.nii.gz,31_Prh,31,Prh,"Perihinal cortex (Area 35,36)",NIH_cortex_vM,,,label_from_xlsx_volume,Merged NIH Marmoset Atlas v1.1 workbook row; group is parcellation block. Matching NIfTI volume available.
marmoset,source/NIH_labels_cortex_and_subcortical.xlsx:NIH_cortex_vM,source/NIH_Marmoset_Atlas_V1_master.zip:NIH_Marmoset_Atlas_V1-master/v1.1/NIH_cortex_vM_150um.nii.gz,32_Ent,32,Ent,Entorhinal cortex,NIH_cortex_vM,,,label_from_xlsx_volume,Merged NIH Marmoset Atlas v1.1 workbook row; group is parcellation block. Matching NIfTI volume available.
marmoset,source/NIH_labels_cortex_and_subcortical.xlsx:NIH_cortex_vM,source/NIH_Marmoset_Atlas_V1_master.zip:NIH_Marmoset_Atlas_V1-master/v1.1/NIH_cortex_vM_150um.nii.gz,33_PHG,33,PHG,Parahippocampal complex (Temporal area TL/TF/TH),NIH_cortex_vM,,,label_from_xlsx_volume,Merged NIH Marmoset Atlas v1.1 workbook row; group is parcellation block. Matching NIfTI volume available.
marmoset,source/NIH_labels_cortex_and_subcortical.xlsx:NIH_cortex_vM,source/NIH_Marmoset_Atlas_V1_master.zip:NIH_Marmoset_Atlas_V1-master/v1.1/NIH_cortex_vM_150um.nii.gz,34_Pri,34,Pri,Piriform,NIH_cortex_vM,,,label_from_xlsx_volume,Merged NIH Marmoset Atlas v1.1 workbook row; group is parcellation block. Matching NIfTI volume available.
marmoset,source/NIH_labels_cortex_and_subcortical.xlsx:NIH_cortex_vM,source/NIH_Marmoset_Atlas_V1_master.zip:NIH_Marmoset_Atlas_V1-master/v1.1/NIH_cortex_vM_150um.nii.gz,35_SB,35,SB,Subiculum,NIH_cortex_vM,,,label_from_xlsx_volume,Merged NIH Marmoset Atlas v1.1 workbook row; group is parcellation block. Matching NIfTI volume available.
marmoset,source/NIH_labels_cortex_and_subcortical.xlsx:NIH_cortex_vM,source/NIH_Marmoset_Atlas_V1_master.zip:NIH_Marmoset_Atlas_V1-master/v1.1/NIH_cortex_vM_150um.nii.gz,36_PE,36,PE,Parietal area dorsal,NIH_cortex_vM,,,label_from_xlsx_volume,Merged NIH Marmoset Atlas v1.1 workbook row; group is parcellation block. Matching NIfTI volume available.
marmoset,source/NIH_labels_cortex_and_subcortical.xlsx:NIH_cortex_vM,source/NIH_Marmoset_Atlas_V1_master.zip:NIH_Marmoset_Atlas_V1-master/v1.1/NIH_cortex_vM_150um.nii.gz,37_PF_PFG,37,PF/PFG,Parietal area ventral PF and PFG,NIH_cortex_vM,,,label_from_xlsx_volume,Merged NIH Marmoset Atlas v1.1 workbook row; group is parcellation block. Matching NIfTI volume available.
marmoset,source/NIH_labels_cortex_and_subcortical.xlsx:NIH_cortex_vM,source/NIH_Marmoset_Atlas_V1_master.zip:NIH_Marmoset_Atlas_V1-master/v1.1/NIH_cortex_vM_150um.nii.gz,38_PG,38,PG,Parietal area ventral PG,NIH_cortex_vM,,,label_from_xlsx_volume,Merged NIH Marmoset Atlas v1.1 workbook row; group is parcellation block. Matching NIfTI volume available.
marmoset,source/NIH_labels_cortex_and_subcortical.xlsx:NIH_cortex_vM,source/NIH_Marmoset_Atlas_V1_master.zip:NIH_Marmoset_Atlas_V1-master/v1.1/NIH_cortex_vM_150um.nii.gz,39_Opt,39,Opt,Occipito-parietal translational area,NIH_cortex_vM,,,label_from_xlsx_volume,Merged NIH Marmoset Atlas v1.1 workbook row; group is parcellation block. Matching NIfTI volume available.
marmoset,source/NIH_labels_cortex_and_subcortical.xlsx:NIH_cortex_vM,source/NIH_Marmoset_Atlas_V1_master.zip:NIH_Marmoset_Atlas_V1-master/v1.1/NIH_cortex_vM_150um.nii.gz,40_IP,40,IP,Intraparietal area,NIH_cortex_vM,,,label_from_xlsx_volume,Merged NIH Marmoset Atlas v1.1 workbook row; group is parcellation block. Matching NIfTI volume available.
marmoset,source/NIH_labels_cortex_and_subcortical.xlsx:NIH_cortex_vM,source/NIH_Marmoset_Atlas_V1_master.zip:NIH_Marmoset_Atlas_V1-master/v1.1/NIH_cortex_vM_150um.nii.gz,41_A23,41,A23,Area 23,NIH_cortex_vM,,,label_from_xlsx_volume,Merged NIH Marmoset Atlas v1.1 workbook row; group is parcellation block. Matching NIfTI volume available.
marmoset,source/NIH_labels_cortex_and_subcortical.xlsx:NIH_cortex_vM,source/NIH_Marmoset_Atlas_V1_master.zip:NIH_Marmoset_Atlas_V1-master/v1.1/NIH_cortex_vM_150um.nii.gz,42_A29_A30,42,A29/A30,Area 29/A30,NIH_cortex_vM,,,label_from_xlsx_volume,Merged NIH Marmoset Atlas v1.1 workbook row; group is parcellation block. Matching NIfTI volume available.
marmoset,source/NIH_labels_cortex_and_subcortical.xlsx:NIH_cortex_vM,source/NIH_Marmoset_Atlas_V1_master.zip:NIH_Marmoset_Atlas_V1-master/v1.1/NIH_cortex_vM_150um.nii.gz,43_A31,43,A31,Area 31,NIH_cortex_vM,,,label_from_xlsx_volume,Merged NIH Marmoset Atlas v1.1 workbook row; group is parcellation block. Matching NIfTI volume available.
marmoset,source/NIH_labels_cortex_and_subcortical.xlsx:NIH_cortex_vM,source/NIH_Marmoset_Atlas_V1_master.zip:NIH_Marmoset_Atlas_V1-master/v1.1/NIH_cortex_vM_150um.nii.gz,44_PGM,44,PGM,Parietal area medial PGM,NIH_cortex_vM,,,label_from_xlsx_volume,Merged NIH Marmoset Atlas v1.1 workbook row; group is parcellation block. Matching NIfTI volume available.
marmoset,source/NIH_labels_cortex_and_subcortical.xlsx:NIH_cortex_vM,source/NIH_Marmoset_Atlas_V1_master.zip:NIH_Marmoset_Atlas_V1-master/v1.1/NIH_cortex_vM_150um.nii.gz,45_ProSt,45,ProSt,Prostriate area,NIH_cortex_vM,,,label_from_xlsx_volume,Merged NIH Marmoset Atlas v1.1 workbook row; group is parcellation block. Matching NIfTI volume available.
marmoset,source/NIH_labels_cortex_and_subcortical.xlsx:NIH_cortex_vM,source/NIH_Marmoset_Atlas_V1_master.zip:NIH_Marmoset_Atlas_V1-master/v1.1/NIH_cortex_vM_150um.nii.gz,46_V1,46,V1,Visual area V1,NIH_cortex_vM,,,label_from_xlsx_volume,Merged NIH Marmoset Atlas v1.1 workbook row; group is parcellation block. Matching NIfTI volume available.
marmoset,source/NIH_labels_cortex_and_subcortical.xlsx:NIH_cortex_vM,source/NIH_Marmoset_Atlas_V1_master.zip:NIH_Marmoset_Atlas_V1-master/v1.1/NIH_cortex_vM_150um.nii.gz,47_V2,47,V2,Visual area V2,NIH_cortex_vM,,,label_from_xlsx_volume,Merged NIH Marmoset Atlas v1.1 workbook row; group is parcellation block. Matching NIfTI volume available.
marmoset,source/NIH_labels_cortex_and_subcortical.xlsx:NIH_cortex_vM,source/NIH_Marmoset_Atlas_V1_master.zip:NIH_Marmoset_Atlas_V1-master/v1.1/NIH_cortex_vM_150um.nii.gz,48_V3,48,V3,Visual area V3,NIH_cortex_vM,,,label_from_xlsx_volume,Merged NIH Marmoset Atlas v1.1 workbook row; group is parcellation block. Matching NIfTI volume available.
marmoset,source/NIH_labels_cortex_and_subcortical.xlsx:NIH_cortex_vM,source/NIH_Marmoset_Atlas_V1_master.zip:NIH_Marmoset_Atlas_V1-master/v1.1/NIH_cortex_vM_150um.nii.gz,49_V4,49,V4,Visual area V4,NIH_cortex_vM,,,label_from_xlsx_volume,Merged NIH Marmoset Atlas v1.1 workbook row; group is parcellation block. Matching NIfTI volume available.
marmoset,source/NIH_labels_cortex_and_subcortical.xlsx:NIH_cortex_vM,source/NIH_Marmoset_Atlas_V1_master.zip:NIH_Marmoset_Atlas_V1-master/v1.1/NIH_cortex_vM_150um.nii.gz,50_V5,50,V5,Visual area V5 (MT),NIH_cortex_vM,,,label_from_xlsx_volume,Merged NIH Marmoset Atlas v1.1 workbook row; group is parcellation block. Matching NIfTI volume available.
marmoset,source/NIH_labels_cortex_and_subcortical.xlsx:NIH_cortex_vM,source/NIH_Marmoset_Atlas_V1_master.zip:NIH_Marmoset_Atlas_V1-master/v1.1/NIH_cortex_vM_150um.nii.gz,51_V6,51,V6,Visual area V6,NIH_cortex_vM,,,label_from_xlsx_volume,Merged NIH Marmoset Atlas v1.1 workbook row; group is parcellation block. Matching NIfTI volume available.
marmoset,source/NIH_labels_cortex_and_subcortical.xlsx:NIH_cortex_vM,source/NIH_Marmoset_Atlas_V1_master.zip:NIH_Marmoset_Atlas_V1-master/v1.1/NIH_cortex_vM_150um.nii.gz,52_A19DI,52,A19DI,Area 19 dorsointermediate part,NIH_cortex_vM,,,label_from_xlsx_volume,Merged NIH Marmoset Atlas v1.1 workbook row; group is parcellation block. Matching NIfTI volume available.
marmoset,source/NIH_labels_cortex_and_subcortical.xlsx:NIH_cortex_vM,source/NIH_Marmoset_Atlas_V1_master.zip:NIH_Marmoset_Atlas_V1-master/v1.1/NIH_cortex_vM_150um.nii.gz,53_A19M,53,A19M,A19 medial part,NIH_cortex_vM,,,label_from_xlsx_volume,Merged NIH Marmoset Atlas v1.1 workbook row; group is parcellation block. Matching NIfTI volume available.
marmoset,source/NIH_labels_cortex_and_subcortical.xlsx:NIH_cortex_vM,source/NIH_Marmoset_Atlas_V1_master.zip:NIH_Marmoset_Atlas_V1-master/v1.1/NIH_cortex_vM_150um.nii.gz,54_MST,54,MST,Medial superior temporal area,NIH_cortex_vM,,,label_from_xlsx_volume,Merged NIH Marmoset Atlas v1.1 workbook row; group is parcellation block. Matching NIfTI volume available.
marmoset,source/NIH_labels_cortex_and_subcortical.xlsx:NIH_cortex_vH,source/NIH_Marmoset_Atlas_V1_master.zip:NIH_Marmoset_Atlas_V1-master/v1.1/NIH_cortex_vH_150um.nii.gz,1_A10,1,A10,Area 10,NIH_cortex_vH,,,label_from_xlsx_volume,Merged NIH Marmoset Atlas v1.1 workbook row; group is parcellation block. Matching NIfTI volume available.
marmoset,source/NIH_labels_cortex_and_subcortical.xlsx:NIH_cortex_vH,source/NIH_Marmoset_Atlas_V1_master.zip:NIH_Marmoset_Atlas_V1-master/v1.1/NIH_cortex_vH_150um.nii.gz,2_A9,2,A9,Area 9,NIH_cortex_vH,,,label_from_xlsx_volume,Merged NIH Marmoset Atlas v1.1 workbook row; group is parcellation block. Matching NIfTI volume available.
marmoset,source/NIH_labels_cortex_and_subcortical.xlsx:NIH_cortex_vH,source/NIH_Marmoset_Atlas_V1_master.zip:NIH_Marmoset_Atlas_V1-master/v1.1/NIH_cortex_vH_150um.nii.gz,3_A46,3,A46,Area 46,NIH_cortex_vH,,,label_from_xlsx_volume,Merged NIH Marmoset Atlas v1.1 workbook row; group is parcellation block. Matching NIfTI volume available.
marmoset,source/NIH_labels_cortex_and_subcortical.xlsx:NIH_cortex_vH,source/NIH_Marmoset_Atlas_V1_master.zip:NIH_Marmoset_Atlas_V1-master/v1.1/NIH_cortex_vH_150um.nii.gz,4_8a,4,8a,Area 8a,NIH_cortex_vH,,,label_from_xlsx_volume,Merged NIH Marmoset Atlas v1.1 workbook row; group is parcellation block. Matching NIfTI volume available.
marmoset,source/NIH_labels_cortex_and_subcortical.xlsx:NIH_cortex_vH,source/NIH_Marmoset_Atlas_V1_master.zip:NIH_Marmoset_Atlas_V1-master/v1.1/NIH_cortex_vH_150um.nii.gz,5_8b,5,8b,Area 8b,NIH_cortex_vH,,,label_from_xlsx_volume,Merged NIH Marmoset Atlas v1.1 workbook row; group is parcellation block. Matching NIfTI volume available.
marmoset,source/NIH_labels_cortex_and_subcortical.xlsx:NIH_cortex_vH,source/NIH_Marmoset_Atlas_V1_master.zip:NIH_Marmoset_Atlas_V1-master/v1.1/NIH_cortex_vH_150um.nii.gz,6_A47L,6,A47L,Area 47 lateral,NIH_cortex_vH,,,label_from_xlsx_volume,Merged NIH Marmoset Atlas v1.1 workbook row; group is parcellation block. Matching NIfTI volume available.
marmoset,source/NIH_labels_cortex_and_subcortical.xlsx:NIH_cortex_vH,source/NIH_Marmoset_Atlas_V1_master.zip:NIH_Marmoset_Atlas_V1-master/v1.1/NIH_cortex_vH_150um.nii.gz,7_A47M,7,A47M,Area 47 medial,NIH_cortex_vH,,,label_from_xlsx_volume,Merged NIH Marmoset Atlas v1.1 workbook row; group is parcellation block. Matching NIfTI volume available.
marmoset,source/NIH_labels_cortex_and_subcortical.xlsx:NIH_cortex_vH,source/NIH_Marmoset_Atlas_V1_master.zip:NIH_Marmoset_Atlas_V1-master/v1.1/NIH_cortex_vH_150um.nii.gz,8_A45,8,A45,Area 45,NIH_cortex_vH,,,label_from_xlsx_volume,Merged NIH Marmoset Atlas v1.1 workbook row; group is parcellation block. Matching NIfTI volume available.
marmoset,source/NIH_labels_cortex_and_subcortical.xlsx:NIH_cortex_vH,source/NIH_Marmoset_Atlas_V1_master.zip:NIH_Marmoset_Atlas_V1-master/v1.1/NIH_cortex_vH_150um.nii.gz,9_ProM,9,ProM,Proisocortical motor region (precentral opercular cortex),NIH_cortex_vH,,,label_from_xlsx_volume,Merged NIH Marmoset Atlas v1.1 workbook row; group is parcellation block. Matching NIfTI volume available.
marmoset,source/NIH_labels_cortex_and_subcortical.xlsx:NIH_cortex_vH,source/NIH_Marmoset_Atlas_V1_master.zip:NIH_Marmoset_Atlas_V1-master/v1.1/NIH_cortex_vH_150um.nii.gz,10_A32V,10,A32V,Area 32 ventral,NIH_cortex_vH,,,label_from_xlsx_volume,Merged NIH Marmoset Atlas v1.1 workbook row; group is parcellation block. Matching NIfTI volume available.
marmoset,source/NIH_labels_cortex_and_subcortical.xlsx:NIH_cortex_vH,source/NIH_Marmoset_Atlas_V1_master.zip:NIH_Marmoset_Atlas_V1-master/v1.1/NIH_cortex_vH_150um.nii.gz,11_A32D,11,A32D,Area 32 dorsal,NIH_cortex_vH,,,label_from_xlsx_volume,Merged NIH Marmoset Atlas v1.1 workbook row; group is parcellation block. Matching NIfTI volume available.
marmoset,source/NIH_labels_cortex_and_subcortical.xlsx:NIH_cortex_vH,source/NIH_Marmoset_Atlas_V1_master.zip:NIH_Marmoset_Atlas_V1-master/v1.1/NIH_cortex_vH_150um.nii.gz,12_A14,12,A14,Area 14,NIH_cortex_vH,,,label_from_xlsx_volume,Merged NIH Marmoset Atlas v1.1 workbook row; group is parcellation block. Matching NIfTI volume available.
marmoset,source/NIH_labels_cortex_and_subcortical.xlsx:NIH_cortex_vH,source/NIH_Marmoset_Atlas_V1_master.zip:NIH_Marmoset_Atlas_V1-master/v1.1/NIH_cortex_vH_150um.nii.gz,13_A24a,13,A24a,Area 24a,NIH_cortex_vH,,,label_from_xlsx_volume,Merged NIH Marmoset Atlas v1.1 workbook row; group is parcellation block. Matching NIfTI volume available.
marmoset,source/NIH_labels_cortex_and_subcortical.xlsx:NIH_cortex_vH,source/NIH_Marmoset_Atlas_V1_master.zip:NIH_Marmoset_Atlas_V1-master/v1.1/NIH_cortex_vH_150um.nii.gz,14_A24b,14,A24b,Area 24b,NIH_cortex_vH,,,label_from_xlsx_volume,Merged NIH Marmoset Atlas v1.1 workbook row; group is parcellation block. Matching NIfTI volume available.
marmoset,source/NIH_labels_cortex_and_subcortical.xlsx:NIH_cortex_vH,source/NIH_Marmoset_Atlas_V1_master.zip:NIH_Marmoset_Atlas_V1-master/v1.1/NIH_cortex_vH_150um.nii.gz,15_A24cd,15,A24cd,Area 24cd,NIH_cortex_vH,,,label_from_xlsx_volume,Merged NIH Marmoset Atlas v1.1 workbook row; group is parcellation block. Matching NIfTI volume available.
marmoset,source/NIH_labels_cortex_and_subcortical.xlsx:NIH_cortex_vH,source/NIH_Marmoset_Atlas_V1_master.zip:NIH_Marmoset_Atlas_V1-master/v1.1/NIH_cortex_vH_150um.nii.gz,16_A25,16,A25,Area 25,NIH_cortex_vH,,,label_from_xlsx_volume,Merged NIH Marmoset Atlas v1.1 workbook row; group is parcellation block. Matching NIfTI volume available.
marmoset,source/NIH_labels_cortex_and_subcortical.xlsx:NIH_cortex_vH,source/NIH_Marmoset_Atlas_V1_master.zip:NIH_Marmoset_Atlas_V1-master/v1.1/NIH_cortex_vH_150um.nii.gz,17_A11L,17,A11L,Area 11 lateral,NIH_cortex_vH,,,label_from_xlsx_volume,Merged NIH Marmoset Atlas v1.1 workbook row; group is parcellation block. Matching NIfTI volume available.
marmoset,source/NIH_labels_cortex_and_subcortical.xlsx:NIH_cortex_vH,source/NIH_Marmoset_Atlas_V1_master.zip:NIH_Marmoset_Atlas_V1-master/v1.1/NIH_cortex_vH_150um.nii.gz,18_A11M,18,A11M,Area 11 medial,NIH_cortex_vH,,,label_from_xlsx_volume,Merged NIH Marmoset Atlas v1.1 workbook row; group is parcellation block. Matching NIfTI volume available.
marmoset,source/NIH_labels_cortex_and_subcortical.xlsx:NIH_cortex_vH,source/NIH_Marmoset_Atlas_V1_master.zip:NIH_Marmoset_Atlas_V1-master/v1.1/NIH_cortex_vH_150um.nii.gz,19_A13L,19,A13L,Area 13 lateral,NIH_cortex_vH,,,label_from_xlsx_volume,Merged NIH Marmoset Atlas v1.1 workbook row; group is parcellation block. Matching NIfTI volume available.
marmoset,source/NIH_labels_cortex_and_subcortical.xlsx:NIH_cortex_vH,source/NIH_Marmoset_Atlas_V1_master.zip:NIH_Marmoset_Atlas_V1-master/v1.1/NIH_cortex_vH_150um.nii.gz,20_A13M,20,A13M,Area 13 medial,NIH_cortex_vH,,,label_from_xlsx_volume,Merged NIH Marmoset Atlas v1.1 workbook row; group is parcellation block. Matching NIfTI volume available.
marmoset,source/NIH_labels_cortex_and_subcortical.xlsx:NIH_cortex_vH,source/NIH_Marmoset_Atlas_V1_master.zip:NIH_Marmoset_Atlas_V1-master/v1.1/NIH_cortex_vH_150um.nii.gz,21_Gu,21,Gu,Gustatory cortex,NIH_cortex_vH,,,label_from_xlsx_volume,Merged NIH Marmoset Atlas v1.1 workbook row; group is parcellation block. Matching NIfTI volume available.
marmoset,source/NIH_labels_cortex_and_subcortical.xlsx:NIH_cortex_vH,source/NIH_Marmoset_Atlas_V1_master.zip:NIH_Marmoset_Atlas_V1-master/v1.1/NIH_cortex_vH_150um.nii.gz,22_Opro,22,Opro,Orbital proisocortex,NIH_cortex_vH,,,label_from_xlsx_volume,Merged NIH Marmoset Atlas v1.1 workbook row; group is parcellation block. Matching NIfTI volume available.
marmoset,source/NIH_labels_cortex_and_subcortical.xlsx:NIH_cortex_vH,source/NIH_Marmoset_Atlas_V1_master.zip:NIH_Marmoset_Atlas_V1-master/v1.1/NIH_cortex_vH_150um.nii.gz,23_OPAI,23,OPAI,Orbital preiallocortex,NIH_cortex_vH,,,label_from_xlsx_volume,Merged NIH Marmoset Atlas v1.1 workbook row; group is parcellation block. Matching NIfTI volume available.
marmoset,source/NIH_labels_cortex_and_subcortical.xlsx:NIH_cortex_vH,source/NIH_Marmoset_Atlas_V1_master.zip:NIH_Marmoset_Atlas_V1-master/v1.1/NIH_cortex_vH_150um.nii.gz,24_A6D,24,A6D,Area 6 dorsal,NIH_cortex_vH,,,label_from_xlsx_volume,Merged NIH Marmoset Atlas v1.1 workbook row; group is parcellation block. Matching NIfTI volume available.
marmoset,source/NIH_labels_cortex_and_subcortical.xlsx:NIH_cortex_vH,source/NIH_Marmoset_Atlas_V1_master.zip:NIH_Marmoset_Atlas_V1-master/v1.1/NIH_cortex_vH_150um.nii.gz,25_A6M,25,A6M,Area 6 medial,NIH_cortex_vH,,,label_from_xlsx_volume,Merged NIH Marmoset Atlas v1.1 workbook row; group is parcellation block. Matching NIfTI volume available.
marmoset,source/NIH_labels_cortex_and_subcortical.xlsx:NIH_cortex_vH,source/NIH_Marmoset_Atlas_V1_master.zip:NIH_Marmoset_Atlas_V1-master/v1.1/NIH_cortex_vH_150um.nii.gz,26_A6V,26,A6V,Area ventral,NIH_cortex_vH,,,label_from_xlsx_volume,Merged NIH Marmoset Atlas v1.1 workbook row; group is parcellation block. Matching NIfTI volume available.
marmoset,source/NIH_labels_cortex_and_subcortical.xlsx:NIH_cortex_vH,source/NIH_Marmoset_Atlas_V1_master.zip:NIH_Marmoset_Atlas_V1-master/v1.1/NIH_cortex_vH_150um.nii.gz,27_A4M,27,A4M,Area 4 medal,NIH_cortex_vH,,,label_from_xlsx_volume,Merged NIH Marmoset Atlas v1.1 workbook row; group is parcellation block. Matching NIfTI volume available.
marmoset,source/NIH_labels_cortex_and_subcortical.xlsx:NIH_cortex_vH,source/NIH_Marmoset_Atlas_V1_master.zip:NIH_Marmoset_Atlas_V1-master/v1.1/NIH_cortex_vH_150um.nii.gz,28_A4L,28,A4L,Area 4 lateral,NIH_cortex_vH,,,label_from_xlsx_volume,Merged NIH Marmoset Atlas v1.1 workbook row; group is parcellation block. Matching NIfTI volume available.
marmoset,source/NIH_labels_cortex_and_subcortical.xlsx:NIH_cortex_vH,source/NIH_Marmoset_Atlas_V1_master.zip:NIH_Marmoset_Atlas_V1-master/v1.1/NIH_cortex_vH_150um.nii.gz,29_S1M,29,S1M,Primary somatosensory medial,NIH_cortex_vH,,,label_from_xlsx_volume,Merged NIH Marmoset Atlas v1.1 workbook row; group is parcellation block. Matching NIfTI volume available.
marmoset,source/NIH_labels_cortex_and_subcortical.xlsx:NIH_cortex_vH,source/NIH_Marmoset_Atlas_V1_master.zip:NIH_Marmoset_Atlas_V1-master/v1.1/NIH_cortex_vH_150um.nii.gz,30_S1D,30,S1D,Primary somatosensory dorsal,NIH_cortex_vH,,,label_from_xlsx_volume,Merged NIH Marmoset Atlas v1.1 workbook row; group is parcellation block. Matching NIfTI volume available.
marmoset,source/NIH_labels_cortex_and_subcortical.xlsx:NIH_cortex_vH,source/NIH_Marmoset_Atlas_V1_master.zip:NIH_Marmoset_Atlas_V1-master/v1.1/NIH_cortex_vH_150um.nii.gz,31_S1V,31,S1V,Primary somatosensory ventral,NIH_cortex_vH,,,label_from_xlsx_volume,Merged NIH Marmoset Atlas v1.1 workbook row; group is parcellation block. Matching NIfTI volume available.
marmoset,source/NIH_labels_cortex_and_subcortical.xlsx:NIH_cortex_vH,source/NIH_Marmoset_Atlas_V1_master.zip:NIH_Marmoset_Atlas_V1-master/v1.1/NIH_cortex_vH_150um.nii.gz,32_S2a,32,S2a,Secondary somatosensory area a,NIH_cortex_vH,,,label_from_xlsx_volume,Merged NIH Marmoset Atlas v1.1 workbook row; group is parcellation block. Matching NIfTI volume available.
marmoset,source/NIH_labels_cortex_and_subcortical.xlsx:NIH_cortex_vH,source/NIH_Marmoset_Atlas_V1_master.zip:NIH_Marmoset_Atlas_V1-master/v1.1/NIH_cortex_vH_150um.nii.gz,33_S2b,33,S2b,Secondary somatosensory area b,NIH_cortex_vH,,,label_from_xlsx_volume,Merged NIH Marmoset Atlas v1.1 workbook row; group is parcellation block. Matching NIfTI volume available.
marmoset,source/NIH_labels_cortex_and_subcortical.xlsx:NIH_cortex_vH,source/NIH_Marmoset_Atlas_V1_master.zip:NIH_Marmoset_Atlas_V1-master/v1.1/NIH_cortex_vH_150um.nii.gz,34_Core,34,Core,Auditory core area,NIH_cortex_vH,,,label_from_xlsx_volume,Merged NIH Marmoset Atlas v1.1 workbook row; group is parcellation block. Matching NIfTI volume available.
marmoset,source/NIH_labels_cortex_and_subcortical.xlsx:NIH_cortex_vH,source/NIH_Marmoset_Atlas_V1_master.zip:NIH_Marmoset_Atlas_V1-master/v1.1/NIH_cortex_vH_150um.nii.gz,35_BeltM,35,BeltM,Auditory belt area medial,NIH_cortex_vH,,,label_from_xlsx_volume,Merged NIH Marmoset Atlas v1.1 workbook row; group is parcellation block. Matching NIfTI volume available.
marmoset,source/NIH_labels_cortex_and_subcortical.xlsx:NIH_cortex_vH,source/NIH_Marmoset_Atlas_V1_master.zip:NIH_Marmoset_Atlas_V1-master/v1.1/NIH_cortex_vH_150um.nii.gz,36_BeltL,36,BeltL,Auditory belt area lateral,NIH_cortex_vH,,,label_from_xlsx_volume,Merged NIH Marmoset Atlas v1.1 workbook row; group is parcellation block. Matching NIfTI volume available.
marmoset,source/NIH_labels_cortex_and_subcortical.xlsx:NIH_cortex_vH,source/NIH_Marmoset_Atlas_V1_master.zip:NIH_Marmoset_Atlas_V1-master/v1.1/NIH_cortex_vH_150um.nii.gz,37_PBR,37,PBR,Auditory parabelt area rostral,NIH_cortex_vH,,,label_from_xlsx_volume,Merged NIH Marmoset Atlas v1.1 workbook row; group is parcellation block. Matching NIfTI volume available.
marmoset,source/NIH_labels_cortex_and_subcortical.xlsx:NIH_cortex_vH,source/NIH_Marmoset_Atlas_V1_master.zip:NIH_Marmoset_Atlas_V1-master/v1.1/NIH_cortex_vH_150um.nii.gz,38_PBC,38,PBC,Auditory parabelt area caudal,NIH_cortex_vH,,,label_from_xlsx_volume,Merged NIH Marmoset Atlas v1.1 workbook row; group is parcellation block. Matching NIfTI volume available.
marmoset,source/NIH_labels_cortex_and_subcortical.xlsx:NIH_cortex_vH,source/NIH_Marmoset_Atlas_V1_master.zip:NIH_Marmoset_Atlas_V1-master/v1.1/NIH_cortex_vH_150um.nii.gz,39_STR,39,STR,Superior temporal rostral area,NIH_cortex_vH,,,label_from_xlsx_volume,Merged NIH Marmoset Atlas v1.1 workbook row; group is parcellation block. Matching NIfTI volume available.
marmoset,source/NIH_labels_cortex_and_subcortical.xlsx:NIH_cortex_vH,source/NIH_Marmoset_Atlas_V1_master.zip:NIH_Marmoset_Atlas_V1-master/v1.1/NIH_cortex_vH_150um.nii.gz,40_AI,40,AI,Argranular insular cortex,NIH_cortex_vH,,,label_from_xlsx_volume,Merged NIH Marmoset Atlas v1.1 workbook row; group is parcellation block. Matching NIfTI volume available.
marmoset,source/NIH_labels_cortex_and_subcortical.xlsx:NIH_cortex_vH,source/NIH_Marmoset_Atlas_V1_master.zip:NIH_Marmoset_Atlas_V1-master/v1.1/NIH_cortex_vH_150um.nii.gz,41_DI,41,DI,Dysgranular insular cortex,NIH_cortex_vH,,,label_from_xlsx_volume,Merged NIH Marmoset Atlas v1.1 workbook row; group is parcellation block. Matching NIfTI volume available.
marmoset,source/NIH_labels_cortex_and_subcortical.xlsx:NIH_cortex_vH,source/NIH_Marmoset_Atlas_V1_master.zip:NIH_Marmoset_Atlas_V1-master/v1.1/NIH_cortex_vH_150um.nii.gz,42_GI,42,GI,Granular insular cortex,NIH_cortex_vH,,,label_from_xlsx_volume,Merged NIH Marmoset Atlas v1.1 workbook row; group is parcellation block. Matching NIfTI volume available.
marmoset,source/NIH_labels_cortex_and_subcortical.xlsx:NIH_cortex_vH,source/NIH_Marmoset_Atlas_V1_master.zip:NIH_Marmoset_Atlas_V1-master/v1.1/NIH_cortex_vH_150um.nii.gz,43_Rel,43,Rel,Retroinsular area,NIH_cortex_vH,,,label_from_xlsx_volume,Merged NIH Marmoset Atlas v1.1 workbook row; group is parcellation block. Matching NIfTI volume available.
marmoset,source/NIH_labels_cortex_and_subcortical.xlsx:NIH_cortex_vH,source/NIH_Marmoset_Atlas_V1_master.zip:NIH_Marmoset_Atlas_V1-master/v1.1/NIH_cortex_vH_150um.nii.gz,44_PalR,44,PalR,Parainsular cortex rostral,NIH_cortex_vH,,,label_from_xlsx_volume,Merged NIH Marmoset Atlas v1.1 workbook row; group is parcellation block. Matching NIfTI volume available.
marmoset,source/NIH_labels_cortex_and_subcortical.xlsx:NIH_cortex_vH,source/NIH_Marmoset_Atlas_V1_master.zip:NIH_Marmoset_Atlas_V1-master/v1.1/NIH_cortex_vH_150um.nii.gz,45_PalC,45,PalC,Parainsular cortex caudal,NIH_cortex_vH,,,label_from_xlsx_volume,Merged NIH Marmoset Atlas v1.1 workbook row; group is parcellation block. Matching NIfTI volume available.
marmoset,source/NIH_labels_cortex_and_subcortical.xlsx:NIH_cortex_vH,source/NIH_Marmoset_Atlas_V1_master.zip:NIH_Marmoset_Atlas_V1-master/v1.1/NIH_cortex_vH_150um.nii.gz,46_Tpt,46,Tpt,Temporoparietal transitional area,NIH_cortex_vH,,,label_from_xlsx_volume,Merged NIH Marmoset Atlas v1.1 workbook row; group is parcellation block. Matching NIfTI volume available.
marmoset,source/NIH_labels_cortex_and_subcortical.xlsx:NIH_cortex_vH,source/NIH_Marmoset_Atlas_V1_master.zip:NIH_Marmoset_Atlas_V1-master/v1.1/NIH_cortex_vH_150um.nii.gz,47_TPOR,47,TPOR,Temporo-parito-occipital association area rostral,NIH_cortex_vH,,,label_from_xlsx_volume,Merged NIH Marmoset Atlas v1.1 workbook row; group is parcellation block. Matching NIfTI volume available.
marmoset,source/NIH_labels_cortex_and_subcortical.xlsx:NIH_cortex_vH,source/NIH_Marmoset_Atlas_V1_master.zip:NIH_Marmoset_Atlas_V1-master/v1.1/NIH_cortex_vH_150um.nii.gz,48_TPOC,48,TPOC,Temporo-parito-occipital association area caudal,NIH_cortex_vH,,,label_from_xlsx_volume,Merged NIH Marmoset Atlas v1.1 workbook row; group is parcellation block. Matching NIfTI volume available.
marmoset,source/NIH_labels_cortex_and_subcortical.xlsx:NIH_cortex_vH,source/NIH_Marmoset_Atlas_V1_master.zip:NIH_Marmoset_Atlas_V1-master/v1.1/NIH_cortex_vH_150um.nii.gz,49_FSTR,49,FSTR,Fundus of superior temproal area rostral,NIH_cortex_vH,,,label_from_xlsx_volume,Merged NIH Marmoset Atlas v1.1 workbook row; group is parcellation block. Matching NIfTI volume available.
marmoset,source/NIH_labels_cortex_and_subcortical.xlsx:NIH_cortex_vH,source/NIH_Marmoset_Atlas_V1_master.zip:NIH_Marmoset_Atlas_V1-master/v1.1/NIH_cortex_vH_150um.nii.gz,50_FSTC,50,FSTC,Fundus of superior temproal area caudal,NIH_cortex_vH,,,label_from_xlsx_volume,Merged NIH Marmoset Atlas v1.1 workbook row; group is parcellation block. Matching NIfTI volume available.
marmoset,source/NIH_labels_cortex_and_subcortical.xlsx:NIH_cortex_vH,source/NIH_Marmoset_Atlas_V1_master.zip:NIH_Marmoset_Atlas_V1-master/v1.1/NIH_cortex_vH_150um.nii.gz,51_TEa,51,TEa,Interior temporal area a,NIH_cortex_vH,,,label_from_xlsx_volume,Merged NIH Marmoset Atlas v1.1 workbook row; group is parcellation block. Matching NIfTI volume available.
marmoset,source/NIH_labels_cortex_and_subcortical.xlsx:NIH_cortex_vH,source/NIH_Marmoset_Atlas_V1_master.zip:NIH_Marmoset_Atlas_V1-master/v1.1/NIH_cortex_vH_150um.nii.gz,52_TEb,52,TEb,Interior temporal area b,NIH_cortex_vH,,,label_from_xlsx_volume,Merged NIH Marmoset Atlas v1.1 workbook row; group is parcellation block. Matching NIfTI volume available.
marmoset,source/NIH_labels_cortex_and_subcortical.xlsx:NIH_cortex_vH,source/NIH_Marmoset_Atlas_V1_master.zip:NIH_Marmoset_Atlas_V1-master/v1.1/NIH_cortex_vH_150um.nii.gz,53_TEc,53,TEc,Interior temporal area c,NIH_cortex_vH,,,label_from_xlsx_volume,Merged NIH Marmoset Atlas v1.1 workbook row; group is parcellation block. Matching NIfTI volume available.
marmoset,source/NIH_labels_cortex_and_subcortical.xlsx:NIH_cortex_vH,source/NIH_Marmoset_Atlas_V1_master.zip:NIH_Marmoset_Atlas_V1-master/v1.1/NIH_cortex_vH_150um.nii.gz,54_TEd,54,TEd,Interior temporal area d,NIH_cortex_vH,,,label_from_xlsx_volume,Merged NIH Marmoset Atlas v1.1 workbook row; group is parcellation block. Matching NIfTI volume available.
marmoset,source/NIH_labels_cortex_and_subcortical.xlsx:NIH_cortex_vH,source/NIH_Marmoset_Atlas_V1_master.zip:NIH_Marmoset_Atlas_V1-master/v1.1/NIH_cortex_vH_150um.nii.gz,55_TEe,55,TEe,Interior temporal area e,NIH_cortex_vH,,,label_from_xlsx_volume,Merged NIH Marmoset Atlas v1.1 workbook row; group is parcellation block. Matching NIfTI volume available.
marmoset,source/NIH_labels_cortex_and_subcortical.xlsx:NIH_cortex_vH,source/NIH_Marmoset_Atlas_V1_master.zip:NIH_Marmoset_Atlas_V1-master/v1.1/NIH_cortex_vH_150um.nii.gz,56_TEf,56,TEf,Interior temporal area f,NIH_cortex_vH,,,label_from_xlsx_volume,Merged NIH Marmoset Atlas v1.1 workbook row; group is parcellation block. Matching NIfTI volume available.
marmoset,source/NIH_labels_cortex_and_subcortical.xlsx:NIH_cortex_vH,source/NIH_Marmoset_Atlas_V1_master.zip:NIH_Marmoset_Atlas_V1-master/v1.1/NIH_cortex_vH_150um.nii.gz,57_TPPro,57,TPPro,Temporopolar proisocortex,NIH_cortex_vH,,,label_from_xlsx_volume,Merged NIH Marmoset Atlas v1.1 workbook row; group is parcellation block. Matching NIfTI volume available.
marmoset,source/NIH_labels_cortex_and_subcortical.xlsx:NIH_cortex_vH,source/NIH_Marmoset_Atlas_V1_master.zip:NIH_Marmoset_Atlas_V1-master/v1.1/NIH_cortex_vH_150um.nii.gz,58_PrhR,58,PrhR,Perihinal cortex rostral,NIH_cortex_vH,,,label_from_xlsx_volume,Merged NIH Marmoset Atlas v1.1 workbook row; group is parcellation block. Matching NIfTI volume available.
marmoset,source/NIH_labels_cortex_and_subcortical.xlsx:NIH_cortex_vH,source/NIH_Marmoset_Atlas_V1_master.zip:NIH_Marmoset_Atlas_V1-master/v1.1/NIH_cortex_vH_150um.nii.gz,59_PrhC,59,PrhC,Perihinal cortex caudal,NIH_cortex_vH,,,label_from_xlsx_volume,Merged NIH Marmoset Atlas v1.1 workbook row; group is parcellation block. Matching NIfTI volume available.
marmoset,source/NIH_labels_cortex_and_subcortical.xlsx:NIH_cortex_vH,source/NIH_Marmoset_Atlas_V1_master.zip:NIH_Marmoset_Atlas_V1-master/v1.1/NIH_cortex_vH_150um.nii.gz,60_Enta,60,Enta,Entorhinal cortex a,NIH_cortex_vH,,,label_from_xlsx_volume,Merged NIH Marmoset Atlas v1.1 workbook row; group is parcellation block. Matching NIfTI volume available.
marmoset,source/NIH_labels_cortex_and_subcortical.xlsx:NIH_cortex_vH,source/NIH_Marmoset_Atlas_V1_master.zip:NIH_Marmoset_Atlas_V1-master/v1.1/NIH_cortex_vH_150um.nii.gz,61_Entb,61,Entb,Entorhinal cortex b,NIH_cortex_vH,,,label_from_xlsx_volume,Merged NIH Marmoset Atlas v1.1 workbook row; group is parcellation block. Matching NIfTI volume available.
marmoset,source/NIH_labels_cortex_and_subcortical.xlsx:NIH_cortex_vH,source/NIH_Marmoset_Atlas_V1_master.zip:NIH_Marmoset_Atlas_V1-master/v1.1/NIH_cortex_vH_150um.nii.gz,62_PHGa,62,PHGa,Parahippocampal complex a,NIH_cortex_vH,,,label_from_xlsx_volume,Merged NIH Marmoset Atlas v1.1 workbook row; group is parcellation block. Matching NIfTI volume available.
marmoset,source/NIH_labels_cortex_and_subcortical.xlsx:NIH_cortex_vH,source/NIH_Marmoset_Atlas_V1_master.zip:NIH_Marmoset_Atlas_V1-master/v1.1/NIH_cortex_vH_150um.nii.gz,63_PHGb,63,PHGb,Parahippocampal complex b,NIH_cortex_vH,,,label_from_xlsx_volume,Merged NIH Marmoset Atlas v1.1 workbook row; group is parcellation block. Matching NIfTI volume available.
marmoset,source/NIH_labels_cortex_and_subcortical.xlsx:NIH_cortex_vH,source/NIH_Marmoset_Atlas_V1_master.zip:NIH_Marmoset_Atlas_V1-master/v1.1/NIH_cortex_vH_150um.nii.gz,64_PHGc,64,PHGc,Parahippocampal complex c,NIH_cortex_vH,,,label_from_xlsx_volume,Merged NIH Marmoset Atlas v1.1 workbook row; group is parcellation block. Matching NIfTI volume available.
marmoset,source/NIH_labels_cortex_and_subcortical.xlsx:NIH_cortex_vH,source/NIH_Marmoset_Atlas_V1_master.zip:NIH_Marmoset_Atlas_V1-master/v1.1/NIH_cortex_vH_150um.nii.gz,65_Pri,65,Pri,Piriform,NIH_cortex_vH,,,label_from_xlsx_volume,Merged NIH Marmoset Atlas v1.1 workbook row; group is parcellation block. Matching NIfTI volume available.
marmoset,source/NIH_labels_cortex_and_subcortical.xlsx:NIH_cortex_vH,source/NIH_Marmoset_Atlas_V1_master.zip:NIH_Marmoset_Atlas_V1-master/v1.1/NIH_cortex_vH_150um.nii.gz,66_SB,66,SB,Subiculum,NIH_cortex_vH,,,label_from_xlsx_volume,Merged NIH Marmoset Atlas v1.1 workbook row; group is parcellation block. Matching NIfTI volume available.
marmoset,source/NIH_labels_cortex_and_subcortical.xlsx:NIH_cortex_vH,source/NIH_Marmoset_Atlas_V1_master.zip:NIH_Marmoset_Atlas_V1-master/v1.1/NIH_cortex_vH_150um.nii.gz,67_PEa,67,PEa,Parietal area PE a,NIH_cortex_vH,,,label_from_xlsx_volume,Merged NIH Marmoset Atlas v1.1 workbook row; group is parcellation block. Matching NIfTI volume available.
marmoset,source/NIH_labels_cortex_and_subcortical.xlsx:NIH_cortex_vH,source/NIH_Marmoset_Atlas_V1_master.zip:NIH_Marmoset_Atlas_V1-master/v1.1/NIH_cortex_vH_150um.nii.gz,68_PEb,68,PEb,Parietal area PE b,NIH_cortex_vH,,,label_from_xlsx_volume,Merged NIH Marmoset Atlas v1.1 workbook row; group is parcellation block. Matching NIfTI volume available.
marmoset,source/NIH_labels_cortex_and_subcortical.xlsx:NIH_cortex_vH,source/NIH_Marmoset_Atlas_V1_master.zip:NIH_Marmoset_Atlas_V1-master/v1.1/NIH_cortex_vH_150um.nii.gz,69_PF_PFGa,69,PF/PFGa,Parietal area PF/PFG a,NIH_cortex_vH,,,label_from_xlsx_volume,Merged NIH Marmoset Atlas v1.1 workbook row; group is parcellation block. Matching NIfTI volume available.
marmoset,source/NIH_labels_cortex_and_subcortical.xlsx:NIH_cortex_vH,source/NIH_Marmoset_Atlas_V1_master.zip:NIH_Marmoset_Atlas_V1-master/v1.1/NIH_cortex_vH_150um.nii.gz,70_PF_PFGb,70,PF/PFGb,Parietal area PF/PFG b,NIH_cortex_vH,,,label_from_xlsx_volume,Merged NIH Marmoset Atlas v1.1 workbook row; group is parcellation block. Matching NIfTI volume available.
marmoset,source/NIH_labels_cortex_and_subcortical.xlsx:NIH_cortex_vH,source/NIH_Marmoset_Atlas_V1_master.zip:NIH_Marmoset_Atlas_V1-master/v1.1/NIH_cortex_vH_150um.nii.gz,71_PGa,71,PGa,Parietal area PG a,NIH_cortex_vH,,,label_from_xlsx_volume,Merged NIH Marmoset Atlas v1.1 workbook row; group is parcellation block. Matching NIfTI volume available.
marmoset,source/NIH_labels_cortex_and_subcortical.xlsx:NIH_cortex_vH,source/NIH_Marmoset_Atlas_V1_master.zip:NIH_Marmoset_Atlas_V1-master/v1.1/NIH_cortex_vH_150um.nii.gz,72_PGb,72,PGb,Parietal area PG a,NIH_cortex_vH,,,label_from_xlsx_volume,Merged NIH Marmoset Atlas v1.1 workbook row; group is parcellation block. Matching NIfTI volume available.
marmoset,source/NIH_labels_cortex_and_subcortical.xlsx:NIH_cortex_vH,source/NIH_Marmoset_Atlas_V1_master.zip:NIH_Marmoset_Atlas_V1-master/v1.1/NIH_cortex_vH_150um.nii.gz,73_Opta,73,Opta,Occipito-parietal translational area a,NIH_cortex_vH,,,label_from_xlsx_volume,Merged NIH Marmoset Atlas v1.1 workbook row; group is parcellation block. Matching NIfTI volume available.
marmoset,source/NIH_labels_cortex_and_subcortical.xlsx:NIH_cortex_vH,source/NIH_Marmoset_Atlas_V1_master.zip:NIH_Marmoset_Atlas_V1-master/v1.1/NIH_cortex_vH_150um.nii.gz,74_Optb,74,Optb,Occipito-parietal translational area b,NIH_cortex_vH,,,label_from_xlsx_volume,Merged NIH Marmoset Atlas v1.1 workbook row; group is parcellation block. Matching NIfTI volume available.
marmoset,source/NIH_labels_cortex_and_subcortical.xlsx:NIH_cortex_vH,source/NIH_Marmoset_Atlas_V1_master.zip:NIH_Marmoset_Atlas_V1-master/v1.1/NIH_cortex_vH_150um.nii.gz,75_IPa,75,IPa,Intraparietal area a,NIH_cortex_vH,,,label_from_xlsx_volume,Merged NIH Marmoset Atlas v1.1 workbook row; group is parcellation block. Matching NIfTI volume available.
marmoset,source/NIH_labels_cortex_and_subcortical.xlsx:NIH_cortex_vH,source/NIH_Marmoset_Atlas_V1_master.zip:NIH_Marmoset_Atlas_V1-master/v1.1/NIH_cortex_vH_150um.nii.gz,76_IPb,76,IPb,Intraparietal area b,NIH_cortex_vH,,,label_from_xlsx_volume,Merged NIH Marmoset Atlas v1.1 workbook row; group is parcellation block. Matching NIfTI volume available.
marmoset,source/NIH_labels_cortex_and_subcortical.xlsx:NIH_cortex_vH,source/NIH_Marmoset_Atlas_V1_master.zip:NIH_Marmoset_Atlas_V1-master/v1.1/NIH_cortex_vH_150um.nii.gz,77_IPc,77,IPc,Intraparietal area c,NIH_cortex_vH,,,label_from_xlsx_volume,Merged NIH Marmoset Atlas v1.1 workbook row; group is parcellation block. Matching NIfTI volume available.
marmoset,source/NIH_labels_cortex_and_subcortical.xlsx:NIH_cortex_vH,source/NIH_Marmoset_Atlas_V1_master.zip:NIH_Marmoset_Atlas_V1-master/v1.1/NIH_cortex_vH_150um.nii.gz,78_IPd,78,IPd,Intraparietal area d,NIH_cortex_vH,,,label_from_xlsx_volume,Merged NIH Marmoset Atlas v1.1 workbook row; group is parcellation block. Matching NIfTI volume available.
marmoset,source/NIH_labels_cortex_and_subcortical.xlsx:NIH_cortex_vH,source/NIH_Marmoset_Atlas_V1_master.zip:NIH_Marmoset_Atlas_V1-master/v1.1/NIH_cortex_vH_150um.nii.gz,79_A23a,79,A23a,Area 23 a,NIH_cortex_vH,,,label_from_xlsx_volume,Merged NIH Marmoset Atlas v1.1 workbook row; group is parcellation block. Matching NIfTI volume available.
marmoset,source/NIH_labels_cortex_and_subcortical.xlsx:NIH_cortex_vH,source/NIH_Marmoset_Atlas_V1_master.zip:NIH_Marmoset_Atlas_V1-master/v1.1/NIH_cortex_vH_150um.nii.gz,80_A23b,80,A23b,Area 23 b,NIH_cortex_vH,,,label_from_xlsx_volume,Merged NIH Marmoset Atlas v1.1 workbook row; group is parcellation block. Matching NIfTI volume available.
marmoset,source/NIH_labels_cortex_and_subcortical.xlsx:NIH_cortex_vH,source/NIH_Marmoset_Atlas_V1_master.zip:NIH_Marmoset_Atlas_V1-master/v1.1/NIH_cortex_vH_150um.nii.gz,81_A23V,81,A23V,Area 23 ventral,NIH_cortex_vH,,,label_from_xlsx_volume,Merged NIH Marmoset Atlas v1.1 workbook row; group is parcellation block. Matching NIfTI volume available.
marmoset,source/NIH_labels_cortex_and_subcortical.xlsx:NIH_cortex_vH,source/NIH_Marmoset_Atlas_V1_master.zip:NIH_Marmoset_Atlas_V1-master/v1.1/NIH_cortex_vH_150um.nii.gz,82_A29M,82,A29M,Area 29 medial,NIH_cortex_vH,,,label_from_xlsx_volume,Merged NIH Marmoset Atlas v1.1 workbook row; group is parcellation block. Matching NIfTI volume available.
marmoset,source/NIH_labels_cortex_and_subcortical.xlsx:NIH_cortex_vH,source/NIH_Marmoset_Atlas_V1_master.zip:NIH_Marmoset_Atlas_V1-master/v1.1/NIH_cortex_vH_150um.nii.gz,83_A30,83,A30,Area 30,NIH_cortex_vH,,,label_from_xlsx_volume,Merged NIH Marmoset Atlas v1.1 workbook row; group is parcellation block. Matching NIfTI volume available.
marmoset,source/NIH_labels_cortex_and_subcortical.xlsx:NIH_cortex_vH,source/NIH_Marmoset_Atlas_V1_master.zip:NIH_Marmoset_Atlas_V1-master/v1.1/NIH_cortex_vH_150um.nii.gz,84_A29V,84,A29V,Area 29 ventral,NIH_cortex_vH,,,label_from_xlsx_volume,Merged NIH Marmoset Atlas v1.1 workbook row; group is parcellation block. Matching NIfTI volume available.
marmoset,source/NIH_labels_cortex_and_subcortical.xlsx:NIH_cortex_vH,source/NIH_Marmoset_Atlas_V1_master.zip:NIH_Marmoset_Atlas_V1-master/v1.1/NIH_cortex_vH_150um.nii.gz,85_A31,85,A31,Area 31,NIH_cortex_vH,,,label_from_xlsx_volume,Merged NIH Marmoset Atlas v1.1 workbook row; group is parcellation block. Matching NIfTI volume available.
marmoset,source/NIH_labels_cortex_and_subcortical.xlsx:NIH_cortex_vH,source/NIH_Marmoset_Atlas_V1_master.zip:NIH_Marmoset_Atlas_V1-master/v1.1/NIH_cortex_vH_150um.nii.gz,86_PGMa,86,PGMa,Parietal area medial a,NIH_cortex_vH,,,label_from_xlsx_volume,Merged NIH Marmoset Atlas v1.1 workbook row; group is parcellation block. Matching NIfTI volume available.
marmoset,source/NIH_labels_cortex_and_subcortical.xlsx:NIH_cortex_vH,source/NIH_Marmoset_Atlas_V1_master.zip:NIH_Marmoset_Atlas_V1-master/v1.1/NIH_cortex_vH_150um.nii.gz,87_PGMb,87,PGMb,Parietal area medial b,NIH_cortex_vH,,,label_from_xlsx_volume,Merged NIH Marmoset Atlas v1.1 workbook row; group is parcellation block. Matching NIfTI volume available.
marmoset,source/NIH_labels_cortex_and_subcortical.xlsx:NIH_cortex_vH,source/NIH_Marmoset_Atlas_V1_master.zip:NIH_Marmoset_Atlas_V1-master/v1.1/NIH_cortex_vH_150um.nii.gz,88_ProSt,88,ProSt,Prostriate area,NIH_cortex_vH,,,label_from_xlsx_volume,Merged NIH Marmoset Atlas v1.1 workbook row; group is parcellation block. Matching NIfTI volume available.
marmoset,source/NIH_labels_cortex_and_subcortical.xlsx:NIH_cortex_vH,source/NIH_Marmoset_Atlas_V1_master.zip:NIH_Marmoset_Atlas_V1-master/v1.1/NIH_cortex_vH_150um.nii.gz,89_V1a,89,V1a,Visual area V1 a,NIH_cortex_vH,,,label_from_xlsx_volume,Merged NIH Marmoset Atlas v1.1 workbook row; group is parcellation block. Matching NIfTI volume available.
marmoset,source/NIH_labels_cortex_and_subcortical.xlsx:NIH_cortex_vH,source/NIH_Marmoset_Atlas_V1_master.zip:NIH_Marmoset_Atlas_V1-master/v1.1/NIH_cortex_vH_150um.nii.gz,90_V1b,90,V1b,Visual area V1 b,NIH_cortex_vH,,,label_from_xlsx_volume,Merged NIH Marmoset Atlas v1.1 workbook row; group is parcellation block. Matching NIfTI volume available.
marmoset,source/NIH_labels_cortex_and_subcortical.xlsx:NIH_cortex_vH,source/NIH_Marmoset_Atlas_V1_master.zip:NIH_Marmoset_Atlas_V1-master/v1.1/NIH_cortex_vH_150um.nii.gz,91_V2M,91,V2M,Visual area V2 medial,NIH_cortex_vH,,,label_from_xlsx_volume,Merged NIH Marmoset Atlas v1.1 workbook row; group is parcellation block. Matching NIfTI volume available.
marmoset,source/NIH_labels_cortex_and_subcortical.xlsx:NIH_cortex_vH,source/NIH_Marmoset_Atlas_V1_master.zip:NIH_Marmoset_Atlas_V1-master/v1.1/NIH_cortex_vH_150um.nii.gz,92_V2L,92,V2L,Visual area V2 lateral,NIH_cortex_vH,,,label_from_xlsx_volume,Merged NIH Marmoset Atlas v1.1 workbook row; group is parcellation block. Matching NIfTI volume available.
marmoset,source/NIH_labels_cortex_and_subcortical.xlsx:NIH_cortex_vH,source/NIH_Marmoset_Atlas_V1_master.zip:NIH_Marmoset_Atlas_V1-master/v1.1/NIH_cortex_vH_150um.nii.gz,93_V2V,93,V2V,Visual area V2 ventral,NIH_cortex_vH,,,label_from_xlsx_volume,Merged NIH Marmoset Atlas v1.1 workbook row; group is parcellation block. Matching NIfTI volume available.
marmoset,source/NIH_labels_cortex_and_subcortical.xlsx:NIH_cortex_vH,source/NIH_Marmoset_Atlas_V1_master.zip:NIH_Marmoset_Atlas_V1-master/v1.1/NIH_cortex_vH_150um.nii.gz,94_V3D,94,V3D,Visual area V3 dorsal,NIH_cortex_vH,,,label_from_xlsx_volume,Merged NIH Marmoset Atlas v1.1 workbook row; group is parcellation block. Matching NIfTI volume available.
marmoset,source/NIH_labels_cortex_and_subcortical.xlsx:NIH_cortex_vH,source/NIH_Marmoset_Atlas_V1_master.zip:NIH_Marmoset_Atlas_V1-master/v1.1/NIH_cortex_vH_150um.nii.gz,95_V3L,95,V3L,Visual area V3 lateral,NIH_cortex_vH,,,label_from_xlsx_volume,Merged NIH Marmoset Atlas v1.1 workbook row; group is parcellation block. Matching NIfTI volume available.
marmoset,source/NIH_labels_cortex_and_subcortical.xlsx:NIH_cortex_vH,source/NIH_Marmoset_Atlas_V1_master.zip:NIH_Marmoset_Atlas_V1-master/v1.1/NIH_cortex_vH_150um.nii.gz,96_V3V,96,V3V,Visual area V3 ventral,NIH_cortex_vH,,,label_from_xlsx_volume,Merged NIH Marmoset Atlas v1.1 workbook row; group is parcellation block. Matching NIfTI volume available.
marmoset,source/NIH_labels_cortex_and_subcortical.xlsx:NIH_cortex_vH,source/NIH_Marmoset_Atlas_V1_master.zip:NIH_Marmoset_Atlas_V1-master/v1.1/NIH_cortex_vH_150um.nii.gz,97_V4L,97,V4L,Visual area V4 lateral,NIH_cortex_vH,,,label_from_xlsx_volume,Merged NIH Marmoset Atlas v1.1 workbook row; group is parcellation block. Matching NIfTI volume available.
marmoset,source/NIH_labels_cortex_and_subcortical.xlsx:NIH_cortex_vH,source/NIH_Marmoset_Atlas_V1_master.zip:NIH_Marmoset_Atlas_V1-master/v1.1/NIH_cortex_vH_150um.nii.gz,98_V4V,98,V4V,Visual area V4 ventral,NIH_cortex_vH,,,label_from_xlsx_volume,Merged NIH Marmoset Atlas v1.1 workbook row; group is parcellation block. Matching NIfTI volume available.
marmoset,source/NIH_labels_cortex_and_subcortical.xlsx:NIH_cortex_vH,source/NIH_Marmoset_Atlas_V1_master.zip:NIH_Marmoset_Atlas_V1-master/v1.1/NIH_cortex_vH_150um.nii.gz,99_V5R,99,V5R,Visual area V5 rostral,NIH_cortex_vH,,,label_from_xlsx_volume,Merged NIH Marmoset Atlas v1.1 workbook row; group is parcellation block. Matching NIfTI volume available.
marmoset,source/NIH_labels_cortex_and_subcortical.xlsx:NIH_cortex_vH,source/NIH_Marmoset_Atlas_V1_master.zip:NIH_Marmoset_Atlas_V1-master/v1.1/NIH_cortex_vH_150um.nii.gz,100_V5C,100,V5C,Visual area V5 caudal,NIH_cortex_vH,,,label_from_xlsx_volume,Merged NIH Marmoset Atlas v1.1 workbook row; group is parcellation block. Matching NIfTI volume available.
marmoset,source/NIH_labels_cortex_and_subcortical.xlsx:NIH_cortex_vH,source/NIH_Marmoset_Atlas_V1_master.zip:NIH_Marmoset_Atlas_V1-master/v1.1/NIH_cortex_vH_150um.nii.gz,101_V6R,101,V6R,Visual area V6 rostral,NIH_cortex_vH,,,label_from_xlsx_volume,Merged NIH Marmoset Atlas v1.1 workbook row; group is parcellation block. Matching NIfTI volume available.
marmoset,source/NIH_labels_cortex_and_subcortical.xlsx:NIH_cortex_vH,source/NIH_Marmoset_Atlas_V1_master.zip:NIH_Marmoset_Atlas_V1-master/v1.1/NIH_cortex_vH_150um.nii.gz,102_V6M,102,V6M,Visual area V6 medial,NIH_cortex_vH,,,label_from_xlsx_volume,Merged NIH Marmoset Atlas v1.1 workbook row; group is parcellation block. Matching NIfTI volume available.
marmoset,source/NIH_labels_cortex_and_subcortical.xlsx:NIH_cortex_vH,source/NIH_Marmoset_Atlas_V1_master.zip:NIH_Marmoset_Atlas_V1-master/v1.1/NIH_cortex_vH_150um.nii.gz,103_V6D,103,V6D,Visual area V6 dorsal,NIH_cortex_vH,,,label_from_xlsx_volume,Merged NIH Marmoset Atlas v1.1 workbook row; group is parcellation block. Matching NIfTI volume available.
marmoset,source/NIH_labels_cortex_and_subcortical.xlsx:NIH_cortex_vH,source/NIH_Marmoset_Atlas_V1_master.zip:NIH_Marmoset_Atlas_V1-master/v1.1/NIH_cortex_vH_150um.nii.gz,104_A19DI,104,A19DI,Area 19 dorsointermediate part,NIH_cortex_vH,,,label_from_xlsx_volume,Merged NIH Marmoset Atlas v1.1 workbook row; group is parcellation block. Matching NIfTI volume available.
marmoset,source/NIH_labels_cortex_and_subcortical.xlsx:NIH_cortex_vH,source/NIH_Marmoset_Atlas_V1_master.zip:NIH_Marmoset_Atlas_V1-master/v1.1/NIH_cortex_vH_150um.nii.gz,105_A19M,105,A19M,A19 medial part,NIH_cortex_vH,,,label_from_xlsx_volume,Merged NIH Marmoset Atlas v1.1 workbook row; group is parcellation block. Matching NIfTI volume available.
marmoset,source/NIH_labels_cortex_and_subcortical.xlsx:NIH_cortex_vH,source/NIH_Marmoset_Atlas_V1_master.zip:NIH_Marmoset_Atlas_V1-master/v1.1/NIH_cortex_vH_150um.nii.gz,106_MST,106,MST,Medial superior temporal area,NIH_cortex_vH,,,label_from_xlsx_volume,Merged NIH Marmoset Atlas v1.1 workbook row; group is parcellation block. Matching NIfTI volume available.
marmoset,source/NIH_labels_cortex_and_subcortical.xlsx:NIH_cortex_vPaxinos (transfomed&refined from the Monash Marmoset Brain Architecture Project),source/NIH_cortex_vPaxinos_150um.nii.gz,1_A1_A2,1,A1/A2,areas 1 and 2 of cortex,NIH_cortex_vPaxinos (transfomed&refined from the Monash Marmoset Brain Architecture Project),,,label_from_xlsx_volume,Merged NIH Marmoset Atlas v1.1 workbook row; group is parcellation block. Matching NIfTI volume available.
marmoset,source/NIH_labels_cortex_and_subcortical.xlsx:NIH_cortex_vPaxinos (transfomed&refined from the Monash Marmoset Brain Architecture Project),source/NIH_cortex_vPaxinos_150um.nii.gz,2_A10,2,A10,area 10 of cortex,NIH_cortex_vPaxinos (transfomed&refined from the Monash Marmoset Brain Architecture Project),,,label_from_xlsx_volume,Merged NIH Marmoset Atlas v1.1 workbook row; group is parcellation block. Matching NIfTI volume available.
marmoset,source/NIH_labels_cortex_and_subcortical.xlsx:NIH_cortex_vPaxinos (transfomed&refined from the Monash Marmoset Brain Architecture Project),source/NIH_cortex_vPaxinos_150um.nii.gz,3_A11,3,A11,area 11 of cortex,NIH_cortex_vPaxinos (transfomed&refined from the Monash Marmoset Brain Architecture Project),,,label_from_xlsx_volume,Merged NIH Marmoset Atlas v1.1 workbook row; group is parcellation block. Matching NIfTI volume available.
marmoset,source/NIH_labels_cortex_and_subcortical.xlsx:NIH_cortex_vPaxinos (transfomed&refined from the Monash Marmoset Brain Architecture Project),source/NIH_cortex_vPaxinos_150um.nii.gz,4_A13L,4,A13L,area 13 of cortex lateral part,NIH_cortex_vPaxinos (transfomed&refined from the Monash Marmoset Brain Architecture Project),,,label_from_xlsx_volume,Merged NIH Marmoset Atlas v1.1 workbook row; group is parcellation block. Matching NIfTI volume available.
marmoset,source/NIH_labels_cortex_and_subcortical.xlsx:NIH_cortex_vPaxinos (transfomed&refined from the Monash Marmoset Brain Architecture Project),source/NIH_cortex_vPaxinos_150um.nii.gz,5_A13M,5,A13M,area 13 of cortex medial part,NIH_cortex_vPaxinos (transfomed&refined from the Monash Marmoset Brain Architecture Project),,,label_from_xlsx_volume,Merged NIH Marmoset Atlas v1.1 workbook row; group is parcellation block. Matching NIfTI volume available.
marmoset,source/NIH_labels_cortex_and_subcortical.xlsx:NIH_cortex_vPaxinos (transfomed&refined from the Monash Marmoset Brain Architecture Project),source/NIH_cortex_vPaxinos_150um.nii.gz,6_A13a,6,A13a,area 13a of cortex,NIH_cortex_vPaxinos (transfomed&refined from the Monash Marmoset Brain Architecture Project),,,label_from_xlsx_volume,Merged NIH Marmoset Atlas v1.1 workbook row; group is parcellation block. Matching NIfTI volume available.
marmoset,source/NIH_labels_cortex_and_subcortical.xlsx:NIH_cortex_vPaxinos (transfomed&refined from the Monash Marmoset Brain Architecture Project),source/NIH_cortex_vPaxinos_150um.nii.gz,7_A13b,7,A13b,area 13b of cortex,NIH_cortex_vPaxinos (transfomed&refined from the Monash Marmoset Brain Architecture Project),,,label_from_xlsx_volume,Merged NIH Marmoset Atlas v1.1 workbook row; group is parcellation block. Matching NIfTI volume available.
marmoset,source/NIH_labels_cortex_and_subcortical.xlsx:NIH_cortex_vPaxinos (transfomed&refined from the Monash Marmoset Brain Architecture Project),source/NIH_cortex_vPaxinos_150um.nii.gz,8_A14C,8,A14C,area 14 of cortex caudal part,NIH_cortex_vPaxinos (transfomed&refined from the Monash Marmoset Brain Architecture Project),,,label_from_xlsx_volume,Merged NIH Marmoset Atlas v1.1 workbook row; group is parcellation block. Matching NIfTI volume available.
marmoset,source/NIH_labels_cortex_and_subcortical.xlsx:NIH_cortex_vPaxinos (transfomed&refined from the Monash Marmoset Brain Architecture Project),source/NIH_cortex_vPaxinos_150um.nii.gz,9_A14R,9,A14R,area 14 of cortex rostral part,NIH_cortex_vPaxinos (transfomed&refined from the Monash Marmoset Brain Architecture Project),,,label_from_xlsx_volume,Merged NIH Marmoset Atlas v1.1 workbook row; group is parcellation block. Matching NIfTI volume available.
marmoset,source/NIH_labels_cortex_and_subcortical.xlsx:NIH_cortex_vPaxinos (transfomed&refined from the Monash Marmoset Brain Architecture Project),source/NIH_cortex_vPaxinos_150um.nii.gz,10_A19DI,10,A19DI,area 19 of cortex dorsointermediate part,NIH_cortex_vPaxinos (transfomed&refined from the Monash Marmoset Brain Architecture Project),,,label_from_xlsx_volume,Merged NIH Marmoset Atlas v1.1 workbook row; group is parcellation block. Matching NIfTI volume available.
marmoset,source/NIH_labels_cortex_and_subcortical.xlsx:NIH_cortex_vPaxinos (transfomed&refined from the Monash Marmoset Brain Architecture Project),source/NIH_cortex_vPaxinos_150um.nii.gz,11_A19M,11,A19M,area 19 of cortex medial part,NIH_cortex_vPaxinos (transfomed&refined from the Monash Marmoset Brain Architecture Project),,,label_from_xlsx_volume,Merged NIH Marmoset Atlas v1.1 workbook row; group is parcellation block. Matching NIfTI volume available.
marmoset,source/NIH_labels_cortex_and_subcortical.xlsx:NIH_cortex_vPaxinos (transfomed&refined from the Monash Marmoset Brain Architecture Project),source/NIH_cortex_vPaxinos_150um.nii.gz,12_A23V,12,A23V,area 23 of cortex ventral part,NIH_cortex_vPaxinos (transfomed&refined from the Monash Marmoset Brain Architecture Project),,,label_from_xlsx_volume,Merged NIH Marmoset Atlas v1.1 workbook row; group is parcellation block. Matching NIfTI volume available.
marmoset,source/NIH_labels_cortex_and_subcortical.xlsx:NIH_cortex_vPaxinos (transfomed&refined from the Monash Marmoset Brain Architecture Project),source/NIH_cortex_vPaxinos_150um.nii.gz,13_A23a,13,A23a,area 23a of cortex,NIH_cortex_vPaxinos (transfomed&refined from the Monash Marmoset Brain Architecture Project),,,label_from_xlsx_volume,Merged NIH Marmoset Atlas v1.1 workbook row; group is parcellation block. Matching NIfTI volume available.
marmoset,source/NIH_labels_cortex_and_subcortical.xlsx:NIH_cortex_vPaxinos (transfomed&refined from the Monash Marmoset Brain Architecture Project),source/NIH_cortex_vPaxinos_150um.nii.gz,14_A23b,14,A23b,area 23b of cortex,NIH_cortex_vPaxinos (transfomed&refined from the Monash Marmoset Brain Architecture Project),,,label_from_xlsx_volume,Merged NIH Marmoset Atlas v1.1 workbook row; group is parcellation block. Matching NIfTI volume available.
marmoset,source/NIH_labels_cortex_and_subcortical.xlsx:NIH_cortex_vPaxinos (transfomed&refined from the Monash Marmoset Brain Architecture Project),source/NIH_cortex_vPaxinos_150um.nii.gz,15_A23c,15,A23c,area 23c of cortex,NIH_cortex_vPaxinos (transfomed&refined from the Monash Marmoset Brain Architecture Project),,,label_from_xlsx_volume,Merged NIH Marmoset Atlas v1.1 workbook row; group is parcellation block. Matching NIfTI volume available.
marmoset,source/NIH_labels_cortex_and_subcortical.xlsx:NIH_cortex_vPaxinos (transfomed&refined from the Monash Marmoset Brain Architecture Project),source/NIH_cortex_vPaxinos_150um.nii.gz,16_A24a,16,A24a,area 24a of cortex,NIH_cortex_vPaxinos (transfomed&refined from the Monash Marmoset Brain Architecture Project),,,label_from_xlsx_volume,Merged NIH Marmoset Atlas v1.1 workbook row; group is parcellation block. Matching NIfTI volume available.
marmoset,source/NIH_labels_cortex_and_subcortical.xlsx:NIH_cortex_vPaxinos (transfomed&refined from the Monash Marmoset Brain Architecture Project),source/NIH_cortex_vPaxinos_150um.nii.gz,17_A24b,17,A24b,area 24b of cortex,NIH_cortex_vPaxinos (transfomed&refined from the Monash Marmoset Brain Architecture Project),,,label_from_xlsx_volume,Merged NIH Marmoset Atlas v1.1 workbook row; group is parcellation block. Matching NIfTI volume available.
marmoset,source/NIH_labels_cortex_and_subcortical.xlsx:NIH_cortex_vPaxinos (transfomed&refined from the Monash Marmoset Brain Architecture Project),source/NIH_cortex_vPaxinos_150um.nii.gz,18_A24c,18,A24c,area 24c of cortex,NIH_cortex_vPaxinos (transfomed&refined from the Monash Marmoset Brain Architecture Project),,,label_from_xlsx_volume,Merged NIH Marmoset Atlas v1.1 workbook row; group is parcellation block. Matching NIfTI volume available.
marmoset,source/NIH_labels_cortex_and_subcortical.xlsx:NIH_cortex_vPaxinos (transfomed&refined from the Monash Marmoset Brain Architecture Project),source/NIH_cortex_vPaxinos_150um.nii.gz,19_A24d,19,A24d,area 24d of cortex,NIH_cortex_vPaxinos (transfomed&refined from the Monash Marmoset Brain Architecture Project),,,label_from_xlsx_volume,Merged NIH Marmoset Atlas v1.1 workbook row; group is parcellation block. Matching NIfTI volume available.
marmoset,source/NIH_labels_cortex_and_subcortical.xlsx:NIH_cortex_vPaxinos (transfomed&refined from the Monash Marmoset Brain Architecture Project),source/NIH_cortex_vPaxinos_150um.nii.gz,20_A25,20,A25,area 25 of cortex,NIH_cortex_vPaxinos (transfomed&refined from the Monash Marmoset Brain Architecture Project),,,label_from_xlsx_volume,Merged NIH Marmoset Atlas v1.1 workbook row; group is parcellation block. Matching NIfTI volume available.
marmoset,source/NIH_labels_cortex_and_subcortical.xlsx:NIH_cortex_vPaxinos (transfomed&refined from the Monash Marmoset Brain Architecture Project),source/NIH_cortex_vPaxinos_150um.nii.gz,21_A29a-c,21,A29a-c,area 29a-c of cortex,NIH_cortex_vPaxinos (transfomed&refined from the Monash Marmoset Brain Architecture Project),,,label_from_xlsx_volume,Merged NIH Marmoset Atlas v1.1 workbook row; group is parcellation block. Matching NIfTI volume available.
marmoset,source/NIH_labels_cortex_and_subcortical.xlsx:NIH_cortex_vPaxinos (transfomed&refined from the Monash Marmoset Brain Architecture Project),source/NIH_cortex_vPaxinos_150um.nii.gz,22_A29d,22,A29d,area 29d of cortex,NIH_cortex_vPaxinos (transfomed&refined from the Monash Marmoset Brain Architecture Project),,,label_from_xlsx_volume,Merged NIH Marmoset Atlas v1.1 workbook row; group is parcellation block. Matching NIfTI volume available.
marmoset,source/NIH_labels_cortex_and_subcortical.xlsx:NIH_cortex_vPaxinos (transfomed&refined from the Monash Marmoset Brain Architecture Project),source/NIH_cortex_vPaxinos_150um.nii.gz,23_A30,23,A30,area 30 of cortex,NIH_cortex_vPaxinos (transfomed&refined from the Monash Marmoset Brain Architecture Project),,,label_from_xlsx_volume,Merged NIH Marmoset Atlas v1.1 workbook row; group is parcellation block. Matching NIfTI volume available.
marmoset,source/NIH_labels_cortex_and_subcortical.xlsx:NIH_cortex_vPaxinos (transfomed&refined from the Monash Marmoset Brain Architecture Project),source/NIH_cortex_vPaxinos_150um.nii.gz,24_A31,24,A31,area 31 of cortex,NIH_cortex_vPaxinos (transfomed&refined from the Monash Marmoset Brain Architecture Project),,,label_from_xlsx_volume,Merged NIH Marmoset Atlas v1.1 workbook row; group is parcellation block. Matching NIfTI volume available.
marmoset,source/NIH_labels_cortex_and_subcortical.xlsx:NIH_cortex_vPaxinos (transfomed&refined from the Monash Marmoset Brain Architecture Project),source/NIH_cortex_vPaxinos_150um.nii.gz,25_A32,25,A32,area 32 of cortex,NIH_cortex_vPaxinos (transfomed&refined from the Monash Marmoset Brain Architecture Project),,,label_from_xlsx_volume,Merged NIH Marmoset Atlas v1.1 workbook row; group is parcellation block. Matching NIfTI volume available.
marmoset,source/NIH_labels_cortex_and_subcortical.xlsx:NIH_cortex_vPaxinos (transfomed&refined from the Monash Marmoset Brain Architecture Project),source/NIH_cortex_vPaxinos_150um.nii.gz,26_A32V,26,A32V,area 32 of cortex ventral part,NIH_cortex_vPaxinos (transfomed&refined from the Monash Marmoset Brain Architecture Project),,,label_from_xlsx_volume,Merged NIH Marmoset Atlas v1.1 workbook row; group is parcellation block. Matching NIfTI volume available.
marmoset,source/NIH_labels_cortex_and_subcortical.xlsx:NIH_cortex_vPaxinos (transfomed&refined from the Monash Marmoset Brain Architecture Project),source/NIH_cortex_vPaxinos_150um.nii.gz,27_A35,27,A35,area 35 of cortex,NIH_cortex_vPaxinos (transfomed&refined from the Monash Marmoset Brain Architecture Project),,,label_from_xlsx_volume,Merged NIH Marmoset Atlas v1.1 workbook row; group is parcellation block. Matching NIfTI volume available.
marmoset,source/NIH_labels_cortex_and_subcortical.xlsx:NIH_cortex_vPaxinos (transfomed&refined from the Monash Marmoset Brain Architecture Project),source/NIH_cortex_vPaxinos_150um.nii.gz,28_A36,28,A36,area 36 of cortex,NIH_cortex_vPaxinos (transfomed&refined from the Monash Marmoset Brain Architecture Project),,,label_from_xlsx_volume,Merged NIH Marmoset Atlas v1.1 workbook row; group is parcellation block. Matching NIfTI volume available.
marmoset,source/NIH_labels_cortex_and_subcortical.xlsx:NIH_cortex_vPaxinos (transfomed&refined from the Monash Marmoset Brain Architecture Project),source/NIH_cortex_vPaxinos_150um.nii.gz,29_A3a,29,A3a,area 3a of cortex (somatosensory),NIH_cortex_vPaxinos (transfomed&refined from the Monash Marmoset Brain Architecture Project),,,label_from_xlsx_volume,Merged NIH Marmoset Atlas v1.1 workbook row; group is parcellation block. Matching NIfTI volume available.
marmoset,source/NIH_labels_cortex_and_subcortical.xlsx:NIH_cortex_vPaxinos (transfomed&refined from the Monash Marmoset Brain Architecture Project),source/NIH_cortex_vPaxinos_150um.nii.gz,30_A3b,30,A3b,area 3b of cortex (somatosensory),NIH_cortex_vPaxinos (transfomed&refined from the Monash Marmoset Brain Architecture Project),,,label_from_xlsx_volume,Merged NIH Marmoset Atlas v1.1 workbook row; group is parcellation block. Matching NIfTI volume available.
marmoset,source/NIH_labels_cortex_and_subcortical.xlsx:NIH_cortex_vPaxinos (transfomed&refined from the Monash Marmoset Brain Architecture Project),source/NIH_cortex_vPaxinos_150um.nii.gz,31_A45,31,A45,area 45 of cortex,NIH_cortex_vPaxinos (transfomed&refined from the Monash Marmoset Brain Architecture Project),,,label_from_xlsx_volume,Merged NIH Marmoset Atlas v1.1 workbook row; group is parcellation block. Matching NIfTI volume available.
marmoset,source/NIH_labels_cortex_and_subcortical.xlsx:NIH_cortex_vPaxinos (transfomed&refined from the Monash Marmoset Brain Architecture Project),source/NIH_cortex_vPaxinos_150um.nii.gz,32_A46D,32,A46D,area 46 of cortex dorsal part,NIH_cortex_vPaxinos (transfomed&refined from the Monash Marmoset Brain Architecture Project),,,label_from_xlsx_volume,Merged NIH Marmoset Atlas v1.1 workbook row; group is parcellation block. Matching NIfTI volume available.
marmoset,source/NIH_labels_cortex_and_subcortical.xlsx:NIH_cortex_vPaxinos (transfomed&refined from the Monash Marmoset Brain Architecture Project),source/NIH_cortex_vPaxinos_150um.nii.gz,33_A46V,33,A46V,area 46 of cortex ventral part,NIH_cortex_vPaxinos (transfomed&refined from the Monash Marmoset Brain Architecture Project),,,label_from_xlsx_volume,Merged NIH Marmoset Atlas v1.1 workbook row; group is parcellation block. Matching NIfTI volume available.
marmoset,source/NIH_labels_cortex_and_subcortical.xlsx:NIH_cortex_vPaxinos (transfomed&refined from the Monash Marmoset Brain Architecture Project),source/NIH_cortex_vPaxinos_150um.nii.gz,34_A47L,34,A47L,area 47 (old 12) of cortex lateral part,NIH_cortex_vPaxinos (transfomed&refined from the Monash Marmoset Brain Architecture Project),,,label_from_xlsx_volume,Merged NIH Marmoset Atlas v1.1 workbook row; group is parcellation block. Matching NIfTI volume available.
marmoset,source/NIH_labels_cortex_and_subcortical.xlsx:NIH_cortex_vPaxinos (transfomed&refined from the Monash Marmoset Brain Architecture Project),source/NIH_cortex_vPaxinos_150um.nii.gz,35_A47M,35,A47M,area 47 (old 12) of cortex medial part,NIH_cortex_vPaxinos (transfomed&refined from the Monash Marmoset Brain Architecture Project),,,label_from_xlsx_volume,Merged NIH Marmoset Atlas v1.1 workbook row; group is parcellation block. Matching NIfTI volume available.
marmoset,source/NIH_labels_cortex_and_subcortical.xlsx:NIH_cortex_vPaxinos (transfomed&refined from the Monash Marmoset Brain Architecture Project),source/NIH_cortex_vPaxinos_150um.nii.gz,36_A47O,36,A47O,area 47 (old 12) of cortex orbital part,NIH_cortex_vPaxinos (transfomed&refined from the Monash Marmoset Brain Architecture Project),,,label_from_xlsx_volume,Merged NIH Marmoset Atlas v1.1 workbook row; group is parcellation block. Matching NIfTI volume available.
marmoset,source/NIH_labels_cortex_and_subcortical.xlsx:NIH_cortex_vPaxinos (transfomed&refined from the Monash Marmoset Brain Architecture Project),source/NIH_cortex_vPaxinos_150um.nii.gz,37_A4ab,37,A4ab,area 4 of cortex parts a and b (primary motor),NIH_cortex_vPaxinos (transfomed&refined from the Monash Marmoset Brain Architecture Project),,,label_from_xlsx_volume,Merged NIH Marmoset Atlas v1.1 workbook row; group is parcellation block. Matching NIfTI volume available.
marmoset,source/NIH_labels_cortex_and_subcortical.xlsx:NIH_cortex_vPaxinos (transfomed&refined from the Monash Marmoset Brain Architecture Project),source/NIH_cortex_vPaxinos_150um.nii.gz,38_A4c,38,A4c,area 4 of cortex part c (primary motor),NIH_cortex_vPaxinos (transfomed&refined from the Monash Marmoset Brain Architecture Project),,,label_from_xlsx_volume,Merged NIH Marmoset Atlas v1.1 workbook row; group is parcellation block. Matching NIfTI volume available.
marmoset,source/NIH_labels_cortex_and_subcortical.xlsx:NIH_cortex_vPaxinos (transfomed&refined from the Monash Marmoset Brain Architecture Project),source/NIH_cortex_vPaxinos_150um.nii.gz,39_A6DC,39,A6DC,area 6 of cortex dorsocaudal part,NIH_cortex_vPaxinos (transfomed&refined from the Monash Marmoset Brain Architecture Project),,,label_from_xlsx_volume,Merged NIH Marmoset Atlas v1.1 workbook row; group is parcellation block. Matching NIfTI volume available.
marmoset,source/NIH_labels_cortex_and_subcortical.xlsx:NIH_cortex_vPaxinos (transfomed&refined from the Monash Marmoset Brain Architecture Project),source/NIH_cortex_vPaxinos_150um.nii.gz,40_A6DR,40,A6DR,area 6 of cortex dorsorostral part,NIH_cortex_vPaxinos (transfomed&refined from the Monash Marmoset Brain Architecture Project),,,label_from_xlsx_volume,Merged NIH Marmoset Atlas v1.1 workbook row; group is parcellation block. Matching NIfTI volume available.
marmoset,source/NIH_labels_cortex_and_subcortical.xlsx:NIH_cortex_vPaxinos (transfomed&refined from the Monash Marmoset Brain Architecture Project),source/NIH_cortex_vPaxinos_150um.nii.gz,41_A6M,41,A6M,area 6 of cortex medial (supplementary motor) part,NIH_cortex_vPaxinos (transfomed&refined from the Monash Marmoset Brain Architecture Project),,,label_from_xlsx_volume,Merged NIH Marmoset Atlas v1.1 workbook row; group is parcellation block. Matching NIfTI volume available.
marmoset,source/NIH_labels_cortex_and_subcortical.xlsx:NIH_cortex_vPaxinos (transfomed&refined from the Monash Marmoset Brain Architecture Project),source/NIH_cortex_vPaxinos_150um.nii.gz,42_A6Va,42,A6Va,area 6 of cortex ventral part a,NIH_cortex_vPaxinos (transfomed&refined from the Monash Marmoset Brain Architecture Project),,,label_from_xlsx_volume,Merged NIH Marmoset Atlas v1.1 workbook row; group is parcellation block. Matching NIfTI volume available.
marmoset,source/NIH_labels_cortex_and_subcortical.xlsx:NIH_cortex_vPaxinos (transfomed&refined from the Monash Marmoset Brain Architecture Project),source/NIH_cortex_vPaxinos_150um.nii.gz,43_A6Vb,43,A6Vb,area 6 of cortex ventral part b,NIH_cortex_vPaxinos (transfomed&refined from the Monash Marmoset Brain Architecture Project),,,label_from_xlsx_volume,Merged NIH Marmoset Atlas v1.1 workbook row; group is parcellation block. Matching NIfTI volume available.
marmoset,source/NIH_labels_cortex_and_subcortical.xlsx:NIH_cortex_vPaxinos (transfomed&refined from the Monash Marmoset Brain Architecture Project),source/NIH_cortex_vPaxinos_150um.nii.gz,44_A8C,44,A8C,area 8 of cortex caudal part,NIH_cortex_vPaxinos (transfomed&refined from the Monash Marmoset Brain Architecture Project),,,label_from_xlsx_volume,Merged NIH Marmoset Atlas v1.1 workbook row; group is parcellation block. Matching NIfTI volume available.
marmoset,source/NIH_labels_cortex_and_subcortical.xlsx:NIH_cortex_vPaxinos (transfomed&refined from the Monash Marmoset Brain Architecture Project),source/NIH_cortex_vPaxinos_150um.nii.gz,45_A8aD,45,A8aD,area 8a of cortex dorsal part,NIH_cortex_vPaxinos (transfomed&refined from the Monash Marmoset Brain Architecture Project),,,label_from_xlsx_volume,Merged NIH Marmoset Atlas v1.1 workbook row; group is parcellation block. Matching NIfTI volume available.
marmoset,source/NIH_labels_cortex_and_subcortical.xlsx:NIH_cortex_vPaxinos (transfomed&refined from the Monash Marmoset Brain Architecture Project),source/NIH_cortex_vPaxinos_150um.nii.gz,46_A8Av,46,A8Av,area 8a of cortex ventral par,NIH_cortex_vPaxinos (transfomed&refined from the Monash Marmoset Brain Architecture Project),,,label_from_xlsx_volume,Merged NIH Marmoset Atlas v1.1 workbook row; group is parcellation block. Matching NIfTI volume available.
marmoset,source/NIH_labels_cortex_and_subcortical.xlsx:NIH_cortex_vPaxinos (transfomed&refined from the Monash Marmoset Brain Architecture Project),source/NIH_cortex_vPaxinos_150um.nii.gz,47_A8b,47,A8b,area 8b of cortex,NIH_cortex_vPaxinos (transfomed&refined from the Monash Marmoset Brain Architecture Project),,,label_from_xlsx_volume,Merged NIH Marmoset Atlas v1.1 workbook row; group is parcellation block. Matching NIfTI volume available.
marmoset,source/NIH_labels_cortex_and_subcortical.xlsx:NIH_cortex_vPaxinos (transfomed&refined from the Monash Marmoset Brain Architecture Project),source/NIH_cortex_vPaxinos_150um.nii.gz,48_A9,48,A9,area 9 of cortex,NIH_cortex_vPaxinos (transfomed&refined from the Monash Marmoset Brain Architecture Project),,,label_from_xlsx_volume,Merged NIH Marmoset Atlas v1.1 workbook row; group is parcellation block. Matching NIfTI volume available.
marmoset,source/NIH_labels_cortex_and_subcortical.xlsx:NIH_cortex_vPaxinos (transfomed&refined from the Monash Marmoset Brain Architecture Project),source/NIH_cortex_vPaxinos_150um.nii.gz,49_n.a,49,n.a.,Anterior Cingulate Cortex (dummy ROI),NIH_cortex_vPaxinos (transfomed&refined from the Monash Marmoset Brain Architecture Project),,,label_from_xlsx_volume,Merged NIH Marmoset Atlas v1.1 workbook row; group is parcellation block. Matching NIfTI volume available.
marmoset,source/NIH_labels_cortex_and_subcortical.xlsx:NIH_cortex_vPaxinos (transfomed&refined from the Monash Marmoset Brain Architecture Project),source/NIH_cortex_vPaxinos_150um.nii.gz,50_AI,50,AI,agranular insular cortex,NIH_cortex_vPaxinos (transfomed&refined from the Monash Marmoset Brain Architecture Project),,,label_from_xlsx_volume,Merged NIH Marmoset Atlas v1.1 workbook row; group is parcellation block. Matching NIfTI volume available.
marmoset,source/NIH_labels_cortex_and_subcortical.xlsx:NIH_cortex_vPaxinos (transfomed&refined from the Monash Marmoset Brain Architecture Project),source/NIH_cortex_vPaxinos_150um.nii.gz,51_AIP,51,AIP,anterior intraparietal area of cortex,NIH_cortex_vPaxinos (transfomed&refined from the Monash Marmoset Brain Architecture Project),,,label_from_xlsx_volume,Merged NIH Marmoset Atlas v1.1 workbook row; group is parcellation block. Matching NIfTI volume available.
marmoset,source/NIH_labels_cortex_and_subcortical.xlsx:NIH_cortex_vPaxinos (transfomed&refined from the Monash Marmoset Brain Architecture Project),source/NIH_cortex_vPaxinos_150um.nii.gz,52_Apri,52,Apri,amygdalopiriform transition area,NIH_cortex_vPaxinos (transfomed&refined from the Monash Marmoset Brain Architecture Project),,,label_from_xlsx_volume,Merged NIH Marmoset Atlas v1.1 workbook row; group is parcellation block. Matching NIfTI volume available.
marmoset,source/NIH_labels_cortex_and_subcortical.xlsx:NIH_cortex_vPaxinos (transfomed&refined from the Monash Marmoset Brain Architecture Project),source/NIH_cortex_vPaxinos_150um.nii.gz,53_n.a,53,n.a.,Auditory Cortex(dummy ROI),NIH_cortex_vPaxinos (transfomed&refined from the Monash Marmoset Brain Architecture Project),,,label_from_xlsx_volume,Merged NIH Marmoset Atlas v1.1 workbook row; group is parcellation block. Matching NIfTI volume available.
marmoset,source/NIH_labels_cortex_and_subcortical.xlsx:NIH_cortex_vPaxinos (transfomed&refined from the Monash Marmoset Brain Architecture Project),source/NIH_cortex_vPaxinos_150um.nii.gz,54_AuA1,54,AuA1,auditory cortex primary area,NIH_cortex_vPaxinos (transfomed&refined from the Monash Marmoset Brain Architecture Project),,,label_from_xlsx_volume,Merged NIH Marmoset Atlas v1.1 workbook row; group is parcellation block. Matching NIfTI volume available.
marmoset,source/NIH_labels_cortex_and_subcortical.xlsx:NIH_cortex_vPaxinos (transfomed&refined from the Monash Marmoset Brain Architecture Project),source/NIH_cortex_vPaxinos_150um.nii.gz,55_AuAL,55,AuAL,auditory cortex anterolateral area,NIH_cortex_vPaxinos (transfomed&refined from the Monash Marmoset Brain Architecture Project),,,label_from_xlsx_volume,Merged NIH Marmoset Atlas v1.1 workbook row; group is parcellation block. Matching NIfTI volume available.
marmoset,source/NIH_labels_cortex_and_subcortical.xlsx:NIH_cortex_vPaxinos (transfomed&refined from the Monash Marmoset Brain Architecture Project),source/NIH_cortex_vPaxinos_150um.nii.gz,56_AuAL,56,AuAL,auditory cortex caudolateral area,NIH_cortex_vPaxinos (transfomed&refined from the Monash Marmoset Brain Architecture Project),,,label_from_xlsx_volume,Merged NIH Marmoset Atlas v1.1 workbook row; group is parcellation block. Matching NIfTI volume available.
marmoset,source/NIH_labels_cortex_and_subcortical.xlsx:NIH_cortex_vPaxinos (transfomed&refined from the Monash Marmoset Brain Architecture Project),source/NIH_cortex_vPaxinos_150um.nii.gz,57_AuCM,57,AuCM,auditory cortex caudomedial area,NIH_cortex_vPaxinos (transfomed&refined from the Monash Marmoset Brain Architecture Project),,,label_from_xlsx_volume,Merged NIH Marmoset Atlas v1.1 workbook row; group is parcellation block. Matching NIfTI volume available.
marmoset,source/NIH_labels_cortex_and_subcortical.xlsx:NIH_cortex_vPaxinos (transfomed&refined from the Monash Marmoset Brain Architecture Project),source/NIH_cortex_vPaxinos_150um.nii.gz,58_AuCPB,58,AuCPB,auditory cortex caudal parabelt area,NIH_cortex_vPaxinos (transfomed&refined from the Monash Marmoset Brain Architecture Project),,,label_from_xlsx_volume,Merged NIH Marmoset Atlas v1.1 workbook row; group is parcellation block. Matching NIfTI volume available.
marmoset,source/NIH_labels_cortex_and_subcortical.xlsx:NIH_cortex_vPaxinos (transfomed&refined from the Monash Marmoset Brain Architecture Project),source/NIH_cortex_vPaxinos_150um.nii.gz,59_AuML,59,AuML,auditory cortex middle lateral area,NIH_cortex_vPaxinos (transfomed&refined from the Monash Marmoset Brain Architecture Project),,,label_from_xlsx_volume,Merged NIH Marmoset Atlas v1.1 workbook row; group is parcellation block. Matching NIfTI volume available.
marmoset,source/NIH_labels_cortex_and_subcortical.xlsx:NIH_cortex_vPaxinos (transfomed&refined from the Monash Marmoset Brain Architecture Project),source/NIH_cortex_vPaxinos_150um.nii.gz,60_AuR,60,AuR,auditory cortex rostral area,NIH_cortex_vPaxinos (transfomed&refined from the Monash Marmoset Brain Architecture Project),,,label_from_xlsx_volume,Merged NIH Marmoset Atlas v1.1 workbook row; group is parcellation block. Matching NIfTI volume available.
marmoset,source/NIH_labels_cortex_and_subcortical.xlsx:NIH_cortex_vPaxinos (transfomed&refined from the Monash Marmoset Brain Architecture Project),source/NIH_cortex_vPaxinos_150um.nii.gz,61_AuRM,61,AuRM,auditory cortex rostromedial area,NIH_cortex_vPaxinos (transfomed&refined from the Monash Marmoset Brain Architecture Project),,,label_from_xlsx_volume,Merged NIH Marmoset Atlas v1.1 workbook row; group is parcellation block. Matching NIfTI volume available.
marmoset,source/NIH_labels_cortex_and_subcortical.xlsx:NIH_cortex_vPaxinos (transfomed&refined from the Monash Marmoset Brain Architecture Project),source/NIH_cortex_vPaxinos_150um.nii.gz,62_AuRPB,62,AuRPB,auditory cortex rostral parabelt,NIH_cortex_vPaxinos (transfomed&refined from the Monash Marmoset Brain Architecture Project),,,label_from_xlsx_volume,Merged NIH Marmoset Atlas v1.1 workbook row; group is parcellation block. Matching NIfTI volume available.
marmoset,source/NIH_labels_cortex_and_subcortical.xlsx:NIH_cortex_vPaxinos (transfomed&refined from the Monash Marmoset Brain Architecture Project),source/NIH_cortex_vPaxinos_150um.nii.gz,63_AuRT,63,AuRT,auditory cortex rostrotemporal,NIH_cortex_vPaxinos (transfomed&refined from the Monash Marmoset Brain Architecture Project),,,label_from_xlsx_volume,Merged NIH Marmoset Atlas v1.1 workbook row; group is parcellation block. Matching NIfTI volume available.
marmoset,source/NIH_labels_cortex_and_subcortical.xlsx:NIH_cortex_vPaxinos (transfomed&refined from the Monash Marmoset Brain Architecture Project),source/NIH_cortex_vPaxinos_150um.nii.gz,64_AuRTL,64,AuRTL,auditory cortex rostrotemporal lateral area,NIH_cortex_vPaxinos (transfomed&refined from the Monash Marmoset Brain Architecture Project),,,label_from_xlsx_volume,Merged NIH Marmoset Atlas v1.1 workbook row; group is parcellation block. Matching NIfTI volume available.
marmoset,source/NIH_labels_cortex_and_subcortical.xlsx:NIH_cortex_vPaxinos (transfomed&refined from the Monash Marmoset Brain Architecture Project),source/NIH_cortex_vPaxinos_150um.nii.gz,65_AuRTM,65,AuRTM,auditory cortex rostrotemporal medial area,NIH_cortex_vPaxinos (transfomed&refined from the Monash Marmoset Brain Architecture Project),,,label_from_xlsx_volume,Merged NIH Marmoset Atlas v1.1 workbook row; group is parcellation block. Matching NIfTI volume available.
marmoset,source/NIH_labels_cortex_and_subcortical.xlsx:NIH_cortex_vPaxinos (transfomed&refined from the Monash Marmoset Brain Architecture Project),source/NIH_cortex_vPaxinos_150um.nii.gz,66_n.a,66,n.a.,Brain (dummy ROI),NIH_cortex_vPaxinos (transfomed&refined from the Monash Marmoset Brain Architecture Project),,,label_from_xlsx_volume,Merged NIH Marmoset Atlas v1.1 workbook row; group is parcellation block. Matching NIfTI volume available.
marmoset,source/NIH_labels_cortex_and_subcortical.xlsx:NIH_cortex_vPaxinos (transfomed&refined from the Monash Marmoset Brain Architecture Project),source/NIH_cortex_vPaxinos_150um.nii.gz,67_DI,67,DI,dysgranular insular cortex,NIH_cortex_vPaxinos (transfomed&refined from the Monash Marmoset Brain Architecture Project),,,label_from_xlsx_volume,Merged NIH Marmoset Atlas v1.1 workbook row; group is parcellation block. Matching NIfTI volume available.
marmoset,source/NIH_labels_cortex_and_subcortical.xlsx:NIH_cortex_vPaxinos (transfomed&refined from the Monash Marmoset Brain Architecture Project),source/NIH_cortex_vPaxinos_150um.nii.gz,68_n.a,68,n.a.,Dorsolateral Prefrontal Cortex (dummy ROI),NIH_cortex_vPaxinos (transfomed&refined from the Monash Marmoset Brain Architecture Project),,,label_from_xlsx_volume,Merged NIH Marmoset Atlas v1.1 workbook row; group is parcellation block. Matching NIfTI volume available.
marmoset,source/NIH_labels_cortex_and_subcortical.xlsx:NIH_cortex_vPaxinos (transfomed&refined from the Monash Marmoset Brain Architecture Project),source/NIH_cortex_vPaxinos_150um.nii.gz,69_n.a,69,n.a.,Dorsal Pallium (dummy ROI),NIH_cortex_vPaxinos (transfomed&refined from the Monash Marmoset Brain Architecture Project),,,label_from_xlsx_volume,Merged NIH Marmoset Atlas v1.1 workbook row; group is parcellation block. Matching NIfTI volume available.
marmoset,source/NIH_labels_cortex_and_subcortical.xlsx:NIH_cortex_vPaxinos (transfomed&refined from the Monash Marmoset Brain Architecture Project),source/NIH_cortex_vPaxinos_150um.nii.gz,70_Ent,70,Ent,entorhinal cortex,NIH_cortex_vPaxinos (transfomed&refined from the Monash Marmoset Brain Architecture Project),,,label_from_xlsx_volume,Merged NIH Marmoset Atlas v1.1 workbook row; group is parcellation block. Matching NIfTI volume available.
marmoset,source/NIH_labels_cortex_and_subcortical.xlsx:NIH_cortex_vPaxinos (transfomed&refined from the Monash Marmoset Brain Architecture Project),source/NIH_cortex_vPaxinos_150um.nii.gz,71_FST,71,FST,fundus of superior temporal sulcus area of cortex,NIH_cortex_vPaxinos (transfomed&refined from the Monash Marmoset Brain Architecture Project),,,label_from_xlsx_volume,Merged NIH Marmoset Atlas v1.1 workbook row; group is parcellation block. Matching NIfTI volume available.
marmoset,source/NIH_labels_cortex_and_subcortical.xlsx:NIH_cortex_vPaxinos (transfomed&refined from the Monash Marmoset Brain Architecture Project),source/NIH_cortex_vPaxinos_150um.nii.gz,72_GI,72,GI,granular insular cortex,NIH_cortex_vPaxinos (transfomed&refined from the Monash Marmoset Brain Architecture Project),,,label_from_xlsx_volume,Merged NIH Marmoset Atlas v1.1 workbook row; group is parcellation block. Matching NIfTI volume available.
marmoset,source/NIH_labels_cortex_and_subcortical.xlsx:NIH_cortex_vPaxinos (transfomed&refined from the Monash Marmoset Brain Architecture Project),source/NIH_cortex_vPaxinos_150um.nii.gz,73_Gu,73,Gu,gustatory cortex,NIH_cortex_vPaxinos (transfomed&refined from the Monash Marmoset Brain Architecture Project),,,label_from_xlsx_volume,Merged NIH Marmoset Atlas v1.1 workbook row; group is parcellation block. Matching NIfTI volume available.
marmoset,source/NIH_labels_cortex_and_subcortical.xlsx:NIH_cortex_vPaxinos (transfomed&refined from the Monash Marmoset Brain Architecture Project),source/NIH_cortex_vPaxinos_150um.nii.gz,74_n.a,74,n.a.,Insular Cortex (dummy ROI),NIH_cortex_vPaxinos (transfomed&refined from the Monash Marmoset Brain Architecture Project),,,label_from_xlsx_volume,Merged NIH Marmoset Atlas v1.1 workbook row; group is parcellation block. Matching NIfTI volume available.
marmoset,source/NIH_labels_cortex_and_subcortical.xlsx:NIH_cortex_vPaxinos (transfomed&refined from the Monash Marmoset Brain Architecture Project),source/NIH_cortex_vPaxinos_150um.nii.gz,75_Ipro,75,Ipro,insular proisocortex,NIH_cortex_vPaxinos (transfomed&refined from the Monash Marmoset Brain Architecture Project),,,label_from_xlsx_volume,Merged NIH Marmoset Atlas v1.1 workbook row; group is parcellation block. Matching NIfTI volume available.
marmoset,source/NIH_labels_cortex_and_subcortical.xlsx:NIH_cortex_vPaxinos (transfomed&refined from the Monash Marmoset Brain Architecture Project),source/NIH_cortex_vPaxinos_150um.nii.gz,76_LIP,76,LIP,lateral intraparietal area of cortex,NIH_cortex_vPaxinos (transfomed&refined from the Monash Marmoset Brain Architecture Project),,,label_from_xlsx_volume,Merged NIH Marmoset Atlas v1.1 workbook row; group is parcellation block. Matching NIfTI volume available.
marmoset,source/NIH_labels_cortex_and_subcortical.xlsx:NIH_cortex_vPaxinos (transfomed&refined from the Monash Marmoset Brain Architecture Project),source/NIH_cortex_vPaxinos_150um.nii.gz,77_n.a,77,n.a.,Lateral and Inferior Temporal Cortical Region (dummy ROI),NIH_cortex_vPaxinos (transfomed&refined from the Monash Marmoset Brain Architecture Project),,,label_from_xlsx_volume,Merged NIH Marmoset Atlas v1.1 workbook row; group is parcellation block. Matching NIfTI volume available.
marmoset,source/NIH_labels_cortex_and_subcortical.xlsx:NIH_cortex_vPaxinos (transfomed&refined from the Monash Marmoset Brain Architecture Project),source/NIH_cortex_vPaxinos_150um.nii.gz,78_n.a,78,n.a.,Lateropallial Part (dummy ROI),NIH_cortex_vPaxinos (transfomed&refined from the Monash Marmoset Brain Architecture Project),,,label_from_xlsx_volume,Merged NIH Marmoset Atlas v1.1 workbook row; group is parcellation block. Matching NIfTI volume available.
marmoset,source/NIH_labels_cortex_and_subcortical.xlsx:NIH_cortex_vPaxinos (transfomed&refined from the Monash Marmoset Brain Architecture Project),source/NIH_cortex_vPaxinos_150um.nii.gz,79_MIP,79,MIP,medial intraparietal area of cortex,NIH_cortex_vPaxinos (transfomed&refined from the Monash Marmoset Brain Architecture Project),,,label_from_xlsx_volume,Merged NIH Marmoset Atlas v1.1 workbook row; group is parcellation block. Matching NIfTI volume available.
marmoset,source/NIH_labels_cortex_and_subcortical.xlsx:NIH_cortex_vPaxinos (transfomed&refined from the Monash Marmoset Brain Architecture Project),source/NIH_cortex_vPaxinos_150um.nii.gz,80_n.a,80,n.a.,Medial Prefrontal Cortex (dummy ROI),NIH_cortex_vPaxinos (transfomed&refined from the Monash Marmoset Brain Architecture Project),,,label_from_xlsx_volume,Merged NIH Marmoset Atlas v1.1 workbook row; group is parcellation block. Matching NIfTI volume available.
marmoset,source/NIH_labels_cortex_and_subcortical.xlsx:NIH_cortex_vPaxinos (transfomed&refined from the Monash Marmoset Brain Architecture Project),source/NIH_cortex_vPaxinos_150um.nii.gz,81_MST,81,MST,medial superior temporal area of cortex,NIH_cortex_vPaxinos (transfomed&refined from the Monash Marmoset Brain Architecture Project),,,label_from_xlsx_volume,Merged NIH Marmoset Atlas v1.1 workbook row; group is parcellation block. Matching NIfTI volume available.
marmoset,source/NIH_labels_cortex_and_subcortical.xlsx:NIH_cortex_vPaxinos (transfomed&refined from the Monash Marmoset Brain Architecture Project),source/NIH_cortex_vPaxinos_150um.nii.gz,82_n.a,82,n.a.,Orbital Frontal Cortex (dummy ROI),NIH_cortex_vPaxinos (transfomed&refined from the Monash Marmoset Brain Architecture Project),,,label_from_xlsx_volume,Merged NIH Marmoset Atlas v1.1 workbook row; group is parcellation block. Matching NIfTI volume available.
marmoset,source/NIH_labels_cortex_and_subcortical.xlsx:NIH_cortex_vPaxinos (transfomed&refined from the Monash Marmoset Brain Architecture Project),source/NIH_cortex_vPaxinos_150um.nii.gz,83_OPAI,83,OPAI,orbital periallocortex,NIH_cortex_vPaxinos (transfomed&refined from the Monash Marmoset Brain Architecture Project),,,label_from_xlsx_volume,Merged NIH Marmoset Atlas v1.1 workbook row; group is parcellation block. Matching NIfTI volume available.
marmoset,source/NIH_labels_cortex_and_subcortical.xlsx:NIH_cortex_vPaxinos (transfomed&refined from the Monash Marmoset Brain Architecture Project),source/NIH_cortex_vPaxinos_150um.nii.gz,84_OPro,84,OPro,orbital proisocortex,NIH_cortex_vPaxinos (transfomed&refined from the Monash Marmoset Brain Architecture Project),,,label_from_xlsx_volume,Merged NIH Marmoset Atlas v1.1 workbook row; group is parcellation block. Matching NIfTI volume available.
marmoset,source/NIH_labels_cortex_and_subcortical.xlsx:NIH_cortex_vPaxinos (transfomed&refined from the Monash Marmoset Brain Architecture Project),source/NIH_cortex_vPaxinos_150um.nii.gz,85_OPt,85,OPt,occipito-parietal transitional area of cortex,NIH_cortex_vPaxinos (transfomed&refined from the Monash Marmoset Brain Architecture Project),,,label_from_xlsx_volume,Merged NIH Marmoset Atlas v1.1 workbook row; group is parcellation block. Matching NIfTI volume available.
marmoset,source/NIH_labels_cortex_and_subcortical.xlsx:NIH_cortex_vPaxinos (transfomed&refined from the Monash Marmoset Brain Architecture Project),source/NIH_cortex_vPaxinos_150um.nii.gz,86_n.a,86,n.a.,Posterior Cingulate Medial and Retrosplenial Cortical Regions (dummy ROI),NIH_cortex_vPaxinos (transfomed&refined from the Monash Marmoset Brain Architecture Project),,,label_from_xlsx_volume,Merged NIH Marmoset Atlas v1.1 workbook row; group is parcellation block. Matching NIfTI volume available.
marmoset,source/NIH_labels_cortex_and_subcortical.xlsx:NIH_cortex_vPaxinos (transfomed&refined from the Monash Marmoset Brain Architecture Project),source/NIH_cortex_vPaxinos_150um.nii.gz,87_PE,87,PE,parietal area PE,NIH_cortex_vPaxinos (transfomed&refined from the Monash Marmoset Brain Architecture Project),,,label_from_xlsx_volume,Merged NIH Marmoset Atlas v1.1 workbook row; group is parcellation block. Matching NIfTI volume available.
marmoset,source/NIH_labels_cortex_and_subcortical.xlsx:NIH_cortex_vPaxinos (transfomed&refined from the Monash Marmoset Brain Architecture Project),source/NIH_cortex_vPaxinos_150um.nii.gz,88_PEC,88,PEC,parietal area PE caudal part,NIH_cortex_vPaxinos (transfomed&refined from the Monash Marmoset Brain Architecture Project),,,label_from_xlsx_volume,Merged NIH Marmoset Atlas v1.1 workbook row; group is parcellation block. Matching NIfTI volume available.
marmoset,source/NIH_labels_cortex_and_subcortical.xlsx:NIH_cortex_vPaxinos (transfomed&refined from the Monash Marmoset Brain Architecture Project),source/NIH_cortex_vPaxinos_150um.nii.gz,89_PF,89,PF,parietal area PF (cortex),NIH_cortex_vPaxinos (transfomed&refined from the Monash Marmoset Brain Architecture Project),,,label_from_xlsx_volume,Merged NIH Marmoset Atlas v1.1 workbook row; group is parcellation block. Matching NIfTI volume available.
marmoset,source/NIH_labels_cortex_and_subcortical.xlsx:NIH_cortex_vPaxinos (transfomed&refined from the Monash Marmoset Brain Architecture Project),source/NIH_cortex_vPaxinos_150um.nii.gz,90_PFG,90,PFG,parietal area PFG (cortex),NIH_cortex_vPaxinos (transfomed&refined from the Monash Marmoset Brain Architecture Project),,,label_from_xlsx_volume,Merged NIH Marmoset Atlas v1.1 workbook row; group is parcellation block. Matching NIfTI volume available.
marmoset,source/NIH_labels_cortex_and_subcortical.xlsx:NIH_cortex_vPaxinos (transfomed&refined from the Monash Marmoset Brain Architecture Project),source/NIH_cortex_vPaxinos_150um.nii.gz,91_PG,91,PG,parietal area PG,NIH_cortex_vPaxinos (transfomed&refined from the Monash Marmoset Brain Architecture Project),,,label_from_xlsx_volume,Merged NIH Marmoset Atlas v1.1 workbook row; group is parcellation block. Matching NIfTI volume available.
marmoset,source/NIH_labels_cortex_and_subcortical.xlsx:NIH_cortex_vPaxinos (transfomed&refined from the Monash Marmoset Brain Architecture Project),source/NIH_cortex_vPaxinos_150um.nii.gz,92_PGM,92,PGM,parietal area PG medial part (cortex),NIH_cortex_vPaxinos (transfomed&refined from the Monash Marmoset Brain Architecture Project),,,label_from_xlsx_volume,Merged NIH Marmoset Atlas v1.1 workbook row; group is parcellation block. Matching NIfTI volume available.
marmoset,source/NIH_labels_cortex_and_subcortical.xlsx:NIH_cortex_vPaxinos (transfomed&refined from the Monash Marmoset Brain Architecture Project),source/NIH_cortex_vPaxinos_150um.nii.gz,93_PGa_-_IPa,93,PGa - IPa,parietal areas PGa and IPa (fundus of superior temporal ventral area),NIH_cortex_vPaxinos (transfomed&refined from the Monash Marmoset Brain Architecture Project),,,label_from_xlsx_volume,Merged NIH Marmoset Atlas v1.1 workbook row; group is parcellation block. Matching NIfTI volume available.
marmoset,source/NIH_labels_cortex_and_subcortical.xlsx:NIH_cortex_vPaxinos (transfomed&refined from the Monash Marmoset Brain Architecture Project),source/NIH_cortex_vPaxinos_150um.nii.gz,94_n.a,94,n.a.,Posterior Parietal Cortex (dummy ROI),NIH_cortex_vPaxinos (transfomed&refined from the Monash Marmoset Brain Architecture Project),,,label_from_xlsx_volume,Merged NIH Marmoset Atlas v1.1 workbook row; group is parcellation block. Matching NIfTI volume available.
marmoset,source/NIH_labels_cortex_and_subcortical.xlsx:NIH_cortex_vPaxinos (transfomed&refined from the Monash Marmoset Brain Architecture Project),source/NIH_cortex_vPaxinos_150um.nii.gz,95_n.a,95,n.a.,Motor and Premotor Cortical Regions (dummy ROI),NIH_cortex_vPaxinos (transfomed&refined from the Monash Marmoset Brain Architecture Project),,,label_from_xlsx_volume,Merged NIH Marmoset Atlas v1.1 workbook row; group is parcellation block. Matching NIfTI volume available.
marmoset,source/NIH_labels_cortex_and_subcortical.xlsx:NIH_cortex_vPaxinos (transfomed&refined from the Monash Marmoset Brain Architecture Project),source/NIH_cortex_vPaxinos_150um.nii.gz,96_PalL,96,PalL,parainsular cortex lateral part,NIH_cortex_vPaxinos (transfomed&refined from the Monash Marmoset Brain Architecture Project),,,label_from_xlsx_volume,Merged NIH Marmoset Atlas v1.1 workbook row; group is parcellation block. Matching NIfTI volume available.
marmoset,source/NIH_labels_cortex_and_subcortical.xlsx:NIH_cortex_vPaxinos (transfomed&refined from the Monash Marmoset Brain Architecture Project),source/NIH_cortex_vPaxinos_150um.nii.gz,97_PalM,97,PalM,parainsular cortex medial part,NIH_cortex_vPaxinos (transfomed&refined from the Monash Marmoset Brain Architecture Project),,,label_from_xlsx_volume,Merged NIH Marmoset Atlas v1.1 workbook row; group is parcellation block. Matching NIfTI volume available.
marmoset,source/NIH_labels_cortex_and_subcortical.xlsx:NIH_cortex_vPaxinos (transfomed&refined from the Monash Marmoset Brain Architecture Project),source/NIH_cortex_vPaxinos_150um.nii.gz,98_n.a,98,n.a.,Pallium (dummy ROI),NIH_cortex_vPaxinos (transfomed&refined from the Monash Marmoset Brain Architecture Project),,,label_from_xlsx_volume,Merged NIH Marmoset Atlas v1.1 workbook row; group is parcellation block. Matching NIfTI volume available.
marmoset,source/NIH_labels_cortex_and_subcortical.xlsx:NIH_cortex_vPaxinos (transfomed&refined from the Monash Marmoset Brain Architecture Project),source/NIH_cortex_vPaxinos_150um.nii.gz,99_n.a,99,n.a.,Pallial Amygdala (dummy ROI),NIH_cortex_vPaxinos (transfomed&refined from the Monash Marmoset Brain Architecture Project),,,label_from_xlsx_volume,Merged NIH Marmoset Atlas v1.1 workbook row; group is parcellation block. Matching NIfTI volume available.
marmoset,source/NIH_labels_cortex_and_subcortical.xlsx:NIH_cortex_vPaxinos (transfomed&refined from the Monash Marmoset Brain Architecture Project),source/NIH_cortex_vPaxinos_150um.nii.gz,100_Pir,100,Pir,piriform cortex,NIH_cortex_vPaxinos (transfomed&refined from the Monash Marmoset Brain Architecture Project),,,label_from_xlsx_volume,Merged NIH Marmoset Atlas v1.1 workbook row; group is parcellation block. Matching NIfTI volume available.
marmoset,source/NIH_labels_cortex_and_subcortical.xlsx:NIH_cortex_vPaxinos (transfomed&refined from the Monash Marmoset Brain Architecture Project),source/NIH_cortex_vPaxinos_150um.nii.gz,101_n.a,101,n.a.,Piriform Cortex (dummy ROI),NIH_cortex_vPaxinos (transfomed&refined from the Monash Marmoset Brain Architecture Project),,,label_from_xlsx_volume,Merged NIH Marmoset Atlas v1.1 workbook row; group is parcellation block. Matching NIfTI volume available.
marmoset,source/NIH_labels_cortex_and_subcortical.xlsx:NIH_cortex_vPaxinos (transfomed&refined from the Monash Marmoset Brain Architecture Project),source/NIH_cortex_vPaxinos_150um.nii.gz,102_n.a,102,n.a.,Prosencephalon (dummy ROI),NIH_cortex_vPaxinos (transfomed&refined from the Monash Marmoset Brain Architecture Project),,,label_from_xlsx_volume,Merged NIH Marmoset Atlas v1.1 workbook row; group is parcellation block. Matching NIfTI volume available.
marmoset,source/NIH_labels_cortex_and_subcortical.xlsx:NIH_cortex_vPaxinos (transfomed&refined from the Monash Marmoset Brain Architecture Project),source/NIH_cortex_vPaxinos_150um.nii.gz,103_ProM,103,ProM,proisocortical motor region (precentral opercular cortex),NIH_cortex_vPaxinos (transfomed&refined from the Monash Marmoset Brain Architecture Project),,,label_from_xlsx_volume,Merged NIH Marmoset Atlas v1.1 workbook row; group is parcellation block. Matching NIfTI volume available.
marmoset,source/NIH_labels_cortex_and_subcortical.xlsx:NIH_cortex_vPaxinos (transfomed&refined from the Monash Marmoset Brain Architecture Project),source/NIH_cortex_vPaxinos_150um.nii.gz,104_ProSt,104,ProSt,prostriate area,NIH_cortex_vPaxinos (transfomed&refined from the Monash Marmoset Brain Architecture Project),,,label_from_xlsx_volume,Merged NIH Marmoset Atlas v1.1 workbook row; group is parcellation block. Matching NIfTI volume available.
marmoset,source/NIH_labels_cortex_and_subcortical.xlsx:NIH_cortex_vPaxinos (transfomed&refined from the Monash Marmoset Brain Architecture Project),source/NIH_cortex_vPaxinos_150um.nii.gz,105_Rel,105,Rel,retroinsular area (cortex),NIH_cortex_vPaxinos (transfomed&refined from the Monash Marmoset Brain Architecture Project),,,label_from_xlsx_volume,Merged NIH Marmoset Atlas v1.1 workbook row; group is parcellation block. Matching NIfTI volume available.
marmoset,source/NIH_labels_cortex_and_subcortical.xlsx:NIH_cortex_vPaxinos (transfomed&refined from the Monash Marmoset Brain Architecture Project),source/NIH_cortex_vPaxinos_150um.nii.gz,106_S2E,106,S2E,secondary somatosensory cortex external part,NIH_cortex_vPaxinos (transfomed&refined from the Monash Marmoset Brain Architecture Project),,,label_from_xlsx_volume,Merged NIH Marmoset Atlas v1.1 workbook row; group is parcellation block. Matching NIfTI volume available.
marmoset,source/NIH_labels_cortex_and_subcortical.xlsx:NIH_cortex_vPaxinos (transfomed&refined from the Monash Marmoset Brain Architecture Project),source/NIH_cortex_vPaxinos_150um.nii.gz,107_S2I,107,S2I,secondary somatosensory cortex internal part,NIH_cortex_vPaxinos (transfomed&refined from the Monash Marmoset Brain Architecture Project),,,label_from_xlsx_volume,Merged NIH Marmoset Atlas v1.1 workbook row; group is parcellation block. Matching NIfTI volume available.
marmoset,source/NIH_labels_cortex_and_subcortical.xlsx:NIH_cortex_vPaxinos (transfomed&refined from the Monash Marmoset Brain Architecture Project),source/NIH_cortex_vPaxinos_150um.nii.gz,108_S2PR,108,S2PR,secondary somatosensory cortex parietal rostral area,NIH_cortex_vPaxinos (transfomed&refined from the Monash Marmoset Brain Architecture Project),,,label_from_xlsx_volume,Merged NIH Marmoset Atlas v1.1 workbook row; group is parcellation block. Matching NIfTI volume available.
marmoset,source/NIH_labels_cortex_and_subcortical.xlsx:NIH_cortex_vPaxinos (transfomed&refined from the Monash Marmoset Brain Architecture Project),source/NIH_cortex_vPaxinos_150um.nii.gz,109_S2PV,109,S2PV,secondary somatosensory cortex parietal ventral area,NIH_cortex_vPaxinos (transfomed&refined from the Monash Marmoset Brain Architecture Project),,,label_from_xlsx_volume,Merged NIH Marmoset Atlas v1.1 workbook row; group is parcellation block. Matching NIfTI volume available.
marmoset,source/NIH_labels_cortex_and_subcortical.xlsx:NIH_cortex_vPaxinos (transfomed&refined from the Monash Marmoset Brain Architecture Project),source/NIH_cortex_vPaxinos_150um.nii.gz,110_n.a,110,n.a.,Somatosensory Cortex (dummy ROI),NIH_cortex_vPaxinos (transfomed&refined from the Monash Marmoset Brain Architecture Project),,,label_from_xlsx_volume,Merged NIH Marmoset Atlas v1.1 workbook row; group is parcellation block. Matching NIfTI volume available.
marmoset,source/NIH_labels_cortex_and_subcortical.xlsx:NIH_cortex_vPaxinos (transfomed&refined from the Monash Marmoset Brain Architecture Project),source/NIH_cortex_vPaxinos_150um.nii.gz,111_STR,111,STR,superior temporal rostral area (cortex),NIH_cortex_vPaxinos (transfomed&refined from the Monash Marmoset Brain Architecture Project),,,label_from_xlsx_volume,Merged NIH Marmoset Atlas v1.1 workbook row; group is parcellation block. Matching NIfTI volume available.
marmoset,source/NIH_labels_cortex_and_subcortical.xlsx:NIH_cortex_vPaxinos (transfomed&refined from the Monash Marmoset Brain Architecture Project),source/NIH_cortex_vPaxinos_150um.nii.gz,112_TE1,112,TE1,temporal area TE1 (inferior temporal cortex),NIH_cortex_vPaxinos (transfomed&refined from the Monash Marmoset Brain Architecture Project),,,label_from_xlsx_volume,Merged NIH Marmoset Atlas v1.1 workbook row; group is parcellation block. Matching NIfTI volume available.
marmoset,source/NIH_labels_cortex_and_subcortical.xlsx:NIH_cortex_vPaxinos (transfomed&refined from the Monash Marmoset Brain Architecture Project),source/NIH_cortex_vPaxinos_150um.nii.gz,113_TE2,113,TE2,temporal area TE2 (inferior temporal cortex),NIH_cortex_vPaxinos (transfomed&refined from the Monash Marmoset Brain Architecture Project),,,label_from_xlsx_volume,Merged NIH Marmoset Atlas v1.1 workbook row; group is parcellation block. Matching NIfTI volume available.
marmoset,source/NIH_labels_cortex_and_subcortical.xlsx:NIH_cortex_vPaxinos (transfomed&refined from the Monash Marmoset Brain Architecture Project),source/NIH_cortex_vPaxinos_150um.nii.gz,114_TE3,114,TE3,temporal area TE3 (inferior temporal cortex),NIH_cortex_vPaxinos (transfomed&refined from the Monash Marmoset Brain Architecture Project),,,label_from_xlsx_volume,Merged NIH Marmoset Atlas v1.1 workbook row; group is parcellation block. Matching NIfTI volume available.
marmoset,source/NIH_labels_cortex_and_subcortical.xlsx:NIH_cortex_vPaxinos (transfomed&refined from the Monash Marmoset Brain Architecture Project),source/NIH_cortex_vPaxinos_150um.nii.gz,115_TEO,115,TEO,temporal area TE occipital part,NIH_cortex_vPaxinos (transfomed&refined from the Monash Marmoset Brain Architecture Project),,,label_from_xlsx_volume,Merged NIH Marmoset Atlas v1.1 workbook row; group is parcellation block. Matching NIfTI volume available.
marmoset,source/NIH_labels_cortex_and_subcortical.xlsx:NIH_cortex_vPaxinos (transfomed&refined from the Monash Marmoset Brain Architecture Project),source/NIH_cortex_vPaxinos_150um.nii.gz,116_TF,116,TF,temporal area TF,NIH_cortex_vPaxinos (transfomed&refined from the Monash Marmoset Brain Architecture Project),,,label_from_xlsx_volume,Merged NIH Marmoset Atlas v1.1 workbook row; group is parcellation block. Matching NIfTI volume available.
marmoset,source/NIH_labels_cortex_and_subcortical.xlsx:NIH_cortex_vPaxinos (transfomed&refined from the Monash Marmoset Brain Architecture Project),source/NIH_cortex_vPaxinos_150um.nii.gz,117_TFO,117,TFO,temporal area TF occipital part,NIH_cortex_vPaxinos (transfomed&refined from the Monash Marmoset Brain Architecture Project),,,label_from_xlsx_volume,Merged NIH Marmoset Atlas v1.1 workbook row; group is parcellation block. Matching NIfTI volume available.
marmoset,source/NIH_labels_cortex_and_subcortical.xlsx:NIH_cortex_vPaxinos (transfomed&refined from the Monash Marmoset Brain Architecture Project),source/NIH_cortex_vPaxinos_150um.nii.gz,118_TH,118,TH,temporal area TH,NIH_cortex_vPaxinos (transfomed&refined from the Monash Marmoset Brain Architecture Project),,,label_from_xlsx_volume,Merged NIH Marmoset Atlas v1.1 workbook row; group is parcellation block. Matching NIfTI volume available.
marmoset,source/NIH_labels_cortex_and_subcortical.xlsx:NIH_cortex_vPaxinos (transfomed&refined from the Monash Marmoset Brain Architecture Project),source/NIH_cortex_vPaxinos_150um.nii.gz,119_TL,119,TL,temporal area TL,NIH_cortex_vPaxinos (transfomed&refined from the Monash Marmoset Brain Architecture Project),,,label_from_xlsx_volume,Merged NIH Marmoset Atlas v1.1 workbook row; group is parcellation block. Matching NIfTI volume available.
marmoset,source/NIH_labels_cortex_and_subcortical.xlsx:NIH_cortex_vPaxinos (transfomed&refined from the Monash Marmoset Brain Architecture Project),source/NIH_cortex_vPaxinos_150um.nii.gz,120_TLO,120,TLO,temporal area TL occipital part,NIH_cortex_vPaxinos (transfomed&refined from the Monash Marmoset Brain Architecture Project),,,label_from_xlsx_volume,Merged NIH Marmoset Atlas v1.1 workbook row; group is parcellation block. Matching NIfTI volume available.
marmoset,source/NIH_labels_cortex_and_subcortical.xlsx:NIH_cortex_vPaxinos (transfomed&refined from the Monash Marmoset Brain Architecture Project),source/NIH_cortex_vPaxinos_150um.nii.gz,121_TPO,121,TPO,temporo-parieto-occipital association area (superior temporal polysensory cortex),NIH_cortex_vPaxinos (transfomed&refined from the Monash Marmoset Brain Architecture Project),,,label_from_xlsx_volume,Merged NIH Marmoset Atlas v1.1 workbook row; group is parcellation block. Matching NIfTI volume available.
marmoset,source/NIH_labels_cortex_and_subcortical.xlsx:NIH_cortex_vPaxinos (transfomed&refined from the Monash Marmoset Brain Architecture Project),source/NIH_cortex_vPaxinos_150um.nii.gz,122_TPPro,122,TPPro,temporopolar proisocortex,NIH_cortex_vPaxinos (transfomed&refined from the Monash Marmoset Brain Architecture Project),,,label_from_xlsx_volume,Merged NIH Marmoset Atlas v1.1 workbook row; group is parcellation block. Matching NIfTI volume available.
marmoset,source/NIH_labels_cortex_and_subcortical.xlsx:NIH_cortex_vPaxinos (transfomed&refined from the Monash Marmoset Brain Architecture Project),source/NIH_cortex_vPaxinos_150um.nii.gz,123_Tpro,123,Tpro,temporal proisocortex,NIH_cortex_vPaxinos (transfomed&refined from the Monash Marmoset Brain Architecture Project),,,label_from_xlsx_volume,Merged NIH Marmoset Atlas v1.1 workbook row; group is parcellation block. Matching NIfTI volume available.
marmoset,source/NIH_labels_cortex_and_subcortical.xlsx:NIH_cortex_vPaxinos (transfomed&refined from the Monash Marmoset Brain Architecture Project),source/NIH_cortex_vPaxinos_150um.nii.gz,124_TPt,124,TPt,temporoparietal transitional area,NIH_cortex_vPaxinos (transfomed&refined from the Monash Marmoset Brain Architecture Project),,,label_from_xlsx_volume,Merged NIH Marmoset Atlas v1.1 workbook row; group is parcellation block. Matching NIfTI volume available.
marmoset,source/NIH_labels_cortex_and_subcortical.xlsx:NIH_cortex_vPaxinos (transfomed&refined from the Monash Marmoset Brain Architecture Project),source/NIH_cortex_vPaxinos_150um.nii.gz,125_n.a,125,n.a.,Telencephalon (dummy ROI),NIH_cortex_vPaxinos (transfomed&refined from the Monash Marmoset Brain Architecture Project),,,label_from_xlsx_volume,Merged NIH Marmoset Atlas v1.1 workbook row; group is parcellation block. Matching NIfTI volume available.
marmoset,source/NIH_labels_cortex_and_subcortical.xlsx:NIH_cortex_vPaxinos (transfomed&refined from the Monash Marmoset Brain Architecture Project),source/NIH_cortex_vPaxinos_150um.nii.gz,126_V1,126,V1,primary visual cortex,NIH_cortex_vPaxinos (transfomed&refined from the Monash Marmoset Brain Architecture Project),,,label_from_xlsx_volume,Merged NIH Marmoset Atlas v1.1 workbook row; group is parcellation block. Matching NIfTI volume available.
marmoset,source/NIH_labels_cortex_and_subcortical.xlsx:NIH_cortex_vPaxinos (transfomed&refined from the Monash Marmoset Brain Architecture Project),source/NIH_cortex_vPaxinos_150um.nii.gz,127_V2,127,V2,visual area 2,NIH_cortex_vPaxinos (transfomed&refined from the Monash Marmoset Brain Architecture Project),,,label_from_xlsx_volume,Merged NIH Marmoset Atlas v1.1 workbook row; group is parcellation block. Matching NIfTI volume available.
marmoset,source/NIH_labels_cortex_and_subcortical.xlsx:NIH_cortex_vPaxinos (transfomed&refined from the Monash Marmoset Brain Architecture Project),source/NIH_cortex_vPaxinos_150um.nii.gz,128_V3,128,V3,visual area 3 (ventrolateral posterior area),NIH_cortex_vPaxinos (transfomed&refined from the Monash Marmoset Brain Architecture Project),,,label_from_xlsx_volume,Merged NIH Marmoset Atlas v1.1 workbook row; group is parcellation block. Matching NIfTI volume available.
marmoset,source/NIH_labels_cortex_and_subcortical.xlsx:NIH_cortex_vPaxinos (transfomed&refined from the Monash Marmoset Brain Architecture Project),source/NIH_cortex_vPaxinos_150um.nii.gz,129_V3A,129,V3A,visual area 3A (dorsoanterior area),NIH_cortex_vPaxinos (transfomed&refined from the Monash Marmoset Brain Architecture Project),,,label_from_xlsx_volume,Merged NIH Marmoset Atlas v1.1 workbook row; group is parcellation block. Matching NIfTI volume available.
marmoset,source/NIH_labels_cortex_and_subcortical.xlsx:NIH_cortex_vPaxinos (transfomed&refined from the Monash Marmoset Brain Architecture Project),source/NIH_cortex_vPaxinos_150um.nii.gz,130_V4,130,V4,visual area 4 (ventrolatereral anterior area),NIH_cortex_vPaxinos (transfomed&refined from the Monash Marmoset Brain Architecture Project),,,label_from_xlsx_volume,Merged NIH Marmoset Atlas v1.1 workbook row; group is parcellation block. Matching NIfTI volume available.
marmoset,source/NIH_labels_cortex_and_subcortical.xlsx:NIH_cortex_vPaxinos (transfomed&refined from the Monash Marmoset Brain Architecture Project),source/NIH_cortex_vPaxinos_150um.nii.gz,131_V4T,131,V4T,visual area 4 transitional part (middle temporal crescent),NIH_cortex_vPaxinos (transfomed&refined from the Monash Marmoset Brain Architecture Project),,,label_from_xlsx_volume,Merged NIH Marmoset Atlas v1.1 workbook row; group is parcellation block. Matching NIfTI volume available.
marmoset,source/NIH_labels_cortex_and_subcortical.xlsx:NIH_cortex_vPaxinos (transfomed&refined from the Monash Marmoset Brain Architecture Project),source/NIH_cortex_vPaxinos_150um.nii.gz,132_V5,132,V5,visual area 5 (middle temporal area),NIH_cortex_vPaxinos (transfomed&refined from the Monash Marmoset Brain Architecture Project),,,label_from_xlsx_volume,Merged NIH Marmoset Atlas v1.1 workbook row; group is parcellation block. Matching NIfTI volume available.
marmoset,source/NIH_labels_cortex_and_subcortical.xlsx:NIH_cortex_vPaxinos (transfomed&refined from the Monash Marmoset Brain Architecture Project),source/NIH_cortex_vPaxinos_150um.nii.gz,133_V6,133,V6,visual area 6 (dorsomedial area),NIH_cortex_vPaxinos (transfomed&refined from the Monash Marmoset Brain Architecture Project),,,label_from_xlsx_volume,Merged NIH Marmoset Atlas v1.1 workbook row; group is parcellation block. Matching NIfTI volume available.
marmoset,source/NIH_labels_cortex_and_subcortical.xlsx:NIH_cortex_vPaxinos (transfomed&refined from the Monash Marmoset Brain Architecture Project),source/NIH_cortex_vPaxinos_150um.nii.gz,134_V6A,134,V6A,visual area 6A (posterior parietal medial area),NIH_cortex_vPaxinos (transfomed&refined from the Monash Marmoset Brain Architecture Project),,,label_from_xlsx_volume,Merged NIH Marmoset Atlas v1.1 workbook row; group is parcellation block. Matching NIfTI volume available.
marmoset,source/NIH_labels_cortex_and_subcortical.xlsx:NIH_cortex_vPaxinos (transfomed&refined from the Monash Marmoset Brain Architecture Project),source/NIH_cortex_vPaxinos_150um.nii.gz,135_VIP,135,VIP,ventral intraparietal area of cortex,NIH_cortex_vPaxinos (transfomed&refined from the Monash Marmoset Brain Architecture Project),,,label_from_xlsx_volume,Merged NIH Marmoset Atlas v1.1 workbook row; group is parcellation block. Matching NIfTI volume available.
marmoset,source/NIH_labels_cortex_and_subcortical.xlsx:NIH_cortex_vPaxinos (transfomed&refined from the Monash Marmoset Brain Architecture Project),source/NIH_cortex_vPaxinos_150um.nii.gz,136_n.a,136,n.a.,Visual Cortex (dummy ROI),NIH_cortex_vPaxinos (transfomed&refined from the Monash Marmoset Brain Architecture Project),,,label_from_xlsx_volume,Merged NIH Marmoset Atlas v1.1 workbook row; group is parcellation block. Matching NIfTI volume available.
marmoset,source/NIH_labels_cortex_and_subcortical.xlsx:NIH_cortex_vPaxinos (transfomed&refined from the Monash Marmoset Brain Architecture Project),source/NIH_cortex_vPaxinos_150um.nii.gz,137_n.a,137,n.a.,Ventrolateral Prefrontal Cortex (dummy ROI),NIH_cortex_vPaxinos (transfomed&refined from the Monash Marmoset Brain Architecture Project),,,label_from_xlsx_volume,Merged NIH Marmoset Atlas v1.1 workbook row; group is parcellation block. Matching NIfTI volume available.
marmoset,source/NIH_labels_cortex_and_subcortical.xlsx:NIH_cortex_vPaxinos (transfomed&refined from the Monash Marmoset Brain Architecture Project),source/NIH_cortex_vPaxinos_150um.nii.gz,138_n.a,138,n.a.,Ventral Pallium (dummy ROI),NIH_cortex_vPaxinos (transfomed&refined from the Monash Marmoset Brain Architecture Project),,,label_from_xlsx_volume,Merged NIH Marmoset Atlas v1.1 workbook row; group is parcellation block. Matching NIfTI volume available.
marmoset,source/NIH_labels_cortex_and_subcortical.xlsx:NIH_cortex_vPaxinos (transfomed&refined from the Monash Marmoset Brain Architecture Project),source/NIH_cortex_vPaxinos_150um.nii.gz,139_n.a,139,n.a.,Ventral Areas of the Temporal Lobe (dummy ROI),NIH_cortex_vPaxinos (transfomed&refined from the Monash Marmoset Brain Architecture Project),,,label_from_xlsx_volume,Merged NIH Marmoset Atlas v1.1 workbook row; group is parcellation block. Matching NIfTI volume available.
marmoset,source/NIH_labels_cortex_and_subcortical.xlsx:NIH_subcortical_beta,source/NIH_subcortical_beta_150um.nii.gz,1_HipF,1,HipF,Hippocampal formation,NIH_subcortical_beta,,,label_from_xlsx_volume,Merged NIH Marmoset Atlas v1.1 workbook row; group is parcellation block. Matching NIfTI volume available.
marmoset,source/NIH_labels_cortex_and_subcortical.xlsx:NIH_subcortical_beta,source/NIH_subcortical_beta_150um.nii.gz,2_Amy,2,Amy,Amygdala,NIH_subcortical_beta,,,label_from_xlsx_volume,Merged NIH Marmoset Atlas v1.1 workbook row; group is parcellation block. Matching NIfTI volume available.
marmoset,source/NIH_labels_cortex_and_subcortical.xlsx:NIH_subcortical_beta,source/NIH_subcortical_beta_150um.nii.gz,3_Thal,3,Thal,Thalamus,NIH_subcortical_beta,,,label_from_xlsx_volume,Merged NIH Marmoset Atlas v1.1 workbook row; group is parcellation block. Matching NIfTI volume available.
marmoset,source/NIH_labels_cortex_and_subcortical.xlsx:NIH_subcortical_beta,source/NIH_subcortical_beta_150um.nii.gz,4_ZI,4,ZI,Zona incerta,NIH_subcortical_beta,,,label_from_xlsx_volume,Merged NIH Marmoset Atlas v1.1 workbook row; group is parcellation block. Matching NIfTI volume available.
marmoset,source/NIH_labels_cortex_and_subcortical.xlsx:NIH_subcortical_beta,source/NIH_subcortical_beta_150um.nii.gz,5_Sth,5,Sth,Subthalamus,NIH_subcortical_beta,,,label_from_xlsx_volume,Merged NIH Marmoset Atlas v1.1 workbook row; group is parcellation block. Matching NIfTI volume available.
marmoset,source/NIH_labels_cortex_and_subcortical.xlsx:NIH_subcortical_beta,source/NIH_subcortical_beta_150um.nii.gz,6_MGN,6,MGN,Medial geniculate nucleus,NIH_subcortical_beta,,,label_from_xlsx_volume,Merged NIH Marmoset Atlas v1.1 workbook row; group is parcellation block. Matching NIfTI volume available.
marmoset,source/NIH_labels_cortex_and_subcortical.xlsx:NIH_subcortical_beta,source/NIH_subcortical_beta_150um.nii.gz,7_LGN,7,LGN,Lateral geniculate nucleus,NIH_subcortical_beta,,,label_from_xlsx_volume,Merged NIH Marmoset Atlas v1.1 workbook row; group is parcellation block. Matching NIfTI volume available.
marmoset,source/NIH_labels_cortex_and_subcortical.xlsx:NIH_subcortical_beta,source/NIH_subcortical_beta_150um.nii.gz,8_Cd,8,Cd,Caudate,NIH_subcortical_beta,,,label_from_xlsx_volume,Merged NIH Marmoset Atlas v1.1 workbook row; group is parcellation block. Matching NIfTI volume available.
marmoset,source/NIH_labels_cortex_and_subcortical.xlsx:NIH_subcortical_beta,source/NIH_subcortical_beta_150um.nii.gz,9_Pu,9,Pu,Putamen,NIH_subcortical_beta,,,label_from_xlsx_volume,Merged NIH Marmoset Atlas v1.1 workbook row; group is parcellation block. Matching NIfTI volume available.
marmoset,source/NIH_labels_cortex_and_subcortical.xlsx:NIH_subcortical_beta,source/NIH_subcortical_beta_150um.nii.gz,10_Acb,10,Acb,Acumbens,NIH_subcortical_beta,,,label_from_xlsx_volume,Merged NIH Marmoset Atlas v1.1 workbook row; group is parcellation block. Matching NIfTI volume available.
marmoset,source/NIH_labels_cortex_and_subcortical.xlsx:NIH_subcortical_beta,source/NIH_subcortical_beta_150um.nii.gz,11_Cl,11,Cl,Claustrum and endopirform claustrum,NIH_subcortical_beta,,,label_from_xlsx_volume,Merged NIH Marmoset Atlas v1.1 workbook row; group is parcellation block. Matching NIfTI volume available.
marmoset,source/NIH_labels_cortex_and_subcortical.xlsx:NIH_subcortical_beta,source/NIH_subcortical_beta_150um.nii.gz,12_Hypo,12,Hypo,Hypothalamus,NIH_subcortical_beta,,,label_from_xlsx_volume,Merged NIH Marmoset Atlas v1.1 workbook row; group is parcellation block. Matching NIfTI volume available.
marmoset,source/NIH_labels_cortex_and_subcortical.xlsx:NIH_subcortical_beta,source/NIH_subcortical_beta_150um.nii.gz,13_Sep,13,Sep,Septum,NIH_subcortical_beta,,,label_from_xlsx_volume,Merged NIH Marmoset Atlas v1.1 workbook row; group is parcellation block. Matching NIfTI volume available.
marmoset,source/NIH_labels_cortex_and_subcortical.xlsx:NIH_subcortical_beta,source/NIH_subcortical_beta_150um.nii.gz,14_GP,14,GP,Globus pallidus,NIH_subcortical_beta,,,label_from_xlsx_volume,Merged NIH Marmoset Atlas v1.1 workbook row; group is parcellation block. Matching NIfTI volume available.
marmoset,source/NIH_labels_cortex_and_subcortical.xlsx:NIH_subcortical_beta,source/NIH_subcortical_beta_150um.nii.gz,15_IC,15,IC,Inferior colliculus,NIH_subcortical_beta,,,label_from_xlsx_volume,Merged NIH Marmoset Atlas v1.1 workbook row; group is parcellation block. Matching NIfTI volume available.
marmoset,source/NIH_labels_cortex_and_subcortical.xlsx:NIH_subcortical_beta,source/NIH_subcortical_beta_150um.nii.gz,16_SC,16,SC,Superior colliculus,NIH_subcortical_beta,,,label_from_xlsx_volume,Merged NIH Marmoset Atlas v1.1 workbook row; group is parcellation block. Matching NIfTI volume available.
marmoset,source/NIH_labels_cortex_and_subcortical.xlsx:NIH_subcortical_beta,source/NIH_subcortical_beta_150um.nii.gz,17_SNR,17,SNR,Substantia nigra,NIH_subcortical_beta,,,label_from_xlsx_volume,Merged NIH Marmoset Atlas v1.1 workbook row; group is parcellation block. Matching NIfTI volume available.
marmoset,source/NIH_labels_cortex_and_subcortical.xlsx:NIH_subcortical_beta,source/NIH_subcortical_beta_150um.nii.gz,18_PAG,18,PAG,Periaqueductal gray,NIH_subcortical_beta,,,label_from_xlsx_volume,Merged NIH Marmoset Atlas v1.1 workbook row; group is parcellation block. Matching NIfTI volume available.
marmoset,source/NIH_labels_cortex_and_subcortical.xlsx:NIH_subcortical_beta,source/NIH_subcortical_beta_150um.nii.gz,19_HB,19,HB,habenular nuclei,NIH_subcortical_beta,,,label_from_xlsx_volume,Merged NIH Marmoset Atlas v1.1 workbook row; group is parcellation block. Matching NIfTI volume available.
marmoset,source/NIH_labels_cortex_and_subcortical.xlsx:NIH_subcortical_beta,source/NIH_subcortical_beta_150um.nii.gz,20_CeB,20,CeB,Cerebellum,NIH_subcortical_beta,,,label_from_xlsx_volume,Merged NIH Marmoset Atlas v1.1 workbook row; group is parcellation block. Matching NIfTI volume available.
