{
  "check": "check2_zero_task_state",
  "checkpoint": "checkpoints/v2/phase3_kok_task70/phase3_kok_s42.pt",
  "a_normal": {
    "n_orientations": 12,
    "n_units": 256,
    "orientations_deg": [
      0.0,
      15.0,
      30.0,
      45.0,
      60.0,
      75.0,
      90.0,
      105.0,
      120.0,
      135.0,
      150.0,
      165.0
    ],
    "per_orientation_n_pref_units": [
      193,
      0,
      0,
      0,
      0,
      0,
      63,
      0,
      0,
      0,
      0,
      0
    ],
    "per_orientation_pct": [
      75.390625,
      0.0,
      0.0,
      0.0,
      0.0,
      0.0,
      24.609375,
      0.0,
      0.0,
      0.0,
      0.0,
      0.0
    ],
    "entropy_nats": 0.5580028576775724,
    "entropy_bits": 0.8050279555733038,
    "max_entropy_nats": 2.4849066497880004,
    "max_entropy_bits": 3.584962500721156,
    "n_bins_geq_5pct": 2,
    "thresholds": {
      "pass_strong_nats": 1.74,
      "pass_weak_nats": 1.5,
      "n_bins_5pct": 8
    },
    "pass_strong": false,
    "pass_weak": false,
    "pass_bins": false
  },
  "b_zeroed_task_weights": {
    "n_orientations": 12,
    "n_units": 256,
    "orientations_deg": [
      0.0,
      15.0,
      30.0,
      45.0,
      60.0,
      75.0,
      90.0,
      105.0,
      120.0,
      135.0,
      150.0,
      165.0
    ],
    "per_orientation_n_pref_units": [
      0,
      0,
      0,
      132,
      0,
      0,
      0,
      0,
      0,
      124,
      0,
      0
    ],
    "per_orientation_pct": [
      0.0,
      0.0,
      0.0,
      51.5625,
      0.0,
      0.0,
      0.0,
      0.0,
      0.0,
      48.4375,
      0.0,
      0.0
    ],
    "entropy_nats": 0.6926588198060253,
    "entropy_bits": 0.9992954443621549,
    "max_entropy_nats": 2.4849066497880004,
    "max_entropy_bits": 3.584962500721156,
    "n_bins_geq_5pct": 2,
    "thresholds": {
      "pass_strong_nats": 1.74,
      "pass_weak_nats": 1.5,
      "n_bins_5pct": 8
    },
    "pass_strong": false,
    "pass_weak": false,
    "pass_bins": false
  },
  "entropy_a": 0.5580028576775724,
  "entropy_b": 0.6926588198060253,
  "n_bins_a": 2,
  "n_bins_b": 2
}