{
  "H1": {
    "verdict": "FALSIFIED",
    "w_sign_entropy": -1.4428232973175175e-12,
    "cos_W_col_loc": 0.9999999105930328,
    "cos_W_col_loc_per_class": {
      "0": 0.9999999403953552,
      "1": 0.9999998807907104
    },
    "rand_shuffle_ctrl_mean": -0.0019562199665416834,
    "rand_shuffle_ctrl_std": 0.18638321971643243,
    "W_pct_at_pos_clamp": 0.8958333333333334,
    "W_pct_near_zero": 0.020833333333333332
  },
  "H2": {
    "verdict": "FALSIFIED",
    "mod_norm_mean": 3.548659563064575,
    "mod_max_mean": 0.6277313232421875,
    "mod_sparsity_mean": 0.0,
    "mod_norm_per_class": {
      "0": 3.726898193359375,
      "1": 3.3704209327697754
    },
    "mod_max_per_class": {
      "0": 0.659149169921875,
      "1": 0.5963134765625
    }
  },
  "H3": {
    "verdict": "FALSIFIED",
    "som_n_bins_5pct": 1,
    "l23e_n_bins_5pct": 4,
    "cos_som_l23_tuning": 0.5999714264386209,
    "som_hist": [
      0.0,
      0.0,
      0.0,
      0.0,
      0.0,
      0.0,
      0.0,
      0.0,
      0.0,
      0.0,
      0.0,
      1.0
    ],
    "l23_hist": [
      0.0,
      0.25,
      0.0,
      0.0,
      0.0,
      0.19140625,
      0.0,
      0.234375,
      0.0,
      0.0,
      0.0,
      0.32421875
    ]
  },
  "H4": {
    "verdict": "CONFIRMED",
    "r_som_baseline": 532.7598266601562,
    "mod_abs": 0.6277313232421875,
    "snr": 0.001178263247019586
  }
}