{
  "assay": "eval_kok",
  "n_trials_per_condition": 60,
  "cue_mapping": {
    "0": 45.0,
    "1": 135.0
  },
  "orientations_deg": [
    45.0,
    135.0
  ],
  "per_cell_mean_l23": {
    "expected": [
      3.5266082286834717,
      3.5685079097747803,
      3.533740520477295,
      3.5250983238220215
    ],
    "unexpected": [
      3.5266952514648438,
      3.5686471462249756,
      3.533806324005127,
      3.525172472000122
    ],
    "all": [
      3.5266520977020264,
      3.568577527999878,
      3.533773183822632,
      3.5251355171203613
    ]
  },
  "n_cell_groups": 4,
  "svm": {
    "all": {
      "mean_accuracy": 1.0,
      "std_accuracy": 0.0,
      "per_fold": [
        1.0,
        1.0,
        1.0,
        1.0,
        1.0
      ]
    },
    "expected": {
      "mean_accuracy": 1.0,
      "std_accuracy": 0.0,
      "per_fold": [
        1.0,
        1.0,
        1.0,
        1.0,
        1.0
      ]
    },
    "unexpected": {
      "mean_accuracy": 1.0,
      "std_accuracy": 0.0,
      "per_fold": [
        1.0,
        1.0,
        1.0,
        1.0,
        1.0
      ]
    }
  },
  "pref_nonpref": {
    "pref_expected": 3.5629782676696777,
    "pref_unexpected": 3.560583710670471,
    "nonpref_expected": 3.5150569677352905,
    "nonpref_unexpected": 3.517630696296692,
    "asymmetry": 0.00496828556060791,
    "n_units_pref_hi": 132,
    "n_units_pref_lo": 124
  },
  "localizer": {
    "n_orients": 36,
    "n_trials_per_orient": 20,
    "orients_deg": [
      0.0,
      5.0,
      10.0,
      15.0,
      20.0,
      25.0,
      30.0,
      35.0,
      40.0,
      45.0,
      50.0,
      55.0,
      60.0,
      65.0,
      70.0,
      75.0,
      80.0,
      85.0,
      90.0,
      95.0,
      100.0,
      105.0,
      110.0,
      115.0,
      120.0,
      125.0,
      130.0,
      135.0,
      140.0,
      145.0,
      150.0,
      155.0,
      160.0,
      165.0,
      170.0,
      175.0
    ],
    "tuning_curve_mean_per_orient": [
      3.547278034966439,
      3.54705128101632,
      3.5514915666542946,
      3.558693303074688,
      3.5599422029219565,
      3.543035276792944,
      3.5469869644846765,
      3.5376194368582223,
      3.549754611682147,
      3.54700236688368,
      3.5384924461599443,
      3.5331843288149685,
      3.5381166444160046,
      3.545685242395848,
      3.550137542420998,
      3.5708916298579427,
      3.5510438297875226,
      3.5422446267213674,
      3.546271927189082,
      3.5454122980125247,
      3.555181902972981,
      3.5647541633807123,
      3.53930648076348,
      3.53721285383217,
      3.534894431568682,
      3.5449405739549547,
      3.5354869343806055,
      3.5576871713623404,
      3.544240928906947,
      3.5422610625158995,
      3.5364032671786845,
      3.5417922283988443,
      3.5441086370963606,
      3.567687505995855,
      3.5581680278759453,
      3.550708697922528
    ],
    "mean_fwhm_deg_population": 64.01373339567598,
    "fraction_units_tuned": 1.0,
    "orientation_decoder_train_acc": 1.0,
    "orientation_decoder_tolerance_deg": 10.0
  },
  "fine_discrim": {
    "offsets_deg": [
      -5.0,
      5.0
    ],
    "n_trials_per_sub_condition": 60,
    "tolerance_deg": 2.5,
    "acc_expected": 0.6916666666666667,
    "acc_unexpected": 0.6916666666666667,
    "delta_acc": 0.0,
    "n_expected": 240,
    "n_unexpected": 240,
    "bootstrap_delta_acc": {
      "mean_diff": 0.0,
      "ci_lo": -0.08333333333333326,
      "ci_hi": 0.07916666666666661,
      "n_a": 240,
      "n_b": 240,
      "n_resamples": 1000
    },
    "permutation_p_two_sided": 1.0
  },
  "pref_nonpref_localizer": {
    "pref_expected": 3.6303189992904663,
    "pref_unexpected": 3.6225064992904663,
    "nonpref_expected": 3.552491784095764,
    "nonpref_unexpected": 3.5605716705322266,
    "asymmetry": 0.015892386436462402,
    "n_units_pref_lo": 25,
    "n_units_pref_hi": 28,
    "anchor_tolerance_deg": 15.0,
    "bootstrap_asymmetry": {
      "mean_asymmetry": 0.015902861952781677,
      "ci_lo": 0.014046856760978698,
      "ci_hi": 0.017906731367111205,
      "n_resamples": 1000
    }
  },
  "fwhm_per_condition": {
    "fwhm_expected_deg": 63.8725772413022,
    "fwhm_unexpected_deg": 63.87204168347227,
    "delta_fwhm_deg": 0.0005355578299344188,
    "bootstrap_delta_fwhm": {
      "mean_diff": 0.0005355578299344188,
      "ci_lo": -0.0015436179369036295,
      "ci_hi": 0.0027343500549813268,
      "n_a": 120,
      "n_b": 120,
      "n_resamples": 1000
    },
    "permutation_p_two_sided": 0.6363636363636364
  },
  "_cli": {
    "n_localizer_orients_used": 36,
    "fine_tolerance_deg_used": 2.5
  }
}