{
  "assay": "eval_richter",
  "n_trials_per_condition": 8,
  "permutation": [
    3,
    2,
    5,
    4,
    1,
    0
  ],
  "amplitude_summary": {
    "per_condition_mean_unit0": [
      0.20311973243951797,
      0.19462746568024158,
      0.2126301098614931,
      0.19808219000697136,
      0.18529662117362022,
      0.20251190476119518,
      0.17724390886723995,
      0.19429020024836063,
      0.22284779138863087,
      0.19840822741389275,
      0.2055659331381321,
      0.20012858882546425,
      0.19963891990482807,
      0.20954043790698051,
      0.18560372851788998,
      0.19140415079891682,
      0.19317277520895004,
      0.21076074056327343,
      0.21153991483151913,
      0.22116785496473312,
      0.23170947656035423,
      0.22587526217103004,
      0.22445192374289036,
      0.2191544584929943,
      0.17537973821163177,
      0.18653530813753605,
      0.17709551006555557,
      0.179534412920475,
      0.18171556666493416,
      0.18872395530343056,
      0.21314995735883713,
      0.22145569510757923,
      0.22166263684630394,
      0.2421446219086647,
      0.2206777948886156,
      0.24037217535078526
    ],
    "grand_mean": 0.20698003439338208,
    "grand_std": 0.017532200832667155
  },
  "rsa_within_between": {
    "within_mean_distance": 7.613219249293663e-06,
    "between_mean_distance": 0.00040596718543471004,
    "between_minus_within": 0.0003983539661854164,
    "n_within_pairs": 1008,
    "n_between_pairs": 40320
  },
  "preference_rank_curve": {
    "ranks": [
      1,
      2,
      3,
      4,
      5,
      6
    ],
    "mean_rate": [
      0.21931284239811552,
      0.21464963972903206,
      0.20795846865560938,
      0.20392227271440788,
      0.20140230701023634,
      0.19463467585289132
    ],
    "sem_rate": [
      0.00044571168723014584,
      0.00044613239956640846,
      0.0004460519907771733,
      0.00045130982581343375,
      0.0004452130140795654,
      0.0004495605251812901
    ],
    "suppression_rank1_vs_rank_last": 0.0246781665452242
  },
  "pseudo_voxel_models": {
    "local_gain": {
      "pearson_r_with_pop_mean": 0.9999966235841435,
      "n_voxels": 50
    },
    "local_tuning": {
      "pearson_r_with_pop_mean": 0.22838510613019075,
      "n_voxels": 50
    },
    "remote_gain": {
      "pearson_r_with_pop_mean": 0.999998695697664,
      "n_voxels": 50
    },
    "remote_tuning": {
      "pearson_r_with_pop_mean": -0.6292245864158039,
      "n_voxels": 50
    },
    "global_gain": {
      "pearson_r_with_pop_mean": 0.9999998628685363,
      "n_voxels": 50
    },
    "global_tuning": {
      "pearson_r_with_pop_mean": -0.37342580489798327,
      "n_voxels": 50
    }
  },
  "localizer": {
    "n_trials_per_trailer": 20,
    "mean_response_per_trailer": [
      0.21852077163639477,
      0.21402356437756678,
      0.22440156290831512,
      0.22197255119972398,
      0.21340498833887978,
      0.2186675318516791
    ],
    "population_rate_min": 0.207998938113451,
    "population_rate_max": 0.23039902225136757
  },
  "modulation_pattern_fit": {
    "models": {
      "local_gain": {
        "per_trailer_r": [
          -0.1323894037725804,
          0.006203305730044147,
          -0.07124941877765836,
          0.06507756208566745,
          0.0370397779074685,
          -0.03674933148535528
        ],
        "mean_r": -0.02201125138540232
      },
      "local_tuning": {
        "per_trailer_r": [
          -0.021316658831895662,
          0.031618708707236945,
          0.04124157045623711,
          0.03053359425128183,
          0.10700871011111586,
          -0.05256137638324156
        ],
        "mean_r": 0.022754091385122414
      },
      "remote_gain": {
        "per_trailer_r": [
          0.03759972560316087,
          -0.01778726207874222,
          0.03347745149305371,
          0.021488485504610952,
          0.043792785909842064,
          0.05132837969923697
        ],
        "mean_r": 0.028316594355193726
      },
      "remote_tuning": {
        "per_trailer_r": [
          0.04844467337513842,
          0.0459261616491393,
          0.02566235361160518,
          -0.02944563233494184,
          -0.10542418848655652,
          0.0071883658918744315
        ],
        "mean_r": -0.0012747110489568375
      },
      "global_gain": {
        "per_trailer_r": [
          -0.08878902347804836,
          0.030712400602529537,
          -0.0633162662039444,
          0.00910443944977533,
          0.001744473305545298,
          -0.01153415189666293
        ],
        "mean_r": -0.020346354703467587
      },
      "global_tuning": {
        "per_trailer_r": [
          0.12440019781583092,
          0.005528574000196939,
          -0.05079969089743378,
          0.12738242727630741,
          0.06938674376302137,
          -0.011687938822164363
        ],
        "mean_r": 0.04403505218929308
      }
    },
    "model_preferred": "global_tuning",
    "model_preferred_mean_r": 0.04403505218929308,
    "model_preferred_effect_sign": "+",
    "selection_criterion": "argmax_abs_mean_r_signed_pearson",
    "local_vs_global_abs_r": {
      "delta_abs_r": 0.0016648966819347334,
      "ci_lo": -0.015518701154503437,
      "ci_hi": 0.03126652836252173,
      "n_trailers": 6,
      "n_resamples": 500
    },
    "inverse_permutation": [
      5,
      4,
      1,
      0,
      3,
      2
    ]
  },
  "preference_rank_suppression": {
    "suppression_top_bin": -0.005382974470776865,
    "suppression_mid_bin": -0.005582152893847401,
    "suppression_bot_bin": -0.005809034956801758,
    "preference_rank_slope": -0.00021303024301244717,
    "top_frac": 0.2,
    "bot_frac": 0.2,
    "n_top_units": 51,
    "n_bot_units": 51
  },
  "same_trailer_contrast": {
    "per_trailer_exp": [
      0.21443335685762577,
      0.1912120695487829,
      0.22273296333878534,
      0.19667407173255924,
      0.2294191964174388,
      0.21534690835687798
    ],
    "per_trailer_unexp": [
      0.19863018541582278,
      0.21005595007736702,
      0.20616329166077776,
      0.20917355759738712,
      0.2005405752788647,
      0.2117289743517176
    ],
    "grand_exp": 0.21163642770867833,
    "grand_unexp": 0.2060487557303228,
    "grand_delta_exp_minus_unexp": 0.005587671978355524,
    "bootstrap_delta_exp_minus_unexp": {
      "mean_diff": 0.005587671978355496,
      "ci_lo": -0.0035001398811528002,
      "ci_hi": 0.01467457338467285,
      "n_a": 48,
      "n_b": 240,
      "n_resamples": 500
    },
    "permutation_p_two_sided": 0.3073852295409182
  }
}