{
  "version": "level_6_full_substrate_v1",
  "seed": 42,
  "n_l23e": 256,
  "n_pv": 16,
  "n_som": 32,
  "n_h": 64,
  "n_hpv": 8,
  "n_orients": 12,
  "n_trials": 10,
  "n_steps_l4": 40,
  "n_steps_l23": 300,
  "orients_deg": [
    0.0,
    15.0,
    30.0,
    45.0,
    60.0,
    75.0,
    90.0,
    105.0,
    120.0,
    135.0,
    150.0,
    165.0
  ],
  "stats": {
    "n_l23e_defined_frac": 1.0,
    "fwhm_median_deg": 45.0,
    "fwhm_p25_deg": 45.0,
    "fwhm_p75_deg": 60.0,
    "pref_hist": [
      16,
      29,
      17,
      20,
      19,
      28,
      15,
      28,
      16,
      24,
      20,
      24
    ],
    "bin_threshold_units": 13,
    "n_pref_bins_5pct": 12,
    "rate_l23e_mean": 0.5635954145344992,
    "rate_l23e_min": 0.414120235790809,
    "rate_l23e_max": 0.7331611104309559,
    "n_silent_l23e": 0,
    "n_runaway_l23e": 0,
    "rate_h_mean": 0.05485012944457897,
    "rate_h_min": 0.035292667957643666,
    "rate_h_max": 0.07347244769334793,
    "h_fwhm_median_deg": 75.0,
    "h_pref_hist": [
      0,
      17,
      0,
      3,
      0,
      15,
      0,
      15,
      0,
      2,
      0,
      12
    ],
    "h_bin_threshold_units": 4,
    "h_n_pref_bins_5pct": 4,
    "h_snr_median": 0.16529253473322764,
    "n_silent_h": 0,
    "n_runaway_h": 0,
    "rate_som_mean": 0.7569030771652857,
    "rate_pv_mean": 43.57222048441569,
    "rate_hpv_mean": 8.992799599965414,
    "n_runaway_som": 0,
    "n_runaway_pv": 0,
    "n_runaway_hpv": 0,
    "level5_rate_l23e_mean": 0.5595425326837027,
    "level5_fwhm_median_deg": 45.0,
    "delta_rate_l23e_vs_L5": 0.0040528818507965525,
    "delta_fwhm_l23e_vs_L5": 0.0
  },
  "verdict": "pass",
  "issue_if_fail": "none"
}