{
  "version": "level_6_full_substrate_v1",
  "seed": 42,
  "n_l23e": 256,
  "n_pv": 16,
  "n_som": 32,
  "n_h": 64,
  "n_hpv": 8,
  "n_orients": 12,
  "n_trials": 10,
  "n_steps_l4": 40,
  "n_steps_l23": 300,
  "orients_deg": [
    0.0,
    15.0,
    30.0,
    45.0,
    60.0,
    75.0,
    90.0,
    105.0,
    120.0,
    135.0,
    150.0,
    165.0
  ],
  "stats": {
    "n_l23e_defined_frac": 1.0,
    "fwhm_median_deg": 45.0,
    "fwhm_p25_deg": 45.0,
    "fwhm_p75_deg": 60.0,
    "pref_hist": [
      16,
      29,
      17,
      20,
      19,
      27,
      16,
      28,
      16,
      24,
      20,
      24
    ],
    "bin_threshold_units": 13,
    "n_pref_bins_5pct": 12,
    "rate_l23e_mean": 0.5629552986477886,
    "rate_l23e_min": 0.4134326291580995,
    "rate_l23e_max": 0.7326134654382864,
    "n_silent_l23e": 0,
    "n_runaway_l23e": 0,
    "rate_h_mean": 0.04618284368674116,
    "rate_h_min": 0.030389631167054176,
    "rate_h_max": 0.06119139802952608,
    "h_fwhm_median_deg": 75.0,
    "h_pref_hist": [
      0,
      17,
      0,
      3,
      0,
      15,
      0,
      15,
      0,
      2,
      0,
      12
    ],
    "h_bin_threshold_units": 4,
    "h_n_pref_bins_5pct": 4,
    "h_snr_median": 0.15901492585796828,
    "n_silent_h": 0,
    "n_runaway_h": 0,
    "rate_som_mean": 0.7521605392297109,
    "rate_pv_mean": 43.52080154418945,
    "rate_hpv_mean": 7.304518659909566,
    "n_runaway_som": 0,
    "n_runaway_pv": 0,
    "n_runaway_hpv": 0,
    "level5_rate_l23e_mean": 0.5595425326837027,
    "level5_fwhm_median_deg": 45.0,
    "delta_rate_l23e_vs_L5": 0.0034127659640859065,
    "delta_fwhm_l23e_vs_L5": 0.0
  },
  "verdict": "fail",
  "issue_if_fail": "rate_h 0.046\u2209[0.05,5]"
}