{
  "version": "level_4_l23e_plus_pv_v1",
  "seed": 42,
  "n_l23e": 256,
  "n_pv": 16,
  "n_orients": 12,
  "n_trials": 10,
  "n_trials_contrast": 5,
  "contrasts": [
    0.1,
    0.2,
    0.4,
    0.6,
    0.8,
    1.0
  ],
  "n_steps_l4": 40,
  "n_steps_l23": 200,
  "orients_deg": [
    0.0,
    15.0,
    30.0,
    45.0,
    60.0,
    75.0,
    90.0,
    105.0,
    120.0,
    135.0,
    150.0,
    165.0
  ],
  "stats": {
    "n_l23e_defined_frac": 1.0,
    "fwhm_median_deg": 45.0,
    "fwhm_p25_deg": 45.0,
    "fwhm_p75_deg": 60.0,
    "pref_hist": [
      16,
      29,
      17,
      21,
      17,
      29,
      15,
      29,
      15,
      25,
      17,
      26
    ],
    "bin_threshold_units": 13,
    "n_pref_bins_5pct": 12,
    "rate_l23e_mean": 0.5966576087727684,
    "rate_l23e_min": 0.44655731444557506,
    "rate_l23e_max": 0.7642966474716862,
    "rate_pv_mean": 46.22774410247803,
    "rate_pv_across_orients": [
      46.499881744384766,
      48.46570587158203,
      44.978477478027344,
      45.118099212646484,
      44.50631332397461,
      48.0245361328125,
      46.1389274597168,
      48.264793395996094,
      45.02354049682617,
      45.03008270263672,
      44.506736755371094,
      48.17583465576172
    ],
    "contrast_R2_median": 0.9999293113436973,
    "n_r2_fits": 256,
    "gain_compression": 2.3695755310717703,
    "n_silent": 0,
    "n_runaway": 0,
    "peak_rate_median": 2.159034013748169,
    "trough_rate_median": 1.362155723106285e-22
  },
  "verdict": "pass",
  "issue_if_fail": "none"
}