{
  "version": "level_5_l23e_pv_som_v1",
  "seed": 42,
  "n_l23e": 256,
  "n_pv": 16,
  "n_som": 32,
  "n_orients": 12,
  "n_trials": 10,
  "n_steps_l4": 40,
  "n_steps_l23": 200,
  "orients_deg": [
    0.0,
    15.0,
    30.0,
    45.0,
    60.0,
    75.0,
    90.0,
    105.0,
    120.0,
    135.0,
    150.0,
    165.0
  ],
  "stats": {
    "n_l23e_defined_frac": 1.0,
    "fwhm_median_deg": 45.0,
    "fwhm_p25_deg": 45.0,
    "fwhm_p75_deg": 60.0,
    "pref_hist": [
      16,
      29,
      17,
      20,
      19,
      27,
      16,
      28,
      16,
      24,
      20,
      24
    ],
    "bin_threshold_units": 13,
    "n_pref_bins_5pct": 12,
    "rate_l23e_mean": 0.5595425326837027,
    "rate_l23e_min": 0.40976719930768013,
    "rate_l23e_max": 0.7296900860965252,
    "n_silent_l23e": 0,
    "n_runaway_l23e": 0,
    "rate_pv_mean": 43.24665927886963,
    "rate_pv_across_orients": [
      43.46938705444336,
      45.2025260925293,
      42.12428665161133,
      42.2982177734375,
      41.715576171875,
      44.847755432128906,
      43.12108612060547,
      45.025272369384766,
      42.21909713745117,
      42.24102020263672,
      41.726444244384766,
      44.969242095947266
    ],
    "rate_som_mean": 0.727005790763845,
    "rate_som_min": 0.7081209421157837,
    "rate_som_max": 0.7434418946504593,
    "som_snr_median": 0.20595057789339888,
    "n_runaway_som": 0,
    "level4_rate_l23e_mean": 0.5966576087727684,
    "level4_fwhm_median_deg": 45.0,
    "delta_rate_vs_L4": -0.037115076089065724,
    "delta_fwhm_vs_L4": 0.0
  },
  "verdict": "pass",
  "issue_if_fail": "none"
}