{
  "version": "level_3_l23e_recurrent_v1",
  "seed": 42,
  "n_l23e": 256,
  "n_orients": 12,
  "n_trials": 10,
  "n_steps_l4": 40,
  "n_steps_l23": 160,
  "orients_deg": [
    0.0,
    15.0,
    30.0,
    45.0,
    60.0,
    75.0,
    90.0,
    105.0,
    120.0,
    135.0,
    150.0,
    165.0
  ],
  "stats": {
    "n_l23e_defined_frac": 1.0,
    "fwhm_median_deg": 60.0,
    "fwhm_p25_deg": 45.0,
    "fwhm_p75_deg": 75.0,
    "fwhm_level2_median_deg": 60.0,
    "fwhm_vs_level2": "same",
    "pref_hist": [
      14,
      33,
      15,
      21,
      12,
      34,
      13,
      34,
      13,
      24,
      10,
      33
    ],
    "bin_threshold_units": 13,
    "n_pref_bins_5pct": 10,
    "rate_mean": 1.3900008794104604,
    "rate_min": 1.2263409458100796,
    "rate_max": 1.618258794148763,
    "rate_median": 1.3829116461177666,
    "n_silent": 0,
    "n_runaway": 0,
    "peak_rate_median": 3.3885960578918457,
    "trough_rate_median": 0.3461087644100189
  },
  "verdict": "pass",
  "issue_if_fail": "none"
}