{
  "version": "level_5_l23e_pv_som_v1",
  "seed": 42,
  "n_l23e": 256,
  "n_pv": 16,
  "n_som": 32,
  "n_orients": 12,
  "n_trials": 10,
  "n_steps_l4": 40,
  "n_steps_l23": 200,
  "orients_deg": [
    0.0,
    15.0,
    30.0,
    45.0,
    60.0,
    75.0,
    90.0,
    105.0,
    120.0,
    135.0,
    150.0,
    165.0
  ],
  "stats": {
    "n_l23e_defined_frac": 1.0,
    "fwhm_median_deg": 45.0,
    "fwhm_p25_deg": 45.0,
    "fwhm_p75_deg": 60.0,
    "pref_hist": [
      16,
      29,
      17,
      20,
      19,
      28,
      15,
      28,
      16,
      24,
      20,
      24
    ],
    "bin_threshold_units": 13,
    "n_pref_bins_5pct": 12,
    "rate_l23e_mean": 0.5775791240382849,
    "rate_l23e_min": 0.4277499032517274,
    "rate_l23e_max": 0.7460362874747565,
    "n_silent_l23e": 0,
    "n_runaway_l23e": 0,
    "rate_pv_mean": 44.69538402557373,
    "rate_pv_across_orients": [
      44.93670654296875,
      46.744842529296875,
      43.536170959472656,
      43.69102096557617,
      43.0997314453125,
      46.355159759521484,
      44.587615966796875,
      46.55906677246094,
      43.609825134277344,
      43.619606018066406,
      43.114891052246094,
      46.48997116088867
    ],
    "rate_som_mean": 0.37191066634841263,
    "rate_som_min": 0.35940030217170715,
    "rate_som_max": 0.3828449423114459,
    "som_snr_median": 0.2673046123629787,
    "n_runaway_som": 0,
    "level4_rate_l23e_mean": 0.5966576087727684,
    "level4_fwhm_median_deg": 45.0,
    "delta_rate_vs_L4": -0.01907848473448348,
    "delta_fwhm_vs_L4": 0.0
  },
  "verdict": "fail",
  "issue_if_fail": "rate_som_mean 0.372\u2209[0.5,20]"
}