{
  "version": "level_2_l23e_l4_only_v1",
  "seed": 42,
  "n_l23e": 256,
  "n_orients": 12,
  "n_trials": 10,
  "n_steps_l4": 40,
  "n_steps_l23": 80,
  "orients_deg": [
    0.0,
    15.0,
    30.0,
    45.0,
    60.0,
    75.0,
    90.0,
    105.0,
    120.0,
    135.0,
    150.0,
    165.0
  ],
  "stats": {
    "n_l23e_defined_frac": 0.0,
    "fwhm_median_deg": 75.0,
    "fwhm_p25_deg": 75.0,
    "fwhm_p75_deg": 90.0,
    "pref_hist": [
      0,
      57,
      0,
      19,
      0,
      60,
      0,
      54,
      0,
      17,
      0,
      49
    ],
    "bin_threshold_units": 13,
    "n_pref_bins_5pct": 6,
    "rate_mean": 30.7011921685189,
    "rate_min": 30.542444547017414,
    "rate_max": 30.893715540568035,
    "rate_median": 30.699647267659504,
    "n_silent": 0,
    "n_runaway": 0,
    "peak_rate_median": 30.8738956451416,
    "trough_rate_median": 30.545612335205078
  },
  "verdict": "fail",
  "issue_if_fail": "n_l23e_defined 0.00<0.80;n_pref_bins_5pct 6/12<8;rate_mean 30.701\u2209[0.5,10]"
}