{
  "version": "level_4_l23e_plus_pv_v1",
  "seed": 42,
  "n_l23e": 256,
  "n_pv": 16,
  "n_orients": 12,
  "n_trials": 10,
  "n_trials_contrast": 5,
  "contrasts": [
    0.1,
    0.2,
    0.4,
    0.6,
    0.8,
    1.0
  ],
  "n_steps_l4": 40,
  "n_steps_l23": 200,
  "orients_deg": [
    0.0,
    15.0,
    30.0,
    45.0,
    60.0,
    75.0,
    90.0,
    105.0,
    120.0,
    135.0,
    150.0,
    165.0
  ],
  "stats": {
    "n_l23e_defined_frac": 1.0,
    "fwhm_median_deg": 45.0,
    "fwhm_p25_deg": 30.0,
    "fwhm_p75_deg": 45.0,
    "pref_hist": [
      18,
      24,
      21,
      18,
      23,
      23,
      19,
      22,
      23,
      20,
      25,
      20
    ],
    "bin_threshold_units": 13,
    "n_pref_bins_5pct": 12,
    "rate_l23e_mean": 0.25967125125877527,
    "rate_l23e_min": 0.08758554359277089,
    "rate_l23e_max": 0.44178249190251034,
    "rate_pv_mean": 19.15786361694336,
    "rate_pv_across_orients": [
      19.170879364013672,
      20.140077590942383,
      18.5538387298584,
      18.841920852661133,
      18.256938934326172,
      20.08962631225586,
      19.04446792602539,
      20.013351440429688,
      18.555004119873047,
      18.896148681640625,
      18.189144134521484,
      20.14296531677246
    ],
    "contrast_R2_median": 0.9999057571972241,
    "n_r2_fits": 256,
    "gain_compression": 2.2608155517545905,
    "n_silent": 0,
    "n_runaway": 0,
    "peak_rate_median": 1.252143383026123,
    "trough_rate_median": 1.1613901809654305e-22
  },
  "verdict": "fail",
  "issue_if_fail": "rate_l23e_mean 0.260\u2209[0.5,10]"
}