{
  "version": "level_2_l23e_l4_only_v1",
  "seed": 42,
  "n_l23e": 256,
  "n_orients": 12,
  "n_trials": 10,
  "n_steps_l4": 40,
  "n_steps_l23": 80,
  "orients_deg": [
    0.0,
    15.0,
    30.0,
    45.0,
    60.0,
    75.0,
    90.0,
    105.0,
    120.0,
    135.0,
    150.0,
    165.0
  ],
  "stats": {
    "n_l23e_defined_frac": 1.0,
    "fwhm_median_deg": 60.0,
    "fwhm_p25_deg": 45.0,
    "fwhm_p75_deg": 75.0,
    "pref_hist": [
      13,
      31,
      15,
      22,
      13,
      34,
      13,
      34,
      13,
      23,
      12,
      33
    ],
    "bin_threshold_units": 13,
    "n_pref_bins_5pct": 11,
    "rate_mean": 1.1611912119115004,
    "rate_min": 1.0484727496902149,
    "rate_max": 1.313389961918195,
    "rate_median": 1.1550663126011689,
    "n_silent": 0,
    "n_runaway": 0,
    "peak_rate_median": 3.088418960571289,
    "trough_rate_median": 0.1728454828262329
  },
  "verdict": "pass",
  "issue_if_fail": "none"
}