{
  "version": "level_4_l23e_plus_pv_v1",
  "seed": 42,
  "n_l23e": 256,
  "n_pv": 16,
  "n_orients": 12,
  "n_trials": 10,
  "n_trials_contrast": 5,
  "contrasts": [
    0.1,
    0.2,
    0.4,
    0.6,
    0.8,
    1.0
  ],
  "n_steps_l4": 40,
  "n_steps_l23": 200,
  "orients_deg": [
    0.0,
    15.0,
    30.0,
    45.0,
    60.0,
    75.0,
    90.0,
    105.0,
    120.0,
    135.0,
    150.0,
    165.0
  ],
  "stats": {
    "n_l23e_defined_frac": 1.0,
    "fwhm_median_deg": 45.0,
    "fwhm_p25_deg": 45.0,
    "fwhm_p75_deg": 60.0,
    "pref_hist": [
      16,
      29,
      17,
      20,
      19,
      26,
      18,
      27,
      17,
      23,
      20,
      24
    ],
    "bin_threshold_units": 13,
    "n_pref_bins_5pct": 12,
    "rate_l23e_mean": 0.46789635015644154,
    "rate_l23e_min": 0.2973608585695426,
    "rate_l23e_max": 0.6422120630741119,
    "rate_pv_mean": 35.88390954335531,
    "rate_pv_across_orients": [
      36.069801330566406,
      37.5838508605957,
      34.860191345214844,
      35.07816696166992,
      34.459373474121094,
      37.384239196777344,
      35.719703674316406,
      37.4710578918457,
      34.94365692138672,
      35.07781982421875,
      34.46278381347656,
      37.49626922607422
    ],
    "contrast_R2_median": 0.9999433821438756,
    "n_r2_fits": 256,
    "gain_compression": 2.3407751064301356,
    "n_silent": 0,
    "n_runaway": 0,
    "peak_rate_median": 1.8586822152137756,
    "trough_rate_median": 1.1613901809654305e-22
  },
  "verdict": "fail",
  "issue_if_fail": "rate_l23e_mean 0.468\u2209[0.5,10]"
}