{
  "assay": "eval_kok",
  "n_trials_per_condition": 60,
  "cue_mapping": {
    "0": 135.0,
    "1": 45.0
  },
  "orientations_deg": [
    45.0,
    135.0
  ],
  "per_cell_mean_l23": {
    "expected": [
      13.22892951965332,
      13.54874038696289,
      12.63640308380127,
      12.894721031188965
    ],
    "unexpected": [
      13.228765487670898,
      13.548789024353027,
      12.635945320129395,
      12.894526481628418
    ],
    "all": [
      13.22884750366211,
      13.548765182495117,
      12.636173248291016,
      12.894622802734375
    ]
  },
  "n_cell_groups": 4,
  "svm": {
    "all": {
      "mean_accuracy": 1.0,
      "std_accuracy": 0.0,
      "per_fold": [
        1.0,
        1.0,
        1.0,
        1.0,
        1.0
      ]
    },
    "expected": {
      "mean_accuracy": 1.0,
      "std_accuracy": 0.0,
      "per_fold": [
        1.0,
        1.0,
        1.0,
        1.0,
        1.0
      ]
    },
    "unexpected": {
      "mean_accuracy": 1.0,
      "std_accuracy": 0.0,
      "per_fold": [
        1.0,
        1.0,
        1.0,
        1.0,
        1.0
      ]
    }
  },
  "pref_nonpref": {
    "pref_expected": 13.022626876831055,
    "pref_unexpected": 13.221950054168701,
    "nonpref_expected": 13.17946720123291,
    "nonpref_unexpected": 12.979747295379639,
    "asymmetry": -0.39904308319091797,
    "n_units_pref_hi": 133,
    "n_units_pref_lo": 123
  },
  "localizer": {
    "n_orients": 36,
    "n_trials_per_orient": 20,
    "orients_deg": [
      0.0,
      5.0,
      10.0,
      15.0,
      20.0,
      25.0,
      30.0,
      35.0,
      40.0,
      45.0,
      50.0,
      55.0,
      60.0,
      65.0,
      70.0,
      75.0,
      80.0,
      85.0,
      90.0,
      95.0,
      100.0,
      105.0,
      110.0,
      115.0,
      120.0,
      125.0,
      130.0,
      135.0,
      140.0,
      145.0,
      150.0,
      155.0,
      160.0,
      165.0,
      170.0,
      175.0
    ],
    "tuning_curve_mean_per_orient": [
      4.8284318938385695,
      4.835196237033234,
      4.846091336291283,
      4.84682481654454,
      4.841341916518285,
      4.835768956434913,
      4.828462007362395,
      4.825317435339093,
      4.8416824787389485,
      4.847433064342477,
      4.835633558523841,
      4.834157228586264,
      4.819374639680609,
      4.832922691106797,
      4.829565590876154,
      4.842058349307626,
      4.8467706037219624,
      4.834020491386764,
      4.831663115601987,
      4.842833787226118,
      4.843504538480192,
      4.850007665599697,
      4.8350639915792275,
      4.830954886134714,
      4.822051241109148,
      4.82950421103742,
      4.839351240708492,
      4.840636702696792,
      4.835988019802608,
      4.83119254480116,
      4.820318627613597,
      4.8245764473685995,
      4.8369936187984415,
      4.846018890757113,
      4.846859018015675,
      4.843433164036833
    ],
    "mean_fwhm_deg_population": 65.6938150923129,
    "fraction_units_tuned": 1.0,
    "orientation_decoder_train_acc": 1.0,
    "orientation_decoder_tolerance_deg": 10.0
  },
  "fine_discrim": {
    "offsets_deg": [
      -5.0,
      5.0
    ],
    "n_trials_per_sub_condition": 60,
    "tolerance_deg": 2.5,
    "acc_expected": 0.25,
    "acc_unexpected": 0.25,
    "delta_acc": 0.0,
    "n_expected": 240,
    "n_unexpected": 240,
    "bootstrap_delta_acc": {
      "mean_diff": 0.0,
      "ci_lo": -0.07916666666666665,
      "ci_hi": 0.07916666666666665,
      "n_a": 240,
      "n_b": 240,
      "n_resamples": 500
    },
    "permutation_p_two_sided": 1.0
  },
  "pref_nonpref_localizer": {
    "pref_expected": 12.628644466400146,
    "pref_unexpected": 13.08936882019043,
    "nonpref_expected": 13.028432369232178,
    "nonpref_unexpected": 12.567848205566406,
    "asymmetry": -0.9213085174560547,
    "n_units_pref_lo": 42,
    "n_units_pref_hi": 33,
    "anchor_tolerance_deg": 15.0,
    "bootstrap_asymmetry": {
      "mean_asymmetry": -0.9213138875961304,
      "ci_lo": -0.9217856049537658,
      "ci_hi": -0.9208843827247619,
      "n_resamples": 500
    }
  },
  "fwhm_per_condition": {
    "fwhm_expected_deg": 66.83586669749558,
    "fwhm_unexpected_deg": 66.83629763768676,
    "delta_fwhm_deg": -0.0004309401911797295,
    "bootstrap_delta_fwhm": {
      "mean_diff": -0.0004309401911797295,
      "ci_lo": -0.01265697640757466,
      "ci_hi": 0.013886079813992676,
      "n_a": 120,
      "n_b": 120,
      "n_resamples": 500
    },
    "permutation_p_two_sided": 0.9221556886227545
  },
  "_cli": {
    "n_localizer_orients_used": 36,
    "fine_tolerance_deg_used": 2.5
  }
}