{
  "hypotheses": {
    "H1": {
      "verdict": "FALSIFIED",
      "theta_init": 0.0,
      "theta_final": -0.0003250537847634405,
      "theta_drift": -0.0003250537847634405,
      "target_rate": null,
      "observed_final_rate": 0.7001209458491454
    },
    "H2": {
      "verdict": "FALSIFIED",
      "cos_init": 0.991956035838261,
      "cos_final": 0.9599794798581234,
      "W_rec_norm_init": 1.736850619316101,
      "W_rec_norm_final": 1.6349687576293945,
      "bin_count_init": 6,
      "bin_count_final": 2
    },
    "H3": {
      "verdict": "CONFIRMED",
      "loss_init_med": 0.002940527629107237,
      "loss_final_med": 0.003971138154156506,
      "loss_init_mean": 0.004477551975287497,
      "loss_final_mean": 0.7936111268121749,
      "W_pred_H_init": 905.029052734375,
      "W_pred_H_final": 702.3875122070312,
      "W_pred_C_init": 783.9036254882812,
      "W_pred_C_final": 627.044189453125
    },
    "H4": {
      "verdict": "CONFIRMED",
      "fixE_bin_collapse": true,
      "task70_bin_count": 4,
      "task70_bin_collapse": false
    }
  },
  "fixE_trajectory": {
    "fresh_init": {
      "tag": "FRESH_INIT",
      "theta_l23_mean": 0.0,
      "theta_l23_min": 0.0,
      "theta_l23_max": 0.0,
      "theta_l23_std": 0.0,
      "l23_target_rate_hz": null,
      "W_rec_l23_raw_norm": 1280.144287109375,
      "W_rec_l23_eff_norm": 1.736850619316101,
      "W_rec_l23_eff_mean": 0.006751261651515961,
      "W_rec_l23_eff_max": 0.01017660740762949,
      "W_pred_H_raw_norm": 905.029052734375,
      "W_pred_H_raw_mean": -9.998750686645508,
      "W_pred_C_raw_norm": 783.9036254882812,
      "W_pred_C_raw_mean": -10.000368118286133,
      "W_pred_apical_raw_norm": 1810.2139892578125,
      "W_pred_apical_raw_mean": -9.999613761901855,
      "W_l23_som_raw_mean": -4.499865531921387,
      "W_l23_som_eff_mean": 0.011103893630206585,
      "n_preferred_bins_5pct": 6,
      "rate_median_at_probe": 3.598950147628784,
      "rate_mean_at_probe": 3.601180453396713,
      "cos_W_rec_pref_mean": 0.991956035838261,
      "cos_W_rec_pref_std": 0.0006282016057468287
    },
    "step_100": {
      "tag": "/mnt/c/Users/User/codingproj/freshstart_backup_2026-04-18/checkpoints/v2/phase2/phase2_fixE_s42/phase2_s42/step_100.pt",
      "theta_l23_mean": 1.2482447345973924e-05,
      "theta_l23_min": 1.1215672202524729e-05,
      "theta_l23_max": 1.3739278074353933e-05,
      "theta_l23_std": 6.440144488806254e-07,
      "l23_target_rate_hz": null,
      "W_rec_l23_raw_norm": 1283.1243896484375,
      "W_rec_l23_eff_norm": 1.7185231447219849,
      "W_rec_l23_eff_mean": 0.006677067838609219,
      "W_rec_l23_eff_max": 0.01017660740762949,
      "W_pred_H_raw_norm": 724.0750122070312,
      "W_pred_H_raw_mean": -7.99993896484375,
      "W_pred_C_raw_norm": 627.0693969726562,
      "W_pred_C_raw_mean": -8.0,
      "W_pred_apical_raw_norm": 1424.9273681640625,
      "W_pred_apical_raw_mean": -7.871694087982178,
      "W_l23_som_raw_mean": -4.499865531921387,
      "W_l23_som_eff_mean": 0.011103893630206585,
      "n_preferred_bins_5pct": 1,
      "rate_median_at_probe": 1.1776617765426636,
      "rate_mean_at_probe": 1.1688199521934923,
      "cos_W_rec_pref_mean": 0.9946321511812887,
      "cos_W_rec_pref_std": 0.00047555023486034177
    },
    "step_500": {
      "tag": "/mnt/c/Users/User/codingproj/freshstart_backup_2026-04-18/checkpoints/v2/phase2/phase2_fixE_s42/phase2_s42/step_500.pt",
      "theta_l23_mean": 2.046782901743427e-05,
      "theta_l23_min": 1.5298475773306563e-05,
      "theta_l23_max": 2.2972399165155366e-05,
      "theta_l23_std": 1.3284559372550575e-06,
      "l23_target_rate_hz": null,
      "W_rec_l23_raw_norm": 1292.0118408203125,
      "W_rec_l23_eff_norm": 1.6809355020523071,
      "W_rec_l23_eff_mean": 0.006498299539089203,
      "W_rec_l23_eff_max": 0.01017660740762949,
      "W_pred_H_raw_norm": 723.95263671875,
      "W_pred_H_raw_mean": -7.998621940612793,
      "W_pred_C_raw_norm": 627.0693969726562,
      "W_pred_C_raw_mean": -8.0,
      "W_pred_apical_raw_norm": 1344.014892578125,
      "W_pred_apical_raw_mean": -7.42469596862793,
      "W_l23_som_raw_mean": -4.499865531921387,
      "W_l23_som_eff_mean": 0.011103893630206585,
      "n_preferred_bins_5pct": 4,
      "rate_median_at_probe": 0.6708660125732422,
      "rate_mean_at_probe": 0.6633751495392062,
      "cos_W_rec_pref_mean": 0.9896403839508086,
      "cos_W_rec_pref_std": 0.0011521670963948489
    },
    "step_1500": {
      "tag": "/mnt/c/Users/User/codingproj/freshstart_backup_2026-04-18/checkpoints/v2/phase2/phase2_fixE_s42/phase2_s42/step_1500.pt",
      "theta_l23_mean": -8.597505802754313e-05,
      "theta_l23_min": -9.531440446153283e-05,
      "theta_l23_max": -7.699562411289662e-05,
      "theta_l23_std": 3.4728393529803725e-06,
      "l23_target_rate_hz": null,
      "W_rec_l23_raw_norm": 1309.4393310546875,
      "W_rec_l23_eff_norm": 1.6476550102233887,
      "W_rec_l23_eff_mean": 0.006273752544075251,
      "W_rec_l23_eff_max": 0.01017660740762949,
      "W_pred_H_raw_norm": 720.7345581054688,
      "W_pred_H_raw_mean": -7.963066101074219,
      "W_pred_C_raw_norm": 627.0693969726562,
      "W_pred_C_raw_mean": -8.0,
      "W_pred_apical_raw_norm": 1188.007568359375,
      "W_pred_apical_raw_mean": -6.562851428985596,
      "W_l23_som_raw_mean": -4.499865531921387,
      "W_l23_som_eff_mean": 0.011103893630206585,
      "n_preferred_bins_5pct": 2,
      "rate_median_at_probe": 0.8073165416717529,
      "rate_mean_at_probe": 0.8074345882438744,
      "cos_W_rec_pref_mean": 0.9747635525790811,
      "cos_W_rec_pref_std": 0.0038223090321862067
    },
    "step_3000": {
      "tag": "/mnt/c/Users/User/codingproj/freshstart_backup_2026-04-18/checkpoints/v2/phase2/phase2_fixE_s42/phase2_s42/step_3000.pt",
      "theta_l23_mean": -0.0003250537847634405,
      "theta_l23_min": -0.00034038000740110874,
      "theta_l23_max": -0.0003078662557527423,
      "theta_l23_std": 6.678179943264695e-06,
      "l23_target_rate_hz": null,
      "W_rec_l23_raw_norm": 1329.59423828125,
      "W_rec_l23_eff_norm": 1.6349687576293945,
      "W_rec_l23_eff_mean": 0.006131191737949848,
      "W_rec_l23_eff_max": 0.01017660740762949,
      "W_pred_H_raw_norm": 702.3875122070312,
      "W_pred_H_raw_mean": -7.76035737991333,
      "W_pred_C_raw_norm": 627.044189453125,
      "W_pred_C_raw_mean": -7.999678134918213,
      "W_pred_apical_raw_norm": 1030.5321044921875,
      "W_pred_apical_raw_mean": -5.692882537841797,
      "W_l23_som_raw_mean": -4.499865531921387,
      "W_l23_som_eff_mean": 0.011103893630206585,
      "n_preferred_bins_5pct": 2,
      "rate_median_at_probe": 0.7090326547622681,
      "rate_mean_at_probe": 0.7001209458491454,
      "cos_W_rec_pref_mean": 0.9599794798581234,
      "cos_W_rec_pref_std": 0.006616255627761613
    }
  },
  "task70_ref": {
    "tag": "/mnt/c/Users/User/codingproj/freshstart_backup_2026-04-18/checkpoints/v2/phase2/phase2_task70_s42/phase2_s42/step_3000.pt",
    "theta_l23_mean": -0.0008943050634115934,
    "theta_l23_min": -0.0009225088870152831,
    "theta_l23_max": -0.0008726531523279846,
    "theta_l23_std": 8.12800044514006e-06,
    "l23_target_rate_hz": null,
    "W_rec_l23_raw_norm": 1316.470947265625,
    "W_rec_l23_eff_norm": 1.64154052734375,
    "W_rec_l23_eff_mean": 0.006213959772139788,
    "W_rec_l23_eff_max": 0.01017660740762949,
    "W_pred_H_raw_norm": 724.0773315429688,
    "W_pred_H_raw_mean": -8.0,
    "W_pred_C_raw_norm": 627.0693969726562,
    "W_pred_C_raw_mean": -8.0,
    "W_pred_apical_raw_norm": 1279.5362548828125,
    "W_pred_apical_raw_mean": -7.068488121032715,
    "W_l23_som_raw_mean": 8.0,
    "W_l23_som_eff_mean": 8.000335693359375,
    "n_preferred_bins_5pct": 4,
    "rate_median_at_probe": 0.22281833738088608,
    "cos_W_rec_pref_mean": 0.9690077507949089
  }
}