{
  "version": "som_init_selectivity_v1",
  "seed": 42,
  "n_som": 32,
  "n_orients": 12,
  "n_trials": 20,
  "n_steps": 100,
  "avg_last": 50,
  "contrast": 1.0,
  "orientations_deg": [
    0.0,
    15.0,
    30.0,
    45.0,
    60.0,
    75.0,
    90.0,
    105.0,
    120.0,
    135.0,
    150.0,
    165.0
  ],
  "tuning_som_mean": [
    [
      8.516982078552246,
      8.34922981262207,
      8.470672607421875,
      8.423437118530273,
      8.440441131591797,
      8.518762588500977,
      8.466514587402344,
      8.417469024658203,
      8.3416166305542,
      8.428461074829102,
      8.50771427154541,
      8.400762557983398,
      8.348735809326172,
      8.422809600830078,
      8.509055137634277,
      8.459738731384277,
      8.527444839477539,
      8.368200302124023,
      8.469462394714355,
      8.44320011138916,
      8.460121154785156,
      8.485993385314941,
      8.551340103149414,
      8.395737648010254,
      8.513382911682129,
      8.4727201461792,
      8.452853202819824,
      8.53402042388916,
      8.34329605102539,
      8.48497486114502,
      8.48021411895752,
      8.405769348144531
    ],
    [
      8.568706512451172,
      8.399762153625488,
      8.522465705871582,
      8.474580764770508,
      8.491579055786133,
      8.570338249206543,
      8.517455101013184,
      8.468783378601074,
      8.392736434936523,
      8.479363441467285,
      8.558438301086426,
      8.451215744018555,
      8.399744987487793,
      8.474112510681152,
      8.559531211853027,
      8.511350631713867,
      8.57927131652832,
      8.419095039367676,
      8.520913124084473,
      8.493975639343262,
      8.51075553894043,
      8.538263320922852,
      8.603532791137695,
      8.446648597717285,
      8.564809799194336,
      8.52419662475586,
      8.504354476928711,
      8.58549976348877,
      8.39368724822998,
      8.536811828613281,
      8.531585693359375,
      8.456604957580566
    ],
    [
      8.509943008422852,
      8.340638160705566,
      8.462848663330078,
      8.415959358215332,
      8.434043884277344,
      8.510741233825684,
      8.458581924438477,
      8.41082763671875,
      8.335530281066895,
      8.420587539672852,
      8.499865531921387,
      8.392572402954102,
      8.341207504272461,
      8.415971755981445,
      8.500081062316895,
      8.453149795532227,
      8.520853042602539,
      8.359432220458984,
      8.462002754211426,
      8.435172080993652,
      8.452967643737793,
      8.479208946228027,
      8.544357299804688,
      8.387262344360352,
      8.506253242492676,
      8.465667724609375,
      8.445428848266602,
      8.526368141174316,
      8.335151672363281,
      8.477304458618164,
      8.471785545349121,
      8.398824691772461
    ],
    [
      8.54869270324707,
      8.377702713012695,
      8.499734878540039,
      8.453786849975586,
      8.472922325134277,
      8.548728942871094,
      8.496493339538574,
      8.449003219604492,
      8.37398624420166,
      8.45817756652832,
      8.539288520812988,
      8.430275917053223,
      8.378341674804688,
      8.454172134399414,
      8.538414001464844,
      8.491154670715332,
      8.5593900680542,
      8.395986557006836,
      8.499807357788086,
      8.472684860229492,
      8.491421699523926,
      8.516992568969727,
      8.582274436950684,
      8.4242582321167,
      8.544581413269043,
      8.5038480758667,
      8.483527183532715,
      8.564597129821777,
      8.372259140014648,
      8.514169692993164,
      8.509018898010254,
      8.437602996826172
    ],
    [
      8.517328262329102,
      8.347296714782715,
      8.468809127807617,
      8.422768592834473,
      8.441008567810059,
      8.51818561553955,
      8.465524673461914,
      8.41765308380127,
      8.343160629272461,
      8.427154541015625,
      8.509137153625488,
      8.3992338180542,
      8.347332954406738,
      8.422263145446777,
      8.50834846496582,
      8.459205627441406,
      8.527765274047852,
      8.36540412902832,
      8.468609809875488,
      8.441688537597656,
      8.461002349853516,
      8.485588073730469,
      8.550537109375,
      8.393671989440918,
      8.513066291809082,
      8.472831726074219,
      8.452332496643066,
      8.533658981323242,
      8.341410636901855,
      8.482236862182617,
      8.478361129760742,
      8.406968116760254
    ],
    [
      8.573076248168945,
      8.403566360473633,
      8.524984359741211,
      8.47873306274414,
      8.495709419250488,
      8.575582504272461,
      8.521997451782227,
      8.473419189453125,
      8.39831829071045,
      8.483541488647461,
      8.566339492797852,
      8.455048561096191,
      8.402817726135254,
      8.476938247680664,
      8.565279960632324,
      8.515279769897461,
      8.584491729736328,
      8.421831130981445,
      8.524508476257324,
      8.49793815612793,
      8.517863273620605,
      8.542030334472656,
      8.607237815856934,
      8.450094223022461,
      8.56934928894043,
      8.528945922851562,
      8.508466720581055,
      8.590370178222656,
      8.397260665893555,
      8.538049697875977,
      8.536027908325195,
      8.46275806427002
    ],
    [
      8.5291166305542,
      8.361584663391113,
      8.48169231414795,
      8.435917854309082,
      8.453150749206543,
      8.532645225524902,
      8.479182243347168,
      8.431135177612305,
      8.35525894165039,
      8.441747665405273,
      8.522890090942383,
      8.412739753723145,
      8.361137390136719,
      8.434163093566895,
      8.521707534790039,
      8.473337173461914,
      8.541452407836914,
      8.379449844360352,
      8.481812477111816,
      8.455419540405273,
      8.476341247558594,
      8.49917221069336,
      8.564460754394531,
      8.407743453979492,
      8.526681900024414,
      8.485722541809082,
      8.466217994689941,
      8.547409057617188,
      8.35571002960205,
      8.495561599731445,
      8.493017196655273,
      8.419938087463379
    ],
    [
      8.565644264221191,
      8.39781379699707,
      8.517889022827148,
      8.472651481628418,
      8.490074157714844,
      8.569286346435547,
      8.515398979187012,
      8.468385696411133,
      8.391305923461914,
      8.478755950927734,
      8.559244155883789,
      8.449396133422852,
      8.39824104309082,
      8.471468925476074,
      8.558473587036133,
      8.510374069213867,
      8.577876091003418,
      8.415926933288574,
      8.518655776977539,
      8.492232322692871,
      8.513223648071289,
      8.535662651062012,
      8.601959228515625,
      8.443921089172363,
      8.563810348510742,
      8.52244758605957,
      8.503280639648438,
      8.584541320800781,
      8.392538070678711,
      8.532808303833008,
      8.528533935546875,
      8.45570182800293
    ],
    [
      8.515908241271973,
      8.347833633422852,
      8.46875286102295,
      8.423002243041992,
      8.440000534057617,
      8.518670082092285,
      8.465089797973633,
      8.417885780334473,
      8.341797828674316,
      8.428126335144043,
      8.508918762207031,
      8.398853302001953,
      8.348633766174316,
      8.42158317565918,
      8.508585929870605,
      8.460134506225586,
      8.526631355285645,
      8.366432189941406,
      8.468218803405762,
      8.441676139831543,
      8.462108612060547,
      8.484162330627441,
      8.550962448120117,
      8.393733024597168,
      8.51289176940918,
      8.472699165344238,
      8.452131271362305,
      8.533555030822754,
      8.34228229522705,
      8.482295989990234,
      8.477289199829102,
      8.404973983764648
    ],
    [
      8.543973922729492,
      8.374813079833984,
      8.497137069702148,
      8.450358390808105,
      8.467232704162598,
      8.546197891235352,
      8.492969512939453,
      8.444660186767578,
      8.368952751159668,
      8.455230712890625,
      8.536831855773926,
      8.425774574279785,
      8.37508773803711,
      8.448430061340332,
      8.536996841430664,
      8.487689018249512,
