{
  "assay": "eval_richter",
  "n_trials_per_condition": 20,
  "permutation": [
    3,
    2,
    5,
    4,
    1,
    0
  ],
  "amplitude_summary": {
    "per_condition_mean_unit0": [
      2.8918543219566346,
      2.959217846393585,
      2.966708791255951,
      2.9368637681007383,
      2.8927573561668396,
      2.925076699256897,
      2.9354426980018617,
      3.000491166114807,
      3.0018506765365602,
      2.9779393434524537,
      2.926064705848694,
      2.9629061818122864,
      3.0502102375030518,
      3.1070122838020326,
      3.127426767349243,
      3.093876230716705,
      3.0448274493217466,
      3.079881429672241,
      3.243704891204834,
      3.307638645172119,
      3.3256839394569395,
      3.299020564556122,
      3.2516749024391176,
      3.281920778751373,
      2.871481680870056,
      2.9365914344787596,
      2.945093095302582,
      2.9172565221786497,
      2.8672779321670534,
      2.905785548686981,
      2.9397517800331117,
      3.005822038650513,
      3.012311279773712,
      2.9833902597427366,
      2.939516711235046,
      2.9724296808242796
    ],
    "grand_mean": 3.021170155745414,
    "grand_std": 0.2774485651150282
  },
  "rsa_within_between": {
    "within_mean_distance": 8.692967890787084e-06,
    "between_mean_distance": 0.0009865460489238156,
    "between_minus_within": 0.0009778530810330285,
    "n_within_pairs": 6840,
    "n_between_pairs": 252000
  },
  "preference_rank_curve": {
    "ranks": [
      1,
      2,
      3,
      4,
      5,
      6
    ],
    "mean_rate": [
      3.053861954474511,
      3.0369291181908924,
      3.024789083198023,
      3.014873206235158,
      3.005377678091948,
      2.991189894281949
    ],
    "sem_rate": [
      0.007509822674548016,
      0.006653073969396073,
      0.007492966510451831,
      0.006613597648985782,
      0.007536727400829146,
      0.006582434743304372
    ],
    "suppression_rank1_vs_rank_last": 0.0626720601925621
  },
  "pseudo_voxel_models": {
    "local_gain": {
      "pearson_r_with_pop_mean": 0.9991113083303753,
      "n_voxels": 50
    },
    "local_tuning": {
      "pearson_r_with_pop_mean": 0.07280737949594263,
      "n_voxels": 50
    },
    "remote_gain": {
      "pearson_r_with_pop_mean": 0.9973652608101911,
      "n_voxels": 50
    },
    "remote_tuning": {
      "pearson_r_with_pop_mean": -0.10452483147101732,
      "n_voxels": 50
    },
    "global_gain": {
      "pearson_r_with_pop_mean": 0.9999998640641954,
      "n_voxels": 50
    },
    "global_tuning": {
      "pearson_r_with_pop_mean": 0.17388426777941263,
      "n_voxels": 50
    }
  },
  "localizer": {
    "n_trials_per_trailer": 20,
    "mean_response_per_trailer": [
      3.1020785371307285,
      3.143150030169636,
      3.126801252691075,
      3.1061337118502705,
      3.0866397682577373,
      3.1029249381273987
    ],
    "population_rate_min": 2.3606666803359984,
    "population_rate_max": 3.836336088180542
  },
  "modulation_pattern_fit": {
    "models": {
      "local_gain": {
        "per_trailer_r": [
          0.11376277508119666,
          -0.17620835690602119,
          0.010649499494885953,
          -0.09305769403671792,
          0.008720493972435111,
          0.10498082745154969
        ],
        "mean_r": -0.005192075823778619
      },
      "local_tuning": {
        "per_trailer_r": [
          -0.0008318022207851042,
          -0.04788878708505365,
          0.03021028874944333,
          -0.10475579063368942,
          0.06838851910163604,
          0.03289855865271957
        ],
        "mean_r": -0.003663168905954873
      },
      "remote_gain": {
        "per_trailer_r": [
          -0.09235503714087544,
          0.08663656213158673,
          0.1057368723795205,
          0.11688387859407982,
          -0.09329050156471122,
          -0.10517873454805621
        ],
        "mean_r": 0.003072173308590697
      },
      "remote_tuning": {
        "per_trailer_r": [
          0.007357685575171478,
          0.009849223222358153,
          0.066110834560398,
          -0.08028666569227891,
          -0.021453070607669277,
          0.031745461373855546
        ],
        "mean_r": 0.0022205780719724987
      },
      "global_gain": {
        "per_trailer_r": [
          0.1314408514008096,
          -0.1886500392575129,
          -0.027650403870602604,
          -0.13801405103949393,
          0.09663163246992115,
          0.1167726432622683
        ],
        "mean_r": -0.0015782278391017295
      },
      "global_tuning": {
        "per_trailer_r": [
          -0.0333705061788628,
          -0.04148878133853421,
          -0.14629772672400201,
          0.011300081173068311,
          0.051479896296245796,
          0.09288434777914854
        ],
        "mean_r": -0.010915448165489396
      }
    },
    "model_preferred": "global_tuning",
    "model_preferred_mean_r": -0.010915448165489396,
    "model_preferred_effect_sign": "-",
    "selection_criterion": "argmax_abs_mean_r_signed_pearson",
    "local_vs_global_abs_r": {
      "delta_abs_r": 0.0036138479846768894,
      "ci_lo": -0.036791457435514215,
      "ci_hi": 0.0206101052681376,
      "n_trailers": 6,
      "n_resamples": 500
    },
    "inverse_permutation": [
      5,
      4,
      1,
      0,
      3,
      2
    ]
  },
  "preference_rank_suppression": {
    "suppression_top_bin": -0.000776430687873253,
    "suppression_mid_bin": 4.1959456035097396e-05,
    "suppression_bot_bin": 0.0026745984445209667,
    "preference_rank_slope": 0.00172551456619711,
    "top_frac": 0.2,
    "bot_frac": 0.2,
    "n_top_units": 51,
    "n_bot_units": 51
  },
  "same_trailer_contrast": {
    "per_trailer_exp": [
      3.017730459757149,
      3.049762387992814,
      3.0297183891758324,
      3.0121138100512326,
      2.999710459820926,
      3.015968468459323
    ],
    "per_trailer_unexp": [
      3.0136745442450046,
      3.0501699528098105,
      3.0349511431064458,
      3.0177018075902016,
      2.997250730218366,
      3.0136761483456938
    ],
    "grand_exp": 3.020833995876213,
    "grand_unexp": 3.0212373877192538,
    "grand_delta_exp_minus_unexp": -0.0004033918430406125,
    "bootstrap_delta_exp_minus_unexp": {
      "mean_diff": -0.0004033918430410566,
      "ci_lo": -0.004295003441550316,
      "ci_hi": 0.003772005326502569,
      "n_a": 120,
      "n_b": 600,
      "n_resamples": 500
    },
    "permutation_p_two_sided": 0.8403193612774451
  }
}