{
  "orientations_deg": [
    0.0,
    22.5,
    45.0,
    67.5,
    90.0,
    112.5,
    135.0,
    157.5
  ],
  "n_orientations": 8,
  "chance": 0.125,
  "n_trials_per_orient": 200,
  "n_trials_total": 1600,
  "n_voxels": 64,
  "noise_std": 2.0,
  "contrast_range": [
    0.1,
    0.3
  ],
  "n_warmup_steps": 50,
  "n_readout_steps": 5,
  "contrast_mean": 0.20207302272319794,
  "svm_voxel_pooled": {
    "acc_mean": 0.12250000000000001,
    "acc_std": 0.010345590848279284,
    "per_fold_acc": [
      0.121875,
      0.1375,
      0.11875,
      0.10625,
      0.128125
    ],
    "per_fold_C": [
      1.0,
      1.0,
      10.0,
      0.01,
      10.0
    ],
    "n_samples": 1600,
    "n_features": 64,
    "n_classes": 8
  },
  "svm_raw_l23": {
    "acc_mean": 0.14312500000000003,
    "acc_std": 0.0066731739075195735,
    "per_fold_acc": [
      0.153125,
      0.146875,
      0.134375,
      0.1375,
      0.14375
    ],
    "per_fold_C": [
      1.0,
      1.0,
      1.0,
      0.01,
      10.0
    ],
    "n_samples": 1600,
    "n_features": 256,
    "n_classes": 8
  }
}