{
  "orientations_deg": [
    0.0,
    22.5,
    45.0,
    67.5,
    90.0,
    112.5,
    135.0,
    157.5
  ],
  "n_orientations": 8,
  "chance": 0.125,
  "n_trials_per_orient": 200,
  "n_trials_total": 1600,
  "n_voxels": 64,
  "noise_std": 1.0,
  "contrast_range": [
    0.1,
    0.3
  ],
  "n_warmup_steps": 50,
  "n_readout_steps": 10,
  "contrast_mean": 0.2003965526819229,
  "svm_voxel_pooled": {
    "acc_mean": 0.2975,
    "acc_std": 0.02832567298406166,
    "per_fold_acc": [
      0.3,
      0.278125,
      0.25625,
      0.3375,
      0.315625
    ],
    "per_fold_C": [
      10.0,
      10.0,
      10.0,
      10.0,
      10.0
    ],
    "n_samples": 1600,
    "n_features": 64,
    "n_classes": 8
  },
  "svm_raw_l23": {
    "acc_mean": 0.36875,
    "acc_std": 0.03217384419058437,
    "per_fold_acc": [
      0.421875,
      0.353125,
      0.325,
      0.3625,
      0.38125
    ],
    "per_fold_C": [
      1.0,
      1.0,
      1.0,
      1.0,
      10.0
    ],
    "n_samples": 1600,
    "n_features": 256,
    "n_classes": 8
  }
}