{
  "assay": "eval_kok",
  "n_trials_per_condition": 60,
  "cue_mapping": {
    "0": 135.0,
    "1": 45.0
  },
  "orientations_deg": [
    45.0,
    135.0
  ],
  "per_cell_mean_l23": {
    "expected": [
      0.5704883337020874,
      0.6685773134231567,
      0.6702558994293213,
      0.54838627576828
    ],
    "unexpected": [
      0.554221510887146,
      0.6422001123428345,
      0.6474680304527283,
      0.5321683287620544
    ],
    "all": [
      0.5623549818992615,
      0.6553887724876404,
      0.6588619947433472,
      0.540277361869812
    ]
  },
  "n_cell_groups": 4,
  "svm": {
    "all": {
      "mean_accuracy": 1.0,
      "std_accuracy": 0.0,
      "per_fold": [
        1.0,
        1.0,
        1.0,
        1.0,
        1.0
      ]
    },
    "expected": {
      "mean_accuracy": 1.0,
      "std_accuracy": 0.0,
      "per_fold": [
        1.0,
        1.0,
        1.0,
        1.0,
        1.0
      ]
    },
    "unexpected": {
      "mean_accuracy": 1.0,
      "std_accuracy": 0.0,
      "per_fold": [
        1.0,
        1.0,
        1.0,
        1.0,
        1.0
      ]
    }
  },
  "pref_nonpref": {
    "pref_expected": 1.1079213619232178,
    "pref_unexpected": 0.7741631865501404,
    "nonpref_expected": 0.1188836358487606,
    "nonpref_unexpected": 0.4115666151046753,
    "asymmetry": 0.6264411546289921,
    "n_units_pref_hi": 131,
    "n_units_pref_lo": 125
  },
  "localizer": {
    "n_orients": 36,
    "n_trials_per_orient": 20,
    "orients_deg": [
      0.0,
      5.0,
      10.0,
      15.0,
      20.0,
      25.0,
      30.0,
      35.0,
      40.0,
      45.0,
      50.0,
      55.0,
      60.0,
      65.0,
      70.0,
      75.0,
      80.0,
      85.0,
      90.0,
      95.0,
      100.0,
      105.0,
      110.0,
      115.0,
      120.0,
      125.0,
      130.0,
      135.0,
      140.0,
      145.0,
      150.0,
      155.0,
      160.0,
      165.0,
      170.0,
      175.0
    ],
    "tuning_curve_mean_per_orient": [
      0.5330224423901654,
      0.5409826556439612,
      0.5544196314348482,
      0.556421392549828,
      0.5461468145034587,
      0.5361115903966948,
      0.5316317348719166,
      0.533448840760957,
      0.5365803457948914,
      0.5377438031293877,
      0.53398909224411,
      0.5300870194137588,
      0.5272651594635136,
      0.5311375487703116,
      0.5420282180385585,
      0.5527863828007412,
      0.5512578780831519,
      0.537103215286652,
      0.5299794437156379,
      0.5366464526163781,
      0.5507427387564803,
      0.5543790442887713,
      0.5459068616082732,
      0.5362579623476449,
      0.5320592646940441,
      0.5334125595855312,
      0.5361242876416327,
      0.536457674749272,
      0.5333301784673495,
      0.5288913129548292,
      0.5267952597200292,
      0.5312730690089666,
      0.5421649756407533,
      0.5534452809527466,
      0.5535292817182154,
      0.5403921983056308
    ],
    "mean_fwhm_deg_population": 51.850421782033884,
    "fraction_units_tuned": 1.0,
    "orientation_decoder_train_acc": 1.0,
    "orientation_decoder_tolerance_deg": 10.0
  },
  "fine_discrim": {
    "offsets_deg": [
      -2.0,
      2.0
    ],
    "n_trials_per_sub_condition": 60,
    "tolerance_deg": 1.0,
    "acc_expected": 0.0,
    "acc_unexpected": 0.0,
    "delta_acc": 0.0,
    "n_expected": 240,
    "n_unexpected": 240,
    "bootstrap_delta_acc": {
      "mean_diff": 0.0,
      "ci_lo": 0.0,
      "ci_hi": 0.0,
      "n_a": 240,
      "n_b": 240,
      "n_resamples": 500
    },
    "permutation_p_two_sided": 1.0
  },
  "pref_nonpref_localizer": {
    "pref_expected": 1.9834389090538025,
    "pref_unexpected": 1.3188220858573914,
    "nonpref_expected": 0.19036999344825745,
    "nonpref_unexpected": 0.7541407644748688,
    "asymmetry": 1.2283875942230225,
    "n_units_pref_lo": 44,
    "n_units_pref_hi": 43,
    "anchor_tolerance_deg": 15.0,
    "bootstrap_asymmetry": {
      "mean_asymmetry": 1.22841924148798,
      "ci_lo": 1.2267376195639372,
      "ci_hi": 1.2301606493070723,
      "n_resamples": 500
    }
  },
  "fwhm_per_condition": {
    "fwhm_expected_deg": 50.894624171701125,
    "fwhm_unexpected_deg": 50.946033903444125,
    "delta_fwhm_deg": -0.05140973174300001,
    "bootstrap_delta_fwhm": {
      "mean_diff": -0.05140973174300001,
      "ci_lo": -0.11323441159553056,
      "ci_hi": 0.0026407247332963244,
      "n_a": 120,
      "n_b": 120,
      "n_resamples": 500
    },
    "permutation_p_two_sided": 0.08383233532934131
  },
  "_cli": {
    "n_localizer_orients_used": 36,
    "fine_tolerance_deg_used": 1.0
  }
}