{
  "orientations_deg": [
    0.0,
    22.5,
    45.0,
    67.5,
    90.0,
    112.5,
    135.0,
    157.5
  ],
  "n_orientations": 8,
  "chance": 0.125,
  "n_trials_per_orient": 200,
  "n_trials_total": 1600,
  "n_voxels": 64,
  "noise_std": 1.0,
  "contrast_range": [
    0.1,
    0.3
  ],
  "n_warmup_steps": 50,
  "n_readout_steps": 5,
  "contrast_mean": 0.20207302272319794,
  "svm_voxel_pooled": {
    "acc_mean": 0.25687499999999996,
    "acc_std": 0.01693277148018009,
    "per_fold_acc": [
      0.25,
      0.278125,
      0.234375,
      0.246875,
      0.275
    ],
    "per_fold_C": [
      10.0,
      10.0,
      10.0,
      10.0,
      10.0
    ],
    "n_samples": 1600,
    "n_features": 64,
    "n_classes": 8
  },
  "svm_raw_l23": {
    "acc_mean": 0.30625,
    "acc_std": 0.01976423537605237,
    "per_fold_acc": [
      0.2875,
      0.321875,
      0.328125,
      0.278125,
      0.315625
    ],
    "per_fold_C": [
      1.0,
      1.0,
      10.0,
      0.1,
      1.0
    ],
    "n_samples": 1600,
    "n_features": 256,
    "n_classes": 8
  }
}