{
  "assay": "eval_kok",
  "n_trials_per_condition": 60,
  "cue_mapping": {
    "0": 135.0,
    "1": 45.0
  },
  "orientations_deg": [
    45.0,
    135.0
  ],
  "per_cell_mean_l23": {
    "expected": [
      0.6098006367683411,
      0.7423944473266602,
      0.7425492405891418,
      0.5850868225097656
    ],
    "unexpected": [
      0.564836323261261,
      0.6855013370513916,
      0.6872212290763855,
      0.5382605791091919
    ],
    "all": [
      0.5873185396194458,
      0.7139478325843811,
      0.7148851752281189,
      0.5616737008094788
    ]
  },
  "n_cell_groups": 4,
  "svm": {
    "all": {
      "mean_accuracy": 1.0,
      "std_accuracy": 0.0,
      "per_fold": [
        1.0,
        1.0,
        1.0,
        1.0,
        1.0
      ]
    },
    "expected": {
      "mean_accuracy": 1.0,
      "std_accuracy": 0.0,
      "per_fold": [
        1.0,
        1.0,
        1.0,
        1.0,
        1.0
      ]
    },
    "unexpected": {
      "mean_accuracy": 1.0,
      "std_accuracy": 0.0,
      "per_fold": [
        1.0,
        1.0,
        1.0,
        1.0,
        1.0
      ]
    }
  },
  "pref_nonpref": {
    "pref_expected": 1.3144635558128357,
    "pref_unexpected": 1.0112355053424835,
    "nonpref_expected": 0.024839703924953938,
    "nonpref_unexpected": 0.22588859498500824,
    "asymmetry": 0.5042769415304065,
    "n_units_pref_hi": 129,
    "n_units_pref_lo": 127
  },
  "localizer": {
    "n_orients": 36,
    "n_trials_per_orient": 20,
    "orients_deg": [
      0.0,
      5.0,
      10.0,
      15.0,
      20.0,
      25.0,
      30.0,
      35.0,
      40.0,
      45.0,
      50.0,
      55.0,
      60.0,
      65.0,
      70.0,
      75.0,
      80.0,
      85.0,
      90.0,
      95.0,
      100.0,
      105.0,
      110.0,
      115.0,
      120.0,
      125.0,
      130.0,
      135.0,
      140.0,
      145.0,
      150.0,
      155.0,
      160.0,
      165.0,
      170.0,
      175.0
    ],
    "tuning_curve_mean_per_orient": [
      0.5330224423901654,
      0.5409826556439612,
      0.5544196314348482,
      0.556421392549828,
      0.5461468145034587,
      0.5361115903966948,
      0.5316317348719166,
      0.533448840760957,
      0.5365803457948914,
      0.5377438031293877,
      0.53398909224411,
      0.5300870194137588,
      0.5272651594635136,
      0.5311375487703116,
      0.5420282180385585,
      0.5527863828007412,
      0.5512578780831519,
      0.537103215286652,
      0.5299794437156379,
      0.5366464526163781,
      0.5507427387564803,
      0.5543790442887713,
      0.5459068616082732,
      0.5362579623476449,
      0.5320592646940441,
      0.5334125595855312,
      0.5361242876416327,
      0.536457674749272,
      0.5333301784673495,
      0.5288913129548292,
      0.5267952597200292,
      0.5312730690089666,
      0.5421649756407533,
      0.5534452809527466,
      0.5535292817182154,
      0.5403921983056308
    ],
    "mean_fwhm_deg_population": 51.850421782033884,
    "fraction_units_tuned": 1.0,
    "orientation_decoder_train_acc": 1.0,
    "orientation_decoder_tolerance_deg": 10.0
  },
  "fine_discrim": {
    "offsets_deg": [
      -5.0,
      5.0
    ],
    "n_trials_per_sub_condition": 60,
    "tolerance_deg": 2.5,
    "acc_expected": 1.0,
    "acc_unexpected": 1.0,
    "delta_acc": 0.0,
    "n_expected": 240,
    "n_unexpected": 240,
    "bootstrap_delta_acc": {
      "mean_diff": 0.0,
      "ci_lo": 0.0,
      "ci_hi": 0.0,
      "n_a": 240,
      "n_b": 240,
      "n_resamples": 500
    },
    "permutation_p_two_sided": 1.0
  },
  "pref_nonpref_localizer": {
    "pref_expected": 2.4448918104171753,
    "pref_unexpected": 1.8167757987976074,
    "nonpref_expected": 0.03421986475586891,
    "nonpref_unexpected": 0.4623968005180359,
    "asymmetry": 1.0562929473817348,
    "n_units_pref_lo": 44,
    "n_units_pref_hi": 43,
    "anchor_tolerance_deg": 15.0,
    "bootstrap_asymmetry": {
      "mean_asymmetry": 1.0563007230758668,
      "ci_lo": 1.055602549901232,
      "ci_hi": 1.0570275124162436,
      "n_resamples": 500
    }
  },
  "fwhm_per_condition": {
    "fwhm_expected_deg": 50.61070335573005,
    "fwhm_unexpected_deg": 50.59797901574716,
    "delta_fwhm_deg": 0.012724339982895572,
    "bootstrap_delta_fwhm": {
      "mean_diff": 0.012724339982895572,
      "ci_lo": -0.04339122035834127,
      "ci_hi": 0.06031980761085899,
      "n_a": 120,
      "n_b": 120,
      "n_resamples": 500
    },
    "permutation_p_two_sided": 0.654690618762475
  },
  "_cli": {
    "n_localizer_orients_used": 36,
    "fine_tolerance_deg_used": 2.5
  }
}