{
  "orientations_deg": [
    0.0,
    22.5,
    45.0,
    67.5,
    90.0,
    112.5,
    135.0,
    157.5
  ],
  "n_orientations": 8,
  "chance": 0.125,
  "n_trials_per_orient": 200,
  "n_trials_total": 1600,
  "n_voxels": 64,
  "noise_std": 0.5,
  "contrast_range": [
    0.1,
    0.3
  ],
  "n_warmup_steps": 50,
  "n_readout_steps": 10,
  "contrast_mean": 0.2003965526819229,
  "svm_voxel_pooled": {
    "acc_mean": 0.756875,
    "acc_std": 0.02479604303109671,
    "per_fold_acc": [
      0.778125,
      0.746875,
      0.734375,
      0.79375,
      0.73125
    ],
    "per_fold_C": [
      10.0,
      10.0,
      10.0,
      10.0,
      10.0
    ],
    "n_samples": 1600,
    "n_features": 64,
    "n_classes": 8
  },
  "svm_raw_l23": {
    "acc_mean": 0.8512500000000001,
    "acc_std": 0.016606662819483024,
    "per_fold_acc": [
      0.88125,
      0.834375,
      0.853125,
      0.85,
      0.8375
    ],
    "per_fold_C": [
      10.0,
      10.0,
      10.0,
      10.0,
      10.0
    ],
    "n_samples": 1600,
    "n_features": 256,
    "n_classes": 8
  }
}