{
  "assay": "eval_richter",
  "n_trials_per_condition": 20,
  "permutation": [
    3,
    2,
    5,
    4,
    1,
    0
  ],
  "amplitude_summary": {
    "per_condition_mean_unit0": [
      0.21141934692859649,
      0.2023707963526249,
      0.21859006583690643,
      0.20702412128448486,
      0.1997535027563572,
      0.198529864102602,
      0.1931947037577629,
      0.21144559234380722,
      0.21268559917807578,
      0.20600635781884194,
      0.19867457151412965,
      0.2045009322464466,
      0.19284575022757053,
      0.2076699659228325,
      0.2007821537554264,
      0.22195008248090745,
      0.19941888153553008,
      0.18250935673713684,
      0.20224941819906234,
      0.2123744860291481,
      0.21741368472576142,
      0.22176685258746148,
      0.2202834352850914,
      0.2001325398683548,
      0.20808407701551915,
      0.2210591122508049,
      0.2054178461432457,
      0.19877525977790356,
      0.21234574541449547,
      0.20093872770667076,
      0.20468745306134223,
      0.19557313323020936,
      0.20806720703840256,
      0.2095798023045063,
      0.19989442303776742,
      0.21352162212133408
    ],
    "grand_mean": 0.20773678843648263,
    "grand_std": 0.009025662124834858
  },
  "rsa_within_between": {
    "within_mean_distance": 3.274227999496873e-06,
    "between_mean_distance": 3.440394062267876e-05,
    "between_minus_within": 3.1129712623181886e-05,
    "n_within_pairs": 6840,
    "n_between_pairs": 252000
  },
  "preference_rank_curve": {
    "ranks": [
      1,
      2,
      3,
      4,
      5,
      6
    ],
    "mean_rate": [
      0.21918842703137972,
      0.21396058160704948,
      0.2090021681853008,
      0.20604025736198917,
      0.20187380761854,
      0.1963554888146367
    ],
    "sem_rate": [
      0.00022709928736366276,
      0.0002276275579511971,
      0.0002331233897225526,
      0.00023241411351589548,
      0.00023104480107448706,
      0.0002301101942399153
    ],
    "suppression_rank1_vs_rank_last": 0.022832938216743037
  },
  "pseudo_voxel_models": {
    "local_gain": {
      "pearson_r_with_pop_mean": 0.9999975515482168,
      "n_voxels": 50
    },
    "local_tuning": {
      "pearson_r_with_pop_mean": -0.26492610893411395,
      "n_voxels": 50
    },
    "remote_gain": {
      "pearson_r_with_pop_mean": 0.9999991942974269,
      "n_voxels": 50
    },
    "remote_tuning": {
      "pearson_r_with_pop_mean": 0.0718482135597765,
      "n_voxels": 50
    },
    "global_gain": {
      "pearson_r_with_pop_mean": 0.9999997319375533,
      "n_voxels": 50
    },
    "global_tuning": {
      "pearson_r_with_pop_mean": 0.11989504268791544,
      "n_voxels": 50
    }
  }
}