{
  "assay": "eval_kok",
  "n_trials_per_condition": 20,
  "cue_mapping": {
    "0": 135.0,
    "1": 45.0
  },
  "orientations_deg": [
    45.0,
    135.0
  ],
  "per_cell_mean_l23": {
    "expected": [
      0.21624550223350525,
      0.2174144685268402,
      0.21725991368293762,
      0.2166682779788971
    ],
    "unexpected": [
      0.2142680138349533,
      0.21542319655418396,
      0.21526741981506348,
      0.21468229591846466
    ],
    "all": [
      0.2152567356824875,
      0.21641883254051208,
      0.21626368165016174,
      0.21567527949810028
    ]
  },
  "n_cell_groups": 4,
  "svm": {
    "all": {
      "mean_accuracy": 0.975,
      "std_accuracy": 0.03061862178478973,
      "per_fold": [
        0.9375,
        1.0,
        0.9375,
        1.0,
        1.0
      ]
    },
    "expected": {
      "mean_accuracy": 0.875,
      "std_accuracy": 0.15811388300841897,
      "per_fold": [
        0.625,
        1.0,
        1.0,
        0.75,
        1.0
      ]
    },
    "unexpected": {
      "mean_accuracy": 0.9,
      "std_accuracy": 0.1457737973711325,
      "per_fold": [
        0.875,
        0.625,
        1.0,
        1.0,
        1.0
      ]
    }
  },
  "pref_nonpref": {
    "pref_expected": 0.21911703795194626,
    "pref_unexpected": 0.21710338443517685,
    "nonpref_expected": 0.2148890495300293,
    "nonpref_unexpected": 0.21294116228818893,
    "asymmetry": 6.576627492904663e-05,
    "n_units_pref_hi": 43,
    "n_units_pref_lo": 213
  }
}