{
  "schema_version": 1,
  "artifact_kind": "native_stage1_ctx_pred_heldout_eval",
  "backend": "native_cxx_cuda_executable",
  "checkpoint": {
    "json_path": "/workspace/neuroips_gpu_migration_20260422/neuroips/expectation_snn/data/checkpoints_native_cpp/stage1_temporal_sweep_20260424_fix2/stage1_ctx_pred_seed42_n48.json",
    "w_path": "/workspace/neuroips_gpu_migration_20260422/neuroips/expectation_snn/data/checkpoints_native_cpp/stage1_temporal_sweep_20260424_fix2/stage1_ctx_pred_seed42_n48.json.W_ctx_pred.f64.bin",
    "content_hash_fnv1a64": "efb95628f4422c09",
    "W_ctx_pred_fnv1a64": "6dc3b9ba24a6fab3",
    "seed": 42,
    "n_trials": 48
  },
  "heldout_schedule_seed": 4242,
  "heldout_schedule_hash_fnv1a64": "3ecbbb834e83ef32",
  "n_trials": 48,
  "phase_steps": {"late_end_step": 5600, "late_start_step": 3800, "leader_end_step": 800, "leader_start_step": 0, "persistence_end_step": 3800, "persistence_start_step": 800, "pretrailer_end_step": 3000, "pretrailer_start_step": 2000, "trailer_end_step": 4800, "trailer_start_step": 4000},
  "schedule": {
    "pairs": [[3,2],[0,1],[3,4],[0,1],[3,4],[2,3],[0,1],[2,3],[4,5],[4,5],[2,3],[5,0],[3,4],[3,4],[5,0],[2,5],[4,3],[0,1],[1,2],[4,5],[0,1],[0,4],[3,4],[5,0],[2,0],[4,5],[3,4],[1,2],[5,0],[4,5],[1,2],[1,2],[3,4],[4,5],[4,5],[2,3],[1,2],[5,0],[5,0],[1,2],[1,2],[5,0],[0,2],[2,3],[1,2],[0,1],[5,0],[2,3]],
    "expected_trailer_idx": [4,1,4,1,4,3,1,3,5,5,3,0,4,4,0,3,5,1,2,5,1,1,4,0,3,5,4,2,0,5,2,2,4,5,5,3,2,0,0,2,2,0,1,3,2,1,0,3],
    "is_expected": [0,1,1,1,1,1,1,1,1,1,1,1,1,1,1,0,0,1,1,1,1,0,1,1,0,1,1,1,1,1,1,1,1,1,1,1,1,1,1,1,1,1,0,1,1,1,1,1],
    "leader_cells": [96,1,98,3,100,69,6,71,136,137,74,171,108,109,174,79,128,1,34,131,4,5,102,167,72,137,106,43,172,141,46,47,96,129,130,67,36,165,166,39,40,169,10,75,44,13,174,79],
    "trailer_cells": [64,33,130,35,132,101,38,103,168,169,106,11,140,141,14,175,96,33,66,163,36,133,134,7,8,169,138,75,12,173,78,79,128,161,162,99,68,5,6,71,72,9,74,107,76,45,14,111]
  },
  "metrics": {"ctx_inh_population_rate_hz": 9.0625000000000018, "ctx_inh_total_spikes": 4176, "ctx_max_cell_rate_hz": 78.333333333333343, "ctx_max_channel_rate_hz": 78.333333333333343, "ctx_population_rate_hz": 6.5277777777777786, "ctx_pred_gate_drive_amp_pA": 400, "ctx_total_spikes": 36096, "forecast_trial_count": 42, "gate_metric_source_native_h_dynamics": 1, "h_context_peak_bin_ms": 10, "h_context_persistence_max_ms": 500, "h_context_persistence_min_ms": 200, "h_context_persistence_ms": 214, "h_context_persistence_pass": 1, "h_prediction_pretrailer_end_step": 3000, "h_prediction_pretrailer_forecast_pass": 1, "h_prediction_pretrailer_forecast_probability": 0.875, "h_prediction_pretrailer_forecast_threshold": 0.25, "h_prediction_pretrailer_start_step": 2000, "n_trials": 48, "no_runaway_max_cell_rate_hz": 223.33333333333334, "no_runaway_max_channel_rate_hz": 223.33333333333334, "no_runaway_max_rate_hz": 25.859375000000004, "no_runaway_pass": 1, "no_runaway_population_max_rate_hz": 25.859375000000004, "no_runaway_threshold_hz": 80, "pred_inh_population_rate_hz": 25.859375000000004, "pred_inh_total_spikes": 11916, "pred_max_cell_rate_hz": 223.33333333333334, "pred_max_channel_rate_hz": 223.33333333333334, "pred_population_rate_hz": 18.593750000000004, "pred_pretrailer_target_spikes": 14112, "pred_total_spikes": 102816},
  "max_cpu_cuda_error": 0,
  "timing_seconds": {"eval": 4.6550075890000002},
  "per_trial": {
    "leader_channels": [6,0,6,0,6,4,0,4,8,8,4,10,6,6,10,4,8,0,2,8,0,0,6,10,4,8,6,2,10,8,2,2,6,8,8,4,2,10,10,2,2,10,0,4,2,0,10,4],
    "trailer_channels": [4,2,8,2,8,6,2,6,10,10,6,0,8,8,0,10,6,2,4,10,2,8,8,0,0,10,8,4,0,10,4,4,8,10,10,6,4,0,0,4,4,0,4,6,4,2,0,6],
    "ctx_persistence_ms_by_trial": [214,214,214,214,214,214,214,214,214,214,214,214,214,214,214,214,214,214,214,214,214,214,214,214,214,214,214,214,214,214,214,214,214,214,214,214,214,214,214,214,214,214,214,214,214,214,214,214],
    "pred_pretrailer_target_counts": [0,336,336,336,336,336,336,336,336,336,336,336,336,336,336,0,0,336,336,336,336,0,336,336,0,336,336,336,336,336,336,336,336,336,336,336,336,336,336,336,336,336,0,336,336,336,336,336],
    "pred_pretrailer_channel_counts": [[0,0,0,0,0,0,0,0,336,0,0,0],[0,0,336,0,0,0,0,0,0,0,0,0],[0,0,0,0,0,0,0,0,336,0,0,0],[0,0,336,0,0,0,0,0,0,0,0,0],[0,0,0,0,0,0,0,0,336,0,0,0],[0,0,0,0,0,0,336,0,0,0,0,0],[0,0,336,0,0,0,0,0,0,0,0,0],[0,0,0,0,0,0,336,0,0,0,0,0],[0,0,0,0,0,0,0,0,0,0,336,0],[0,0,0,0,0,0,0,0,0,0,336,0],[0,0,0,0,0,0,336,0,0,0,0,0],[336,0,0,0,0,0,0,0,0,0,0,0],[0,0,0,0,0,0,0,0,336,0,0,0],[0,0,0,0,0,0,0,0,336,0,0,0],[336,0,0,0,0,0,0,0,0,0,0,0],[0,0,0,0,0,0,336,0,0,0,0,0],[0,0,0,0,0,0,0,0,0,0,336,0],[0,0,336,0,0,0,0,0,0,0,0,0],[0,0,0,0,336,0,0,0,0,0,0,0],[0,0,0,0,0,0,0,0,0,0,336,0],[0,0,336,0,0,0,0,0,0,0,0,0],[0,0,336,0,0,0,0,0,0,0,0,0],[0,0,0,0,0,0,0,0,336,0,0,0],[336,0,0,0,0,0,0,0,0,0,0,0],[0,0,0,0,0,0,336,0,0,0,0,0],[0,0,0,0,0,0,0,0,0,0,336,0],[0,0,0,0,0,0,0,0,336,0,0,0],[0,0,0,0,336,0,0,0,0,0,0,0],[336,0,0,0,0,0,0,0,0,0,0,0],[0,0,0,0,0,0,0,0,0,0,336,0],[0,0,0,0,336,0,0,0,0,0,0,0],[0,0,0,0,336,0,0,0,0,0,0,0],[0,0,0,0,0,0,0,0,336,0,0,0],[0,0,0,0,0,0,0,0,0,0,336,0],[0,0,0,0,0,0,0,0,0,0,336,0],[0,0,0,0,0,0,336,0,0,0,0,0],[0,0,0,0,336,0,0,0,0,0,0,0],[336,0,0,0,0,0,0,0,0,0,0,0],[336,0,0,0,0,0,0,0,0,0,0,0],[0,0,0,0,336,0,0,0,0,0,0,0],[0,0,0,0,336,0,0,0,0,0,0,0],[336,0,0,0,0,0,0,0,0,0,0,0],[0,0,336,0,0,0,0,0,0,0,0,0],[0,0,0,0,0,0,336,0,0,0,0,0],[0,0,0,0,336,0,0,0,0,0,0,0],[0,0,336,0,0,0,0,0,0,0,0,0],[336,0,0,0,0,0,0,0,0,0,0,0],[0,0,0,0,0,0,336,0,0,0,0,0]]
  },
  "content_hash_fnv1a64": "c9f3863b3f4d4b4c"
}
