species,source_asset,source_mesh_file,glb_mesh_name,structure_id,acronym,label,group,parent_id,hemisphere,catalog_status,notes
mouse,source/structure_graph_1.json;source/structure_meshes,source/structure_meshes/1.obj,1,1,TMv,"Tuberomammillary nucleus, ventral part",Basic cell groups and regions,557,bilateral,mesh_with_ontology,"ontology_path=root > Basic cell groups and regions > Brain stem > Interbrain > Hypothalamus > Hypothalamic medial zone > Mammillary body > Tuberomammillary nucleus > Tuberomammillary nucleus, ventral part"
mouse,source/structure_graph_1.json;source/structure_meshes,source/structure_meshes/2.obj,2,2,SSp-m6b,"Primary somatosensory area, mouth, layer 6b",Basic cell groups and regions,345,bilateral,mesh_with_ontology,"ontology_path=root > Basic cell groups and regions > Cerebrum > Cerebral cortex > Cortical plate > Isocortex > Somatosensory areas > Primary somatosensory area > Primary somatosensory area, mouth > Primary somatosensory area, mouth, layer 6b"
mouse,source/structure_graph_1.json;source/structure_meshes,source/structure_meshes/4.obj,4,4,IC,Inferior colliculus,Basic cell groups and regions,339,bilateral,mesh_with_ontology,"ontology_path=root > Basic cell groups and regions > Brain stem > Midbrain > Midbrain, sensory related > Inferior colliculus"
mouse,source/structure_graph_1.json;source/structure_meshes,source/structure_meshes/6.obj,6,6,int,internal capsule,fiber tracts,784,bilateral,mesh_with_ontology,ontology_path=root > fiber tracts > lateral forebrain bundle system > corticospinal tract > internal capsule
mouse,source/structure_graph_1.json;source/structure_meshes,source/structure_meshes/7.obj,7,7,PSV,Principal sensory nucleus of the trigeminal,Basic cell groups and regions,1132,bilateral,mesh_with_ontology,"ontology_path=root > Basic cell groups and regions > Brain stem > Hindbrain > Pons > Pons, sensory related > Principal sensory nucleus of the trigeminal"
mouse,source/structure_graph_1.json;source/structure_meshes,source/structure_meshes/8.obj,8,8,grey,Basic cell groups and regions,Basic cell groups and regions,997,bilateral,mesh_with_ontology,ontology_path=root > Basic cell groups and regions
mouse,source/structure_graph_1.json;source/structure_meshes,source/structure_meshes/9.obj,9,9,SSp-tr6a,"Primary somatosensory area, trunk, layer 6a",Basic cell groups and regions,361,bilateral,mesh_with_ontology,"ontology_path=root > Basic cell groups and regions > Cerebrum > Cerebral cortex > Cortical plate > Isocortex > Somatosensory areas > Primary somatosensory area > Primary somatosensory area, trunk > Primary somatosensory area, trunk, layer 6a"
mouse,source/structure_graph_1.json;source/structure_meshes,source/structure_meshes/10.obj,10,10,SCig,"Superior colliculus, motor related, intermediate gray layer",Basic cell groups and regions,294,bilateral,mesh_with_ontology,"ontology_path=root > Basic cell groups and regions > Brain stem > Midbrain > Midbrain, motor related > Superior colliculus, motor related > Superior colliculus, motor related, intermediate gray layer"
mouse,source/structure_graph_1.json;source/structure_meshes,source/structure_meshes/12.obj,12,12,IF,Interfascicular nucleus raphe,Basic cell groups and regions,165,bilateral,mesh_with_ontology,"ontology_path=root > Basic cell groups and regions > Brain stem > Midbrain > Midbrain, behavioral state related > Midbrain raphe nuclei > Interfascicular nucleus raphe"
mouse,source/structure_graph_1.json;source/structure_meshes,source/structure_meshes/15.obj,15,15,PT,Parataenial nucleus,Basic cell groups and regions,571,bilateral,mesh_with_ontology,"ontology_path=root > Basic cell groups and regions > Brain stem > Interbrain > Thalamus > Thalamus, polymodal association cortex related > Midline group of the dorsal thalamus > Parataenial nucleus"
mouse,source/structure_graph_1.json;source/structure_meshes,source/structure_meshes/17.obj,17,17,SCiw,"Superior colliculus, motor related, intermediate white layer",Basic cell groups and regions,294,bilateral,mesh_with_ontology,"ontology_path=root > Basic cell groups and regions > Brain stem > Midbrain > Midbrain, motor related > Superior colliculus, motor related > Superior colliculus, motor related, intermediate white layer"
mouse,source/structure_graph_1.json;source/structure_meshes,source/structure_meshes/19.obj,19,19,IG,Induseum griseum,Basic cell groups and regions,1080,bilateral,mesh_with_ontology,ontology_path=root > Basic cell groups and regions > Cerebrum > Cerebral cortex > Cortical plate > Hippocampal formation > Hippocampal region > Induseum griseum
mouse,source/structure_graph_1.json;source/structure_meshes,source/structure_meshes/20.obj,20,20,ENTl2,"Entorhinal area, lateral part, layer 2",Basic cell groups and regions,918,bilateral,mesh_with_ontology,"ontology_path=root > Basic cell groups and regions > Cerebrum > Cerebral cortex > Cortical plate > Hippocampal formation > Retrohippocampal region > Entorhinal area > Entorhinal area, lateral part > Entorhinal area, lateral part, layer 2"
mouse,source/structure_graph_1.json;source/structure_meshes,source/structure_meshes/21.obj,21,21,lotg,"lateral olfactory tract, general",fiber tracts,840,bilateral,mesh_with_ontology,"ontology_path=root > fiber tracts > cranial nerves > olfactory nerve > lateral olfactory tract, general"
mouse,source/structure_graph_1.json;source/structure_meshes,source/structure_meshes/22.obj,22,22,PTLp,Posterior parietal association areas,Basic cell groups and regions,315,bilateral,mesh_with_ontology,ontology_path=root > Basic cell groups and regions > Cerebrum > Cerebral cortex > Cortical plate > Isocortex > Posterior parietal association areas
mouse,source/structure_graph_1.json;source/structure_meshes,source/structure_meshes/23.obj,23,23,AAA,Anterior amygdalar area,Basic cell groups and regions,278,bilateral,mesh_with_ontology,ontology_path=root > Basic cell groups and regions > Cerebrum > Cerebral nuclei > Striatum > Striatum-like amygdalar nuclei > Anterior amygdalar area
mouse,source/structure_graph_1.json;source/structure_meshes,source/structure_meshes/26.obj,26,26,SCdg,"Superior colliculus, motor related, deep gray layer",Basic cell groups and regions,294,bilateral,mesh_with_ontology,"ontology_path=root > Basic cell groups and regions > Brain stem > Midbrain > Midbrain, motor related > Superior colliculus, motor related > Superior colliculus, motor related, deep gray layer"
mouse,source/structure_graph_1.json;source/structure_meshes,source/structure_meshes/27.obj,27,27,IGL,Intergeniculate leaflet of the lateral geniculate complex,Basic cell groups and regions,1014,bilateral,mesh_with_ontology,"ontology_path=root > Basic cell groups and regions > Brain stem > Interbrain > Thalamus > Thalamus, polymodal association cortex related > Geniculate group, ventral thalamus > Intergeniculate leaflet of the lateral geniculate complex"
mouse,source/structure_graph_1.json;source/structure_meshes,source/structure_meshes/28.obj,28,28,ENTl6a,"Entorhinal area, lateral part, layer 6a",Basic cell groups and regions,918,bilateral,mesh_with_ontology,"ontology_path=root > Basic cell groups and regions > Cerebrum > Cerebral cortex > Cortical plate > Hippocampal formation > Retrohippocampal region > Entorhinal area > Entorhinal area, lateral part > Entorhinal area, lateral part, layer 6a"
mouse,source/structure_graph_1.json;source/structure_meshes,source/structure_meshes/30.obj,30,30,PVa,"Periventricular hypothalamic nucleus, anterior part",Basic cell groups and regions,157,bilateral,mesh_with_ontology,"ontology_path=root > Basic cell groups and regions > Brain stem > Interbrain > Hypothalamus > Periventricular zone > Periventricular hypothalamic nucleus, anterior part"
mouse,source/structure_graph_1.json;source/structure_meshes,source/structure_meshes/31.obj,31,31,ACA,Anterior cingulate area,Basic cell groups and regions,315,bilateral,mesh_with_ontology,ontology_path=root > Basic cell groups and regions > Cerebrum > Cerebral cortex > Cortical plate > Isocortex > Anterior cingulate area
mouse,source/structure_graph_1.json;source/structure_meshes,source/structure_meshes/33.obj,33,33,VISp6a,"Primary visual area, layer 6a",Basic cell groups and regions,385,bilateral,mesh_with_ontology,"ontology_path=root > Basic cell groups and regions > Cerebrum > Cerebral cortex > Cortical plate > Isocortex > Visual areas > Primary visual area > Primary visual area, layer 6a"
mouse,source/structure_graph_1.json;source/structure_meshes,source/structure_meshes/35.obj,35,35,III,Oculomotor nucleus,Basic cell groups and regions,323,bilateral,mesh_with_ontology,"ontology_path=root > Basic cell groups and regions > Brain stem > Midbrain > Midbrain, motor related > Oculomotor nucleus"
mouse,source/structure_graph_1.json;source/structure_meshes,source/structure_meshes/36.obj,36,36,GU1,"Gustatory areas, layer 1",Basic cell groups and regions,1057,bilateral,mesh_with_ontology,"ontology_path=root > Basic cell groups and regions > Cerebrum > Cerebral cortex > Cortical plate > Isocortex > Gustatory areas > Gustatory areas, layer 1"
mouse,source/structure_graph_1.json;source/structure_meshes,source/structure_meshes/38.obj,38,38,PVH,Paraventricular hypothalamic nucleus,Basic cell groups and regions,157,bilateral,mesh_with_ontology,ontology_path=root > Basic cell groups and regions > Brain stem > Interbrain > Hypothalamus > Periventricular zone > Paraventricular hypothalamic nucleus
mouse,source/structure_graph_1.json;source/structure_meshes,source/structure_meshes/39.obj,39,39,ACAd,"Anterior cingulate area, dorsal part",Basic cell groups and regions,31,bilateral,mesh_with_ontology,"ontology_path=root > Basic cell groups and regions > Cerebrum > Cerebral cortex > Cortical plate > Isocortex > Anterior cingulate area > Anterior cingulate area, dorsal part"
mouse,source/structure_graph_1.json;source/structure_meshes,source/structure_meshes/41.obj,41,41,VISpm2/3,"posteromedial visual area, layer 2/3",Basic cell groups and regions,533,bilateral,mesh_with_ontology,"ontology_path=root > Basic cell groups and regions > Cerebrum > Cerebral cortex > Cortical plate > Isocortex > Visual areas > posteromedial visual area > posteromedial visual area, layer 2/3"
mouse,source/structure_graph_1.json;source/structure_meshes,source/structure_meshes/42.obj,42,42,SCdw,"Superior colliculus, motor related, deep white layer",Basic cell groups and regions,294,bilateral,mesh_with_ontology,"ontology_path=root > Basic cell groups and regions > Brain stem > Midbrain > Midbrain, motor related > Superior colliculus, motor related > Superior colliculus, motor related, deep white layer"
mouse,source/structure_graph_1.json;source/structure_meshes,source/structure_meshes/44.obj,44,44,ILA,Infralimbic area,Basic cell groups and regions,315,bilateral,mesh_with_ontology,ontology_path=root > Basic cell groups and regions > Cerebrum > Cerebral cortex > Cortical plate > Isocortex > Infralimbic area
mouse,source/structure_graph_1.json;source/structure_meshes,source/structure_meshes/46.obj,46,46,mfbsma,mammillary related,fiber tracts,824,bilateral,mesh_with_ontology,ontology_path=root > fiber tracts > medial forebrain bundle system > hypothalamus related > mammillary related
mouse,source/structure_graph_1.json;source/structure_meshes,source/structure_meshes/48.obj,48,48,ACAv,"Anterior cingulate area, ventral part",Basic cell groups and regions,31,bilateral,mesh_with_ontology,"ontology_path=root > Basic cell groups and regions > Cerebrum > Cerebral cortex > Cortical plate > Isocortex > Anterior cingulate area > Anterior cingulate area, ventral part"
mouse,source/structure_graph_1.json;source/structure_meshes,source/structure_meshes/50.obj,50,50,PRC,Precommissural nucleus,Basic cell groups and regions,795,bilateral,mesh_with_ontology,"ontology_path=root > Basic cell groups and regions > Brain stem > Midbrain > Midbrain, motor related > Periaqueductal gray > Precommissural nucleus"
mouse,source/structure_graph_1.json;source/structure_meshes,source/structure_meshes/51.obj,51,51,ILM,Intralaminar nuclei of the dorsal thalamus,Basic cell groups and regions,856,bilateral,mesh_with_ontology,"ontology_path=root > Basic cell groups and regions > Brain stem > Interbrain > Thalamus > Thalamus, polymodal association cortex related > Intralaminar nuclei of the dorsal thalamus"
mouse,source/structure_graph_1.json;source/structure_meshes,source/structure_meshes/52.obj,52,52,ENTl3,"Entorhinal area, lateral part, layer 3",Basic cell groups and regions,918,bilateral,mesh_with_ontology,"ontology_path=root > Basic cell groups and regions > Cerebrum > Cerebral cortex > Cortical plate > Hippocampal formation > Retrohippocampal region > Entorhinal area > Entorhinal area, lateral part > Entorhinal area, lateral part, layer 3"
mouse,source/structure_graph_1.json;source/structure_meshes,source/structure_meshes/54.obj,54,54,mfb,medial forebrain bundle,fiber tracts,824,bilateral,mesh_with_ontology,ontology_path=root > fiber tracts > medial forebrain bundle system > hypothalamus related > medial forebrain bundle
mouse,source/structure_graph_1.json;source/structure_meshes,source/structure_meshes/56.obj,56,56,ACB,Nucleus accumbens,Basic cell groups and regions,493,bilateral,mesh_with_ontology,ontology_path=root > Basic cell groups and regions > Cerebrum > Cerebral nuclei > Striatum > Striatum ventral region > Nucleus accumbens
mouse,source/structure_graph_1.json;source/structure_meshes,source/structure_meshes/58.obj,58,58,MT,Medial terminal nucleus of the accessory optic tract,Basic cell groups and regions,323,bilateral,mesh_with_ontology,"ontology_path=root > Basic cell groups and regions > Brain stem > Midbrain > Midbrain, motor related > Medial terminal nucleus of the accessory optic tract"
mouse,source/structure_graph_1.json;source/structure_meshes,source/structure_meshes/59.obj,59,59,IMD,Intermediodorsal nucleus of the thalamus,Basic cell groups and regions,444,bilateral,mesh_with_ontology,"ontology_path=root > Basic cell groups and regions > Brain stem > Interbrain > Thalamus > Thalamus, polymodal association cortex related > Medial group of the dorsal thalamus > Intermediodorsal nucleus of the thalamus"
mouse,source/structure_graph_1.json;source/structure_meshes,source/structure_meshes/62.obj,62,62,mlf,medial longitudinal fascicle,fiber tracts,832,bilateral,mesh_with_ontology,ontology_path=root > fiber tracts > cranial nerves > oculomotor nerve > medial longitudinal fascicle
mouse,source/structure_graph_1.json;source/structure_meshes,source/structure_meshes/63.obj,63,63,PVHd,"Paraventricular hypothalamic nucleus, descending division",Basic cell groups and regions,467,bilateral,mesh_with_ontology,"ontology_path=root > Basic cell groups and regions > Brain stem > Interbrain > Hypothalamus > Hypothalamic medial zone > Paraventricular hypothalamic nucleus, descending division"
mouse,source/structure_graph_1.json;source/structure_meshes,source/structure_meshes/64.obj,64,64,AD,Anterodorsal nucleus,Basic cell groups and regions,239,bilateral,mesh_with_ontology,"ontology_path=root > Basic cell groups and regions > Brain stem > Interbrain > Thalamus > Thalamus, polymodal association cortex related > Anterior group of the dorsal thalamus > Anterodorsal nucleus"
mouse,source/structure_graph_1.json;source/structure_meshes,source/structure_meshes/66.obj,66,66,LT,Lateral terminal nucleus of the accessory optic tract,Basic cell groups and regions,323,bilateral,mesh_with_ontology,"ontology_path=root > Basic cell groups and regions > Brain stem > Midbrain > Midbrain, motor related > Lateral terminal nucleus of the accessory optic tract"
mouse,source/structure_graph_1.json;source/structure_meshes,source/structure_meshes/67.obj,67,67,INC,Interstitial nucleus of Cajal,Basic cell groups and regions,795,bilateral,mesh_with_ontology,"ontology_path=root > Basic cell groups and regions > Brain stem > Midbrain > Midbrain, motor related > Periaqueductal gray > Interstitial nucleus of Cajal"
mouse,source/structure_graph_1.json;source/structure_meshes,source/structure_meshes/68.obj,68,68,FRP1,"Frontal pole, layer 1",Basic cell groups and regions,184,bilateral,mesh_with_ontology,"ontology_path=root > Basic cell groups and regions > Cerebrum > Cerebral cortex > Cortical plate > Isocortex > Frontal pole, cerebral cortex > Frontal pole, layer 1"
mouse,source/structure_graph_1.json;source/structure_meshes,source/structure_meshes/72.obj,72,72,ADP,Anterodorsal preoptic nucleus,Basic cell groups and regions,141,bilateral,mesh_with_ontology,ontology_path=root > Basic cell groups and regions > Brain stem > Interbrain > Hypothalamus > Periventricular region > Anterodorsal preoptic nucleus
mouse,source/structure_graph_1.json;source/structure_meshes,source/structure_meshes/73.obj,73,73,VS,ventricular systems,ventricular systems,997,bilateral,mesh_with_ontology,ontology_path=root > ventricular systems
mouse,source/structure_graph_1.json;source/structure_meshes,source/structure_meshes/74.obj,74,74,VISl6a,"Lateral visual area, layer 6a",Basic cell groups and regions,409,bilateral,mesh_with_ontology,"ontology_path=root > Basic cell groups and regions > Cerebrum > Cerebral cortex > Cortical plate > Isocortex > Visual areas > Lateral visual area > Lateral visual area, layer 6a"
mouse,source/structure_graph_1.json;source/structure_meshes,source/structure_meshes/75.obj,75,75,DT,Dorsal terminal nucleus of the accessory optic tract,Basic cell groups and regions,323,bilateral,mesh_with_ontology,"ontology_path=root > Basic cell groups and regions > Brain stem > Midbrain > Midbrain, motor related > Dorsal terminal nucleus of the accessory optic tract"
mouse,source/structure_graph_1.json;source/structure_meshes,source/structure_meshes/78.obj,78,78,mcp,middle cerebellar peduncle,fiber tracts,752,bilateral,mesh_with_ontology,ontology_path=root > fiber tracts > cerebellum related fiber tracts > cerebellar peduncles > middle cerebellar peduncle
mouse,source/structure_graph_1.json;source/structure_meshes,source/structure_meshes/81.obj,81,81,VL,lateral ventricle,ventricular systems,73,bilateral,mesh_with_ontology,ontology_path=root > ventricular systems > lateral ventricle
mouse,source/structure_graph_1.json;source/structure_meshes,source/structure_meshes/83.obj,83,83,IO,Inferior olivary complex,Basic cell groups and regions,370,bilateral,mesh_with_ontology,"ontology_path=root > Basic cell groups and regions > Brain stem > Hindbrain > Medulla > Medulla, motor related > Inferior olivary complex"
mouse,source/structure_graph_1.json;source/structure_meshes,source/structure_meshes/84.obj,84,84,PL6a,"Prelimbic area, layer 6a",Basic cell groups and regions,972,bilateral,mesh_with_ontology,"ontology_path=root > Basic cell groups and regions > Cerebrum > Cerebral cortex > Cortical plate > Isocortex > Prelimbic area > Prelimbic area, layer 6a"
mouse,source/structure_graph_1.json;source/structure_meshes,source/structure_meshes/88.obj,88,88,AHN,Anterior hypothalamic nucleus,Basic cell groups and regions,467,bilateral,mesh_with_ontology,ontology_path=root > Basic cell groups and regions > Brain stem > Interbrain > Hypothalamus > Hypothalamic medial zone > Anterior hypothalamic nucleus
mouse,source/structure_graph_1.json;source/structure_meshes,source/structure_meshes/91.obj,91,91,IP,Interposed nucleus,Basic cell groups and regions,519,bilateral,mesh_with_ontology,ontology_path=root > Basic cell groups and regions > Cerebellum > Cerebellar nuclei > Interposed nucleus
mouse,source/structure_graph_1.json;source/structure_meshes,source/structure_meshes/93.obj,93,93,moV,motor root of the trigeminal nerve,fiber tracts,901,bilateral,mesh_with_ontology,ontology_path=root > fiber tracts > cranial nerves > trigeminal nerve > motor root of the trigeminal nerve
mouse,source/structure_graph_1.json;source/structure_meshes,source/structure_meshes/95.obj,95,95,AI,Agranular insular area,Basic cell groups and regions,315,bilateral,mesh_with_ontology,ontology_path=root > Basic cell groups and regions > Cerebrum > Cerebral cortex > Cortical plate > Isocortex > Agranular insular area
mouse,source/structure_graph_1.json;source/structure_meshes,source/structure_meshes/96.obj,96,96,DCO,Dorsal cochlear nucleus,Basic cell groups and regions,607,bilateral,mesh_with_ontology,"ontology_path=root > Basic cell groups and regions > Brain stem > Hindbrain > Medulla > Medulla, sensory related > Cochlear nuclei > Dorsal cochlear nucleus"
mouse,source/structure_graph_1.json;source/structure_meshes,source/structure_meshes/97.obj,97,97,TEa1,"Temporal association areas, layer 1",Basic cell groups and regions,541,bilateral,mesh_with_ontology,"ontology_path=root > Basic cell groups and regions > Cerebrum > Cerebral cortex > Cortical plate > Isocortex > Temporal association areas > Temporal association areas, layer 1"
mouse,source/structure_graph_1.json;source/structure_meshes,source/structure_meshes/98.obj,98,98,SEZ,subependymal zone,ventricular systems,81,bilateral,mesh_with_ontology,ontology_path=root > ventricular systems > lateral ventricle > subependymal zone
mouse,source/structure_graph_1.json;source/structure_meshes,source/structure_meshes/100.obj,100,100,IPN,Interpeduncular nucleus,Basic cell groups and regions,165,bilateral,mesh_with_ontology,"ontology_path=root > Basic cell groups and regions > Brain stem > Midbrain > Midbrain, behavioral state related > Midbrain raphe nuclei > Interpeduncular nucleus"
mouse,source/structure_graph_1.json;source/structure_meshes,source/structure_meshes/101.obj,101,101,VCO,Ventral cochlear nucleus,Basic cell groups and regions,607,bilateral,mesh_with_ontology,"ontology_path=root > Basic cell groups and regions > Brain stem > Hindbrain > Medulla > Medulla, sensory related > Cochlear nuclei > Ventral cochlear nucleus"
mouse,source/structure_graph_1.json;source/structure_meshes,source/structure_meshes/102.obj,102,102,nst,nigrostriatal tract,fiber tracts,760,bilateral,mesh_with_ontology,ontology_path=root > fiber tracts > extrapyramidal fiber systems > cerebral nuclei related > nigrostriatal tract
mouse,source/structure_graph_1.json;source/structure_meshes,source/structure_meshes/104.obj,104,104,AId,"Agranular insular area, dorsal part",Basic cell groups and regions,95,bilateral,mesh_with_ontology,"ontology_path=root > Basic cell groups and regions > Cerebrum > Cerebral cortex > Cortical plate > Isocortex > Agranular insular area > Agranular insular area, dorsal part"
mouse,source/structure_graph_1.json;source/structure_meshes,source/structure_meshes/105.obj,105,105,SOCm,"Superior olivary complex, medial part",Basic cell groups and regions,398,bilateral,mesh_with_ontology,"ontology_path=root > Basic cell groups and regions > Brain stem > Hindbrain > Pons > Pons, sensory related > Superior olivary complex > Superior olivary complex, medial part"
mouse,source/structure_graph_1.json;source/structure_meshes,source/structure_meshes/106.obj,106,106,ISN,Inferior salivatory nucleus,Basic cell groups and regions,370,bilateral,mesh_with_ontology,"ontology_path=root > Basic cell groups and regions > Brain stem > Hindbrain > Medulla > Medulla, motor related > Inferior salivatory nucleus"
mouse,source/structure_graph_1.json;source/structure_meshes,source/structure_meshes/108.obj,108,108,chpl,choroid plexus,ventricular systems,81,bilateral,mesh_with_ontology,ontology_path=root > ventricular systems > lateral ventricle > choroid plexus
mouse,source/structure_graph_1.json;source/structure_meshes,source/structure_meshes/111.obj,111,111,AIp,"Agranular insular area, posterior part",Basic cell groups and regions,95,bilateral,mesh_with_ontology,"ontology_path=root > Basic cell groups and regions > Cerebrum > Cerebral cortex > Cortical plate > Isocortex > Agranular insular area > Agranular insular area, posterior part"
mouse,source/structure_graph_1.json;source/structure_meshes,source/structure_meshes/113.obj,113,113,SSp-ll2/3,"Primary somatosensory area, lower limb, layer 2/3",Basic cell groups and regions,337,bilateral,mesh_with_ontology,"ontology_path=root > Basic cell groups and regions > Cerebrum > Cerebral cortex > Cortical plate > Isocortex > Somatosensory areas > Primary somatosensory area > Primary somatosensory area, lower limb > Primary somatosensory area, lower limb, layer 2/3"
mouse,source/structure_graph_1.json;source/structure_meshes,source/structure_meshes/114.obj,114,114,SOCl,"Superior olivary complex, lateral part",Basic cell groups and regions,398,bilateral,mesh_with_ontology,"ontology_path=root > Basic cell groups and regions > Brain stem > Hindbrain > Pons > Pons, sensory related > Superior olivary complex > Superior olivary complex, lateral part"
mouse,source/structure_graph_1.json;source/structure_meshes,source/structure_meshes/115.obj,115,115,IV,Trochlear nucleus,Basic cell groups and regions,323,bilateral,mesh_with_ontology,"ontology_path=root > Basic cell groups and regions > Brain stem > Midbrain > Midbrain, motor related > Trochlear nucleus"
mouse,source/structure_graph_1.json;source/structure_meshes,source/structure_meshes/117.obj,117,117,och,optic chiasm,fiber tracts,848,bilateral,mesh_with_ontology,ontology_path=root > fiber tracts > cranial nerves > optic nerve > optic chiasm
mouse,source/structure_graph_1.json;source/structure_meshes,source/structure_meshes/118.obj,118,118,PVi,"Periventricular hypothalamic nucleus, intermediate part",Basic cell groups and regions,157,bilateral,mesh_with_ontology,"ontology_path=root > Basic cell groups and regions > Brain stem > Interbrain > Hypothalamus > Periventricular zone > Periventricular hypothalamic nucleus, intermediate part"
mouse,source/structure_graph_1.json;source/structure_meshes,source/structure_meshes/119.obj,119,119,AIv,"Agranular insular area, ventral part",Basic cell groups and regions,95,bilateral,mesh_with_ontology,"ontology_path=root > Basic cell groups and regions > Cerebrum > Cerebral cortex > Cortical plate > Isocortex > Agranular insular area > Agranular insular area, ventral part"
mouse,source/structure_graph_1.json;source/structure_meshes,source/structure_meshes/120.obj,120,120,AIp1,"Agranular insular area, posterior part, layer 1",Basic cell groups and regions,111,bilateral,mesh_with_ontology,"ontology_path=root > Basic cell groups and regions > Cerebrum > Cerebral cortex > Cortical plate > Isocortex > Agranular insular area > Agranular insular area, posterior part > Agranular insular area, posterior part, layer 1"
mouse,source/structure_graph_1.json;source/structure_meshes,source/structure_meshes/121.obj,121,121,VISl6b,"Lateral visual area, layer 6b",Basic cell groups and regions,409,bilateral,mesh_with_ontology,"ontology_path=root > Basic cell groups and regions > Cerebrum > Cerebral cortex > Cortical plate > Isocortex > Visual areas > Lateral visual area > Lateral visual area, layer 6b"
mouse,source/structure_graph_1.json;source/structure_meshes,source/structure_meshes/122.obj,122,122,POR,"Superior olivary complex, periolivary region",Basic cell groups and regions,398,bilateral,mesh_with_ontology,"ontology_path=root > Basic cell groups and regions > Brain stem > Hindbrain > Pons > Pons, sensory related > Superior olivary complex > Superior olivary complex, periolivary region"
mouse,source/structure_graph_1.json;source/structure_meshes,source/structure_meshes/123.obj,123,123,KF,Koelliker-Fuse subnucleus,Basic cell groups and regions,867,bilateral,mesh_with_ontology,"ontology_path=root > Basic cell groups and regions > Brain stem > Hindbrain > Pons > Pons, sensory related > Parabrachial nucleus > Koelliker-Fuse subnucleus"
mouse,source/structure_graph_1.json;source/structure_meshes,source/structure_meshes/125.obj,125,125,opt,optic tract,fiber tracts,848,bilateral,mesh_with_ontology,ontology_path=root > fiber tracts > cranial nerves > optic nerve > optic tract
mouse,source/structure_graph_1.json;source/structure_meshes,source/structure_meshes/126.obj,126,126,PVp,"Periventricular hypothalamic nucleus, posterior part",Basic cell groups and regions,141,bilateral,mesh_with_ontology,"ontology_path=root > Basic cell groups and regions > Brain stem > Interbrain > Hypothalamus > Periventricular region > Periventricular hypothalamic nucleus, posterior part"
mouse,source/structure_graph_1.json;source/structure_meshes,source/structure_meshes/127.obj,127,127,AM,Anteromedial nucleus,Basic cell groups and regions,239,bilateral,mesh_with_ontology,"ontology_path=root > Basic cell groups and regions > Brain stem > Interbrain > Thalamus > Thalamus, polymodal association cortex related > Anterior group of the dorsal thalamus > Anteromedial nucleus"
mouse,source/structure_graph_1.json;source/structure_meshes,source/structure_meshes/128.obj,128,128,MRN,Midbrain reticular nucleus,Basic cell groups and regions,323,bilateral,mesh_with_ontology,"ontology_path=root > Basic cell groups and regions > Brain stem > Midbrain > Midbrain, motor related > Midbrain reticular nucleus"
mouse,source/structure_graph_1.json;source/structure_meshes,source/structure_meshes/129.obj,129,129,V3,third ventricle,ventricular systems,73,bilateral,mesh_with_ontology,ontology_path=root > ventricular systems > third ventricle
mouse,source/structure_graph_1.json;source/structure_meshes,source/structure_meshes/131.obj,131,131,LA,Lateral amygdalar nucleus,Basic cell groups and regions,703,bilateral,mesh_with_ontology,ontology_path=root > Basic cell groups and regions > Cerebrum > Cerebral cortex > Cortical subplate > Lateral amygdalar nucleus
mouse,source/structure_graph_1.json;source/structure_meshes,source/structure_meshes/132.obj,132,132,PL6b,"Prelimbic area, layer 6b",Basic cell groups and regions,972,bilateral,mesh_with_ontology,"ontology_path=root > Basic cell groups and regions > Cerebrum > Cerebral cortex > Cortical plate > Isocortex > Prelimbic area > Prelimbic area, layer 6b"
mouse,source/structure_graph_1.json;source/structure_meshes,source/structure_meshes/133.obj,133,133,PVpo,"Periventricular hypothalamic nucleus, preoptic part",Basic cell groups and regions,141,bilateral,mesh_with_ontology,"ontology_path=root > Basic cell groups and regions > Brain stem > Interbrain > Hypothalamus > Periventricular region > Periventricular hypothalamic nucleus, preoptic part"
mouse,source/structure_graph_1.json;source/structure_meshes,source/structure_meshes/135.obj,135,135,AMB,Nucleus ambiguus,Basic cell groups and regions,370,bilateral,mesh_with_ontology,"ontology_path=root > Basic cell groups and regions > Brain stem > Hindbrain > Medulla > Medulla, motor related > Nucleus ambiguus"
mouse,source/structure_graph_1.json;source/structure_meshes,source/structure_meshes/136.obj,136,136,IRN,Intermediate reticular nucleus,Basic cell groups and regions,370,bilateral,mesh_with_ontology,"ontology_path=root > Basic cell groups and regions > Brain stem > Hindbrain > Medulla > Medulla, motor related > Intermediate reticular nucleus"
mouse,source/structure_graph_1.json;source/structure_meshes,source/structure_meshes/138.obj,138,138,LAT,Lateral group of the dorsal thalamus,Basic cell groups and regions,856,bilateral,mesh_with_ontology,"ontology_path=root > Basic cell groups and regions > Brain stem > Interbrain > Thalamus > Thalamus, polymodal association cortex related > Lateral group of the dorsal thalamus"
mouse,source/structure_graph_1.json;source/structure_meshes,source/structure_meshes/139.obj,139,139,ENTl5,"Entorhinal area, lateral part, layer 5",Basic cell groups and regions,918,bilateral,mesh_with_ontology,"ontology_path=root > Basic cell groups and regions > Cerebrum > Cerebral cortex > Cortical plate > Hippocampal formation > Retrohippocampal region > Entorhinal area > Entorhinal area, lateral part > Entorhinal area, lateral part, layer 5"
mouse,source/structure_graph_1.json;source/structure_meshes,source/structure_meshes/140.obj,140,140,AQ,cerebral aqueduct,ventricular systems,73,bilateral,mesh_with_ontology,ontology_path=root > ventricular systems > cerebral aqueduct
mouse,source/structure_graph_1.json;source/structure_meshes,source/structure_meshes/141.obj,141,141,PVR,Periventricular region,Basic cell groups and regions,1097,bilateral,mesh_with_ontology,ontology_path=root > Basic cell groups and regions > Brain stem > Interbrain > Hypothalamus > Periventricular region
mouse,source/structure_graph_1.json;source/structure_meshes,source/structure_meshes/143.obj,143,143,AMBv,"Nucleus ambiguus, ventral division",Basic cell groups and regions,135,bilateral,mesh_with_ontology,"ontology_path=root > Basic cell groups and regions > Brain stem > Hindbrain > Medulla > Medulla, motor related > Nucleus ambiguus > Nucleus ambiguus, ventral division"
mouse,source/structure_graph_1.json;source/structure_meshes,source/structure_meshes/145.obj,145,145,V4,fourth ventricle,ventricular systems,73,bilateral,mesh_with_ontology,ontology_path=root > ventricular systems > fourth ventricle
mouse,source/structure_graph_1.json;source/structure_meshes,source/structure_meshes/146.obj,146,146,PRNr,Pontine reticular nucleus,Basic cell groups and regions,1117,bilateral,mesh_with_ontology,"ontology_path=root > Basic cell groups and regions > Brain stem > Hindbrain > Pons > Pons, behavioral state related > Pontine reticular nucleus"
mouse,source/structure_graph_1.json;source/structure_meshes,source/structure_meshes/147.obj,147,147,LC,Locus ceruleus,Basic cell groups and regions,1117,bilateral,mesh_with_ontology,"ontology_path=root > Basic cell groups and regions > Brain stem > Hindbrain > Pons > Pons, behavioral state related > Locus ceruleus"
mouse,source/structure_graph_1.json;source/structure_meshes,source/structure_meshes/148.obj,148,148,GU4,"Gustatory areas, layer 4",Basic cell groups and regions,1057,bilateral,mesh_with_ontology,"ontology_path=root > Basic cell groups and regions > Cerebrum > Cerebral cortex > Cortical plate > Isocortex > Gustatory areas > Gustatory areas, layer 4"
mouse,source/structure_graph_1.json;source/structure_meshes,source/structure_meshes/149.obj,149,149,PVT,Paraventricular nucleus of the thalamus,Basic cell groups and regions,571,bilateral,mesh_with_ontology,"ontology_path=root > Basic cell groups and regions > Brain stem > Interbrain > Thalamus > Thalamus, polymodal association cortex related > Midline group of the dorsal thalamus > Paraventricular nucleus of the thalamus"
mouse,source/structure_graph_1.json;source/structure_meshes,source/structure_meshes/151.obj,151,151,AOB,Accessory olfactory bulb,Basic cell groups and regions,698,bilateral,mesh_with_ontology,ontology_path=root > Basic cell groups and regions > Cerebrum > Cerebral cortex > Cortical plate > Olfactory areas > Accessory olfactory bulb
mouse,source/structure_graph_1.json;source/structure_meshes,source/structure_meshes/153.obj,153,153,V4r,lateral recess,ventricular systems,145,bilateral,mesh_with_ontology,ontology_path=root > ventricular systems > fourth ventricle > lateral recess
mouse,source/structure_graph_1.json;source/structure_meshes,source/structure_meshes/154.obj,154,154,PHY,Perihypoglossal nuclei,Basic cell groups and regions,370,bilateral,mesh_with_ontology,"ontology_path=root > Basic cell groups and regions > Brain stem > Hindbrain > Medulla > Medulla, motor related > Perihypoglossal nuclei"
mouse,source/structure_graph_1.json;source/structure_meshes,source/structure_meshes/155.obj,155,155,LD,Lateral dorsal nucleus of thalamus,Basic cell groups and regions,239,bilateral,mesh_with_ontology,"ontology_path=root > Basic cell groups and regions > Brain stem > Interbrain > Thalamus > Thalamus, polymodal association cortex related > Anterior group of the dorsal thalamus > Lateral dorsal nucleus of thalamus"
mouse,source/structure_graph_1.json;source/structure_meshes,source/structure_meshes/156.obj,156,156,AUDd6a,"Dorsal auditory area, layer 6a",Basic cell groups and regions,1011,bilateral,mesh_with_ontology,"ontology_path=root > Basic cell groups and regions > Cerebrum > Cerebral cortex > Cortical plate > Isocortex > Auditory areas > Dorsal auditory area > Dorsal auditory area, layer 6a"
mouse,source/structure_graph_1.json;source/structure_meshes,source/structure_meshes/157.obj,157,157,PVZ,Periventricular zone,Basic cell groups and regions,1097,bilateral,mesh_with_ontology,ontology_path=root > Basic cell groups and regions > Brain stem > Interbrain > Hypothalamus > Periventricular zone
mouse,source/structure_graph_1.json;source/structure_meshes,source/structure_meshes/158.obj,158,158,pc,posterior commissure,fiber tracts,832,bilateral,mesh_with_ontology,ontology_path=root > fiber tracts > cranial nerves > oculomotor nerve > posterior commissure
mouse,source/structure_graph_1.json;source/structure_meshes,source/structure_meshes/159.obj,159,159,AON,Anterior olfactory nucleus,Basic cell groups and regions,698,bilateral,mesh_with_ontology,ontology_path=root > Basic cell groups and regions > Cerebrum > Cerebral cortex > Cortical plate > Olfactory areas > Anterior olfactory nucleus
mouse,source/structure_graph_1.json;source/structure_meshes,source/structure_meshes/162.obj,162,162,LDT,Laterodorsal tegmental nucleus,Basic cell groups and regions,1117,bilateral,mesh_with_ontology,"ontology_path=root > Basic cell groups and regions > Brain stem > Hindbrain > Pons > Pons, behavioral state related > Laterodorsal tegmental nucleus"
mouse,source/structure_graph_1.json;source/structure_meshes,source/structure_meshes/163.obj,163,163,AIp2/3,"Agranular insular area, posterior part, layer 2/3",Basic cell groups and regions,111,bilateral,mesh_with_ontology,"ontology_path=root > Basic cell groups and regions > Cerebrum > Cerebral cortex > Cortical plate > Isocortex > Agranular insular area > Agranular insular area, posterior part > Agranular insular area, posterior part, layer 2/3"
mouse,source/structure_graph_1.json;source/structure_meshes,source/structure_meshes/164.obj,164,164,c,"central canal, spinal cord/medulla",ventricular systems,73,bilateral,mesh_with_ontology,"ontology_path=root > ventricular systems > central canal, spinal cord/medulla"
mouse,source/structure_graph_1.json;source/structure_meshes,source/structure_meshes/165.obj,165,165,RAmb,Midbrain raphe nuclei,Basic cell groups and regions,348,bilateral,mesh_with_ontology,"ontology_path=root > Basic cell groups and regions > Brain stem > Midbrain > Midbrain, behavioral state related > Midbrain raphe nuclei"
mouse,source/structure_graph_1.json;source/structure_meshes,source/structure_meshes/169.obj,169,169,PRP,Nucleus prepositus,Basic cell groups and regions,154,bilateral,mesh_with_ontology,"ontology_path=root > Basic cell groups and regions > Brain stem > Hindbrain > Medulla > Medulla, motor related > Perihypoglossal nuclei > Nucleus prepositus"
mouse,source/structure_graph_1.json;source/structure_meshes,source/structure_meshes/170.obj,170,170,LGd,Dorsal part of the lateral geniculate complex,Basic cell groups and regions,1008,bilateral,mesh_with_ontology,"ontology_path=root > Basic cell groups and regions > Brain stem > Interbrain > Thalamus > Thalamus, sensory-motor cortex related > Geniculate group, dorsal thalamus > Dorsal part of the lateral geniculate complex"
mouse,source/structure_graph_1.json;source/structure_meshes,source/structure_meshes/171.obj,171,171,PL1,"Prelimbic area, layer 1",Basic cell groups and regions,972,bilateral,mesh_with_ontology,"ontology_path=root > Basic cell groups and regions > Cerebrum > Cerebral cortex > Cortical plate > Isocortex > Prelimbic area > Prelimbic area, layer 1"
mouse,source/structure_graph_1.json;source/structure_meshes,source/structure_meshes/173.obj,173,173,RCH,Retrochiasmatic area,Basic cell groups and regions,290,bilateral,mesh_with_ontology,ontology_path=root > Basic cell groups and regions > Brain stem > Interbrain > Hypothalamus > Hypothalamic lateral zone > Retrochiasmatic area
mouse,source/structure_graph_1.json;source/structure_meshes,source/structure_meshes/177.obj,177,177,NR,Nucleus of Roller,Basic cell groups and regions,154,bilateral,mesh_with_ontology,"ontology_path=root > Basic cell groups and regions > Brain stem > Hindbrain > Medulla > Medulla, motor related > Perihypoglossal nuclei > Nucleus of Roller"
mouse,source/structure_graph_1.json;source/structure_meshes,source/structure_meshes/178.obj,178,178,LGv,Ventral part of the lateral geniculate complex,Basic cell groups and regions,1014,bilateral,mesh_with_ontology,"ontology_path=root > Basic cell groups and regions > Brain stem > Interbrain > Thalamus > Thalamus, polymodal association cortex related > Geniculate group, ventral thalamus > Ventral part of the lateral geniculate complex"
mouse,source/structure_graph_1.json;source/structure_meshes,source/structure_meshes/180.obj,180,180,GU2/3,"Gustatory areas, layer 2/3",Basic cell groups and regions,1057,bilateral,mesh_with_ontology,"ontology_path=root > Basic cell groups and regions > Cerebrum > Cerebral cortex > Cortical plate > Isocortex > Gustatory areas > Gustatory areas, layer 2/3"
mouse,source/structure_graph_1.json;source/structure_meshes,source/structure_meshes/181.obj,181,181,RE,Nucleus of reuniens,Basic cell groups and regions,571,bilateral,mesh_with_ontology,"ontology_path=root > Basic cell groups and regions > Brain stem > Interbrain > Thalamus > Thalamus, polymodal association cortex related > Midline group of the dorsal thalamus > Nucleus of reuniens"
mouse,source/structure_graph_1.json;source/structure_meshes,source/structure_meshes/184.obj,184,184,FRP,"Frontal pole, cerebral cortex",Basic cell groups and regions,315,bilateral,mesh_with_ontology,"ontology_path=root > Basic cell groups and regions > Cerebrum > Cerebral cortex > Cortical plate > Isocortex > Frontal pole, cerebral cortex"
mouse,source/structure_graph_1.json;source/structure_meshes,source/structure_meshes/186.obj,186,186,LH,Lateral habenula,Basic cell groups and regions,958,bilateral,mesh_with_ontology,"ontology_path=root > Basic cell groups and regions > Brain stem > Interbrain > Thalamus > Thalamus, polymodal association cortex related > Epithalamus > Lateral habenula"
mouse,source/structure_graph_1.json;source/structure_meshes,source/structure_meshes/187.obj,187,187,GU5,"Gustatory areas, layer 5",Basic cell groups and regions,1057,bilateral,mesh_with_ontology,"ontology_path=root > Basic cell groups and regions > Cerebrum > Cerebral cortex > Cortical plate > Isocortex > Gustatory areas > Gustatory areas, layer 5"
mouse,source/structure_graph_1.json;source/structure_meshes,source/structure_meshes/188.obj,188,188,AOBgl,"Accessory olfactory bulb, glomerular layer",Basic cell groups and regions,151,bilateral,mesh_with_ontology,"ontology_path=root > Basic cell groups and regions > Cerebrum > Cerebral cortex > Cortical plate > Olfactory areas > Accessory olfactory bulb > Accessory olfactory bulb, glomerular layer"
mouse,source/structure_graph_1.json;source/structure_meshes,source/structure_meshes/189.obj,189,189,RH,Rhomboid nucleus,Basic cell groups and regions,51,bilateral,mesh_with_ontology,"ontology_path=root > Basic cell groups and regions > Brain stem > Interbrain > Thalamus > Thalamus, polymodal association cortex related > Intralaminar nuclei of the dorsal thalamus > Rhomboid nucleus"
mouse,source/structure_graph_1.json;source/structure_meshes,source/structure_meshes/190.obj,190,190,py,pyramid,fiber tracts,784,bilateral,mesh_with_ontology,ontology_path=root > fiber tracts > lateral forebrain bundle system > corticospinal tract > pyramid
mouse,source/structure_graph_1.json;source/structure_meshes,source/structure_meshes/194.obj,194,194,LHA,Lateral hypothalamic area,Basic cell groups and regions,290,bilateral,mesh_with_ontology,ontology_path=root > Basic cell groups and regions > Brain stem > Interbrain > Hypothalamus > Hypothalamic lateral zone > Lateral hypothalamic area
mouse,source/structure_graph_1.json;source/structure_meshes,source/structure_meshes/196.obj,196,196,AOBgr,"Accessory olfactory bulb, granular layer",Basic cell groups and regions,151,bilateral,mesh_with_ontology,"ontology_path=root > Basic cell groups and regions > Cerebrum > Cerebral cortex > Cortical plate > Olfactory areas > Accessory olfactory bulb > Accessory olfactory bulb, granular layer"
mouse,source/structure_graph_1.json;source/structure_meshes,source/structure_meshes/197.obj,197,197,RL,Rostral linear nucleus raphe,Basic cell groups and regions,165,bilateral,mesh_with_ontology,"ontology_path=root > Basic cell groups and regions > Brain stem > Midbrain > Midbrain, behavioral state related > Midbrain raphe nuclei > Rostral linear nucleus raphe"
mouse,source/structure_graph_1.json;source/structure_meshes,source/structure_meshes/198.obj,198,198,pyd,pyramidal decussation,fiber tracts,784,bilateral,mesh_with_ontology,ontology_path=root > fiber tracts > lateral forebrain bundle system > corticospinal tract > pyramidal decussation
mouse,source/structure_graph_1.json;source/structure_meshes,source/structure_meshes/201.obj,201,201,SSp-bfd2/3,"Primary somatosensory area, barrel field, layer 2/3",Basic cell groups and regions,329,bilateral,mesh_with_ontology,"ontology_path=root > Basic cell groups and regions > Cerebrum > Cerebral cortex > Cortical plate > Isocortex > Somatosensory areas > Primary somatosensory area > Primary somatosensory area, barrel field > Primary somatosensory area, barrel field, layer 2/3"
mouse,source/structure_graph_1.json;source/structure_meshes,source/structure_meshes/202.obj,202,202,MV,Medial vestibular nucleus,Basic cell groups and regions,701,bilateral,mesh_with_ontology,"ontology_path=root > Basic cell groups and regions > Brain stem > Hindbrain > Medulla > Medulla, motor related > Vestibular nuclei > Medial vestibular nucleus"
mouse,source/structure_graph_1.json;source/structure_meshes,source/structure_meshes/203.obj,203,203,LIN,Linear nucleus of the medulla,Basic cell groups and regions,370,bilateral,mesh_with_ontology,"ontology_path=root > Basic cell groups and regions > Brain stem > Hindbrain > Medulla > Medulla, motor related > Linear nucleus of the medulla"
mouse,source/structure_graph_1.json;source/structure_meshes,source/structure_meshes/204.obj,204,204,AOBmi,"Accessory olfactory bulb, mitral layer",Basic cell groups and regions,151,bilateral,mesh_with_ontology,"ontology_path=root > Basic cell groups and regions > Cerebrum > Cerebral cortex > Cortical plate > Olfactory areas > Accessory olfactory bulb > Accessory olfactory bulb, mitral layer"
mouse,source/structure_graph_1.json;source/structure_meshes,source/structure_meshes/206.obj,206,206,RM,Nucleus raphe magnus,Basic cell groups and regions,379,bilateral,mesh_with_ontology,"ontology_path=root > Basic cell groups and regions > Brain stem > Hindbrain > Medulla > Medulla, behavioral state related > Nucleus raphe magnus"
mouse,source/structure_graph_1.json;source/structure_meshes,source/structure_meshes/207.obj,207,207,AP,Area postrema,Basic cell groups and regions,386,bilateral,mesh_with_ontology,"ontology_path=root > Basic cell groups and regions > Brain stem > Hindbrain > Medulla > Medulla, sensory related > Area postrema"
mouse,source/structure_graph_1.json;source/structure_meshes,source/structure_meshes/209.obj,209,209,LAV,Lateral vestibular nucleus,Basic cell groups and regions,701,bilateral,mesh_with_ontology,"ontology_path=root > Basic cell groups and regions > Brain stem > Hindbrain > Medulla > Medulla, motor related > Vestibular nuclei > Lateral vestibular nucleus"
mouse,source/structure_graph_1.json;source/structure_meshes,source/structure_meshes/210.obj,210,210,LM,Lateral mammillary nucleus,Basic cell groups and regions,331,bilateral,mesh_with_ontology,ontology_path=root > Basic cell groups and regions > Brain stem > Interbrain > Hypothalamus > Hypothalamic medial zone > Mammillary body > Lateral mammillary nucleus
mouse,source/structure_graph_1.json;source/structure_meshes,source/structure_meshes/211.obj,211,211,ACAd2/3,"Anterior cingulate area, dorsal part, layer 2/3",Basic cell groups and regions,39,bilateral,mesh_with_ontology,"ontology_path=root > Basic cell groups and regions > Cerebrum > Cerebral cortex > Cortical plate > Isocortex > Anterior cingulate area > Anterior cingulate area, dorsal part > Anterior cingulate area, dorsal part, layer 2/3"
mouse,source/structure_graph_1.json;source/structure_meshes,source/structure_meshes/214.obj,214,214,RN,Red nucleus,Basic cell groups and regions,323,bilateral,mesh_with_ontology,"ontology_path=root > Basic cell groups and regions > Brain stem > Midbrain > Midbrain, motor related > Red nucleus"
mouse,source/structure_graph_1.json;source/structure_meshes,source/structure_meshes/215.obj,215,215,APN,Anterior pretectal nucleus,Basic cell groups and regions,1100,bilateral,mesh_with_ontology,"ontology_path=root > Basic cell groups and regions > Brain stem > Midbrain > Midbrain, motor related > Pretectal region > Anterior pretectal nucleus"
mouse,source/structure_graph_1.json;source/structure_meshes,source/structure_meshes/217.obj,217,217,SUV,Superior vestibular nucleus,Basic cell groups and regions,701,bilateral,mesh_with_ontology,"ontology_path=root > Basic cell groups and regions > Brain stem > Hindbrain > Medulla > Medulla, motor related > Vestibular nuclei > Superior vestibular nucleus"
mouse,source/structure_graph_1.json;source/structure_meshes,source/structure_meshes/218.obj,218,218,LP,Lateral posterior nucleus of the thalamus,Basic cell groups and regions,138,bilateral,mesh_with_ontology,"ontology_path=root > Basic cell groups and regions > Brain stem > Interbrain > Thalamus > Thalamus, polymodal association cortex related > Lateral group of the dorsal thalamus > Lateral posterior nucleus of the thalamus"
mouse,source/structure_graph_1.json;source/structure_meshes,source/structure_meshes/222.obj,222,222,RO,Nucleus raphe obscurus,Basic cell groups and regions,379,bilateral,mesh_with_ontology,"ontology_path=root > Basic cell groups and regions > Brain stem > Hindbrain > Medulla > Medulla, behavioral state related > Nucleus raphe obscurus"
mouse,source/structure_graph_1.json;source/structure_meshes,source/structure_meshes/223.obj,223,223,ARH,Arcuate hypothalamic nucleus,Basic cell groups and regions,157,bilateral,mesh_with_ontology,ontology_path=root > Basic cell groups and regions > Brain stem > Interbrain > Hypothalamus > Periventricular zone > Arcuate hypothalamic nucleus
mouse,source/structure_graph_1.json;source/structure_meshes,source/structure_meshes/225.obj,225,225,SPIV,Spinal vestibular nucleus,Basic cell groups and regions,701,bilateral,mesh_with_ontology,"ontology_path=root > Basic cell groups and regions > Brain stem > Hindbrain > Medulla > Medulla, motor related > Vestibular nuclei > Spinal vestibular nucleus"
mouse,source/structure_graph_1.json;source/structure_meshes,source/structure_meshes/226.obj,226,226,LPO,Lateral preoptic area,Basic cell groups and regions,290,bilateral,mesh_with_ontology,ontology_path=root > Basic cell groups and regions > Brain stem > Interbrain > Hypothalamus > Hypothalamic lateral zone > Lateral preoptic area
mouse,source/structure_graph_1.json;source/structure_meshes,source/structure_meshes/229.obj,229,229,sV,sensory root of the trigeminal nerve,fiber tracts,901,bilateral,mesh_with_ontology,ontology_path=root > fiber tracts > cranial nerves > trigeminal nerve > sensory root of the trigeminal nerve
mouse,source/structure_graph_1.json;source/structure_meshes,source/structure_meshes/230.obj,230,230,RPA,Nucleus raphe pallidus,Basic cell groups and regions,379,bilateral,mesh_with_ontology,"ontology_path=root > Basic cell groups and regions > Brain stem > Hindbrain > Medulla > Medulla, behavioral state related > Nucleus raphe pallidus"
mouse,source/structure_graph_1.json;source/structure_meshes,source/structure_meshes/231.obj,231,231,AT,Anterior tegmental nucleus,Basic cell groups and regions,323,bilateral,mesh_with_ontology,"ontology_path=root > Basic cell groups and regions > Brain stem > Midbrain > Midbrain, motor related > Anterior tegmental nucleus"
mouse,source/structure_graph_1.json;source/structure_meshes,source/structure_meshes/233.obj,233,233,VISal5,"Anterolateral visual area, layer 5",Basic cell groups and regions,402,bilateral,mesh_with_ontology,"ontology_path=root > Basic cell groups and regions > Cerebrum > Cerebral cortex > Cortical plate > Isocortex > Visual areas > Anterolateral visual area > Anterolateral visual area, layer 5"
mouse,source/structure_graph_1.json;source/structure_meshes,source/structure_meshes/234.obj,234,234,TEa4,"Temporal association areas, layer 4",Basic cell groups and regions,541,bilateral,mesh_with_ontology,"ontology_path=root > Basic cell groups and regions > Cerebrum > Cerebral cortex > Cortical plate > Isocortex > Temporal association areas > Temporal association areas, layer 4"
mouse,source/structure_graph_1.json;source/structure_meshes,source/structure_meshes/235.obj,235,235,LRN,Lateral reticular nucleus,Basic cell groups and regions,370,bilateral,mesh_with_ontology,"ontology_path=root > Basic cell groups and regions > Brain stem > Hindbrain > Medulla > Medulla, motor related > Lateral reticular nucleus"
mouse,source/structure_graph_1.json;source/structure_meshes,source/structure_meshes/237.obj,237,237,ts,solitary tract,fiber tracts,917,bilateral,mesh_with_ontology,ontology_path=root > fiber tracts > cranial nerves > vagus nerve > solitary tract
mouse,source/structure_graph_1.json;source/structure_meshes,source/structure_meshes/238.obj,238,238,RPO,Nucleus raphe pontis,Basic cell groups and regions,1117,bilateral,mesh_with_ontology,"ontology_path=root > Basic cell groups and regions > Brain stem > Hindbrain > Pons > Pons, behavioral state related > Nucleus raphe pontis"
mouse,source/structure_graph_1.json;source/structure_meshes,source/structure_meshes/239.obj,239,239,ATN,Anterior group of the dorsal thalamus,Basic cell groups and regions,856,bilateral,mesh_with_ontology,"ontology_path=root > Basic cell groups and regions > Brain stem > Interbrain > Thalamus > Thalamus, polymodal association cortex related > Anterior group of the dorsal thalamus"
mouse,source/structure_graph_1.json;source/structure_meshes,source/structure_meshes/242.obj,242,242,LS,Lateral septal nucleus,Basic cell groups and regions,275,bilateral,mesh_with_ontology,ontology_path=root > Basic cell groups and regions > Cerebrum > Cerebral nuclei > Striatum > Lateral septal complex > Lateral septal nucleus
mouse,source/structure_graph_1.json;source/structure_meshes,source/structure_meshes/243.obj,243,243,AUDd6b,"Dorsal auditory area, layer 6b",Basic cell groups and regions,1011,bilateral,mesh_with_ontology,"ontology_path=root > Basic cell groups and regions > Cerebrum > Cerebral cortex > Cortical plate > Isocortex > Auditory areas > Dorsal auditory area > Dorsal auditory area, layer 6b"
mouse,source/structure_graph_1.json;source/structure_meshes,source/structure_meshes/246.obj,246,246,RR,"Midbrain reticular nucleus, retrorubral area",Basic cell groups and regions,323,bilateral,mesh_with_ontology,"ontology_path=root > Basic cell groups and regions > Brain stem > Midbrain > Midbrain, motor related > Midbrain reticular nucleus, retrorubral area"
mouse,source/structure_graph_1.json;source/structure_meshes,source/structure_meshes/247.obj,247,247,AUD,Auditory areas,Basic cell groups and regions,315,bilateral,mesh_with_ontology,ontology_path=root > Basic cell groups and regions > Cerebrum > Cerebral cortex > Cortical plate > Isocortex > Auditory areas
mouse,source/structure_graph_1.json;source/structure_meshes,source/structure_meshes/249.obj,249,249,AUDpo6a,"Posterior auditory area, layer 6a",Basic cell groups and regions,1027,bilateral,mesh_with_ontology,"ontology_path=root > Basic cell groups and regions > Cerebrum > Cerebral cortex > Cortical plate > Isocortex > Auditory areas > Posterior auditory area > Posterior auditory area, layer 6a"
mouse,source/structure_graph_1.json;source/structure_meshes,source/structure_meshes/250.obj,250,250,LSc,"Lateral septal nucleus, caudal (caudodorsal) part",Basic cell groups and regions,242,bilateral,mesh_with_ontology,"ontology_path=root > Basic cell groups and regions > Cerebrum > Cerebral nuclei > Striatum > Lateral septal complex > Lateral septal nucleus > Lateral septal nucleus, caudal (caudodorsal) part"
mouse,source/structure_graph_1.json;source/structure_meshes,source/structure_meshes/251.obj,251,251,AUDp2/3,"Primary auditory area, layer 2/3",Basic cell groups and regions,1002,bilateral,mesh_with_ontology,"ontology_path=root > Basic cell groups and regions > Cerebrum > Cerebral cortex > Cortical plate > Isocortex > Auditory areas > Primary auditory area > Primary auditory area, layer 2/3"
mouse,source/structure_graph_1.json;source/structure_meshes,source/structure_meshes/252.obj,252,252,AUDd5,"Dorsal auditory area, layer 5",Basic cell groups and regions,1011,bilateral,mesh_with_ontology,"ontology_path=root > Basic cell groups and regions > Cerebrum > Cerebral cortex > Cortical plate > Isocortex > Auditory areas > Dorsal auditory area > Dorsal auditory area, layer 5"
mouse,source/structure_graph_1.json;source/structure_meshes,source/structure_meshes/254.obj,254,254,RSP,Retrosplenial area,Basic cell groups and regions,315,bilateral,mesh_with_ontology,ontology_path=root > Basic cell groups and regions > Cerebrum > Cerebral cortex > Cortical plate > Isocortex > Retrosplenial area
mouse,source/structure_graph_1.json;source/structure_meshes,source/structure_meshes/255.obj,255,255,AV,Anteroventral nucleus of thalamus,Basic cell groups and regions,239,bilateral,mesh_with_ontology,"ontology_path=root > Basic cell groups and regions > Brain stem > Interbrain > Thalamus > Thalamus, polymodal association cortex related > Anterior group of the dorsal thalamus > Anteroventral nucleus of thalamus"
mouse,source/structure_graph_1.json;source/structure_meshes,source/structure_meshes/257.obj,257,257,VISpm6a,"posteromedial visual area, layer 6a",Basic cell groups and regions,533,bilateral,mesh_with_ontology,"ontology_path=root > Basic cell groups and regions > Cerebrum > Cerebral cortex > Cortical plate > Isocortex > Visual areas > posteromedial visual area > posteromedial visual area, layer 6a"
mouse,source/structure_graph_1.json;source/structure_meshes,source/structure_meshes/258.obj,258,258,LSr,"Lateral septal nucleus, rostral (rostroventral) part",Basic cell groups and regions,242,bilateral,mesh_with_ontology,"ontology_path=root > Basic cell groups and regions > Cerebrum > Cerebral nuclei > Striatum > Lateral septal complex > Lateral septal nucleus > Lateral septal nucleus, rostral (rostroventral) part"
mouse,source/structure_graph_1.json;source/structure_meshes,source/structure_meshes/260.obj,260,260,NLOT1,"Nucleus of the lateral olfactory tract, molecular layer",Basic cell groups and regions,619,bilateral,mesh_with_ontology,"ontology_path=root > Basic cell groups and regions > Cerebrum > Cerebral cortex > Cortical plate > Olfactory areas > Nucleus of the lateral olfactory tract > Nucleus of the lateral olfactory tract, molecular layer"
mouse,source/structure_graph_1.json;source/structure_meshes,source/structure_meshes/262.obj,262,262,RT,Reticular nucleus of the thalamus,Basic cell groups and regions,856,bilateral,mesh_with_ontology,"ontology_path=root > Basic cell groups and regions > Brain stem > Interbrain > Thalamus > Thalamus, polymodal association cortex related > Reticular nucleus of the thalamus"
mouse,source/structure_graph_1.json;source/structure_meshes,source/structure_meshes/263.obj,263,263,AVP,Anteroventral preoptic nucleus,Basic cell groups and regions,141,bilateral,mesh_with_ontology,ontology_path=root > Basic cell groups and regions > Brain stem > Interbrain > Hypothalamus > Periventricular region > Anteroventral preoptic nucleus
mouse,source/structure_graph_1.json;source/structure_meshes,source/structure_meshes/266.obj,266,266,LSv,"Lateral septal nucleus, ventral part",Basic cell groups and regions,242,bilateral,mesh_with_ontology,"ontology_path=root > Basic cell groups and regions > Cerebrum > Cerebral nuclei > Striatum > Lateral septal complex > Lateral septal nucleus > Lateral septal nucleus, ventral part"
mouse,source/structure_graph_1.json;source/structure_meshes,source/structure_meshes/268.obj,268,268,NLOT2,"Nucleus of the lateral olfactory tract, pyramidal layer",Basic cell groups and regions,619,bilateral,mesh_with_ontology,"ontology_path=root > Basic cell groups and regions > Cerebrum > Cerebral cortex > Cortical plate > Olfactory areas > Nucleus of the lateral olfactory tract > Nucleus of the lateral olfactory tract, pyramidal layer"
mouse,source/structure_graph_1.json;source/structure_meshes,source/structure_meshes/269.obj,269,269,VISpl2/3,"Posterolateral visual area, layer 2/3",Basic cell groups and regions,425,bilateral,mesh_with_ontology,"ontology_path=root > Basic cell groups and regions > Cerebrum > Cerebral cortex > Cortical plate > Isocortex > Visual areas > Posterolateral visual area > Posterolateral visual area, layer 2/3"
mouse,source/structure_graph_1.json;source/structure_meshes,source/structure_meshes/271.obj,271,271,SAG,Nucleus sagulum,Basic cell groups and regions,339,bilateral,mesh_with_ontology,"ontology_path=root > Basic cell groups and regions > Brain stem > Midbrain > Midbrain, sensory related > Nucleus sagulum"
mouse,source/structure_graph_1.json;source/structure_meshes,source/structure_meshes/272.obj,272,272,AVPV,Anteroventral periventricular nucleus,Basic cell groups and regions,141,bilateral,mesh_with_ontology,ontology_path=root > Basic cell groups and regions > Brain stem > Interbrain > Hypothalamus > Periventricular region > Anteroventral periventricular nucleus
mouse,source/structure_graph_1.json;source/structure_meshes,source/structure_meshes/274.obj,274,274,RSPd6a,"Retrosplenial area, dorsal part, layer 6a",Basic cell groups and regions,879,bilateral,mesh_with_ontology,"ontology_path=root > Basic cell groups and regions > Cerebrum > Cerebral cortex > Cortical plate > Isocortex > Retrosplenial area > Retrosplenial area, dorsal part > Retrosplenial area, dorsal part, layer 6a"
mouse,source/structure_graph_1.json;source/structure_meshes,source/structure_meshes/275.obj,275,275,LSX,Lateral septal complex,Basic cell groups and regions,477,bilateral,mesh_with_ontology,ontology_path=root > Basic cell groups and regions > Cerebrum > Cerebral nuclei > Striatum > Lateral septal complex
mouse,source/structure_graph_1.json;source/structure_meshes,source/structure_meshes/278.obj,278,278,sAMY,Striatum-like amygdalar nuclei,Basic cell groups and regions,477,bilateral,mesh_with_ontology,ontology_path=root > Basic cell groups and regions > Cerebrum > Cerebral nuclei > Striatum > Striatum-like amygdalar nuclei
mouse,source/structure_graph_1.json;source/structure_meshes,source/structure_meshes/279.obj,279,279,RSPagl6b,"Retrosplenial area, lateral agranular part, layer 6b",Basic cell groups and regions,894,bilateral,mesh_with_ontology,"ontology_path=root > Basic cell groups and regions > Cerebrum > Cerebral cortex > Cortical plate > Isocortex > Retrosplenial area > Retrosplenial area, lateral agranular part > Retrosplenial area, lateral agranular part, layer 6b"
mouse,source/structure_graph_1.json;source/structure_meshes,source/structure_meshes/280.obj,280,280,B,Barrington's nucleus,Basic cell groups and regions,987,bilateral,mesh_with_ontology,"ontology_path=root > Basic cell groups and regions > Brain stem > Hindbrain > Pons > Pons, motor related > Barrington's nucleus"
mouse,source/structure_graph_1.json;source/structure_meshes,source/structure_meshes/281.obj,281,281,VISam1,"Anteromedial visual area, layer 1",Basic cell groups and regions,394,bilateral,mesh_with_ontology,"ontology_path=root > Basic cell groups and regions > Cerebrum > Cerebral cortex > Cortical plate > Isocortex > Visual areas > Anteromedial visual area > Anteromedial visual area, layer 1"
mouse,source/structure_graph_1.json;source/structure_meshes,source/structure_meshes/286.obj,286,286,SCH,Suprachiasmatic nucleus,Basic cell groups and regions,141,bilateral,mesh_with_ontology,ontology_path=root > Basic cell groups and regions > Brain stem > Interbrain > Hypothalamus > Periventricular region > Suprachiasmatic nucleus
mouse,source/structure_graph_1.json;source/structure_meshes,source/structure_meshes/287.obj,287,287,BAC,Bed nucleus of the anterior commissure,Basic cell groups and regions,809,bilateral,mesh_with_ontology,"ontology_path=root > Basic cell groups and regions > Cerebrum > Cerebral nuclei > Pallidum > Pallidum, caudal region > Bed nucleus of the anterior commissure"
mouse,source/structure_graph_1.json;source/structure_meshes,source/structure_meshes/288.obj,288,288,ORBvl2/3,"Orbital area, ventrolateral part, layer 2/3",Basic cell groups and regions,746,bilateral,mesh_with_ontology,"ontology_path=root > Basic cell groups and regions > Cerebrum > Cerebral cortex > Cortical plate > Isocortex > Orbital area > Orbital area, ventrolateral part > Orbital area, ventrolateral part, layer 2/3"
mouse,source/structure_graph_1.json;source/structure_meshes,source/structure_meshes/289.obj,289,289,TEa5,"Temporal association areas, layer 5",Basic cell groups and regions,541,bilateral,mesh_with_ontology,"ontology_path=root > Basic cell groups and regions > Cerebrum > Cerebral cortex > Cortical plate > Isocortex > Temporal association areas > Temporal association areas, layer 5"
mouse,source/structure_graph_1.json;source/structure_meshes,source/structure_meshes/290.obj,290,290,LZ,Hypothalamic lateral zone,Basic cell groups and regions,1097,bilateral,mesh_with_ontology,ontology_path=root > Basic cell groups and regions > Brain stem > Interbrain > Hypothalamus > Hypothalamic lateral zone
mouse,source/structure_graph_1.json;source/structure_meshes,source/structure_meshes/292.obj,292,292,BA,Bed nucleus of the accessory olfactory tract,Basic cell groups and regions,278,bilateral,mesh_with_ontology,ontology_path=root > Basic cell groups and regions > Cerebrum > Cerebral nuclei > Striatum > Striatum-like amygdalar nuclei > Bed nucleus of the accessory olfactory tract
mouse,source/structure_graph_1.json;source/structure_meshes,source/structure_meshes/294.obj,294,294,SCm,"Superior colliculus, motor related",Basic cell groups and regions,323,bilateral,mesh_with_ontology,"ontology_path=root > Basic cell groups and regions > Brain stem > Midbrain > Midbrain, motor related > Superior colliculus, motor related"
mouse,source/structure_graph_1.json;source/structure_meshes,source/structure_meshes/295.obj,295,295,BLA,Basolateral amygdalar nucleus,Basic cell groups and regions,703,bilateral,mesh_with_ontology,ontology_path=root > Basic cell groups and regions > Cerebrum > Cerebral cortex > Cortical subplate > Basolateral amygdalar nucleus
mouse,source/structure_graph_1.json;source/structure_meshes,source/structure_meshes/296.obj,296,296,ACAv2/3,"Anterior cingulate area, ventral part, layer 2/3",Basic cell groups and regions,48,bilateral,mesh_with_ontology,"ontology_path=root > Basic cell groups and regions > Cerebrum > Cerebral cortex > Cortical plate > Isocortex > Anterior cingulate area > Anterior cingulate area, ventral part > Anterior cingulate area, ventral part, layer 2/3"
mouse,source/structure_graph_1.json;source/structure_meshes,source/structure_meshes/298.obj,298,298,MA,Magnocellular nucleus,Basic cell groups and regions,835,bilateral,mesh_with_ontology,"ontology_path=root > Basic cell groups and regions > Cerebrum > Cerebral nuclei > Pallidum > Pallidum, ventral region > Magnocellular nucleus"
mouse,source/structure_graph_1.json;source/structure_meshes,source/structure_meshes/301.obj,301,301,st,stria terminalis,fiber tracts,768,bilateral,mesh_with_ontology,ontology_path=root > fiber tracts > medial forebrain bundle system > cerebrum related > stria terminalis
mouse,source/structure_graph_1.json;source/structure_meshes,source/structure_meshes/302.obj,302,302,SCs,"Superior colliculus, sensory related",Basic cell groups and regions,339,bilateral,mesh_with_ontology,"ontology_path=root > Basic cell groups and regions > Brain stem > Midbrain > Midbrain, sensory related > Superior colliculus, sensory related"
mouse,source/structure_graph_1.json;source/structure_meshes,source/structure_meshes/303.obj,303,303,BLAa,"Basolateral amygdalar nucleus, anterior part",Basic cell groups and regions,295,bilateral,mesh_with_ontology,"ontology_path=root > Basic cell groups and regions > Cerebrum > Cerebral cortex > Cortical subplate > Basolateral amygdalar nucleus > Basolateral amygdalar nucleus, anterior part"
mouse,source/structure_graph_1.json;source/structure_meshes,source/structure_meshes/304.obj,304,304,PL2/3,"Prelimbic area, layer 2/3",Basic cell groups and regions,972,bilateral,mesh_with_ontology,"ontology_path=root > Basic cell groups and regions > Cerebrum > Cerebral cortex > Cortical plate > Isocortex > Prelimbic area > Prelimbic area, layer 2/3"
mouse,source/structure_graph_1.json;source/structure_meshes,source/structure_meshes/305.obj,305,305,VISp6b,"Primary visual area, layer 6b",Basic cell groups and regions,385,bilateral,mesh_with_ontology,"ontology_path=root > Basic cell groups and regions > Cerebrum > Cerebral cortex > Cortical plate > Isocortex > Visual areas > Primary visual area > Primary visual area, layer 6b"
mouse,source/structure_graph_1.json;source/structure_meshes,source/structure_meshes/307.obj,307,307,MARN,Magnocellular reticular nucleus,Basic cell groups and regions,370,bilateral,mesh_with_ontology,"ontology_path=root > Basic cell groups and regions > Brain stem > Hindbrain > Medulla > Medulla, motor related > Magnocellular reticular nucleus"
mouse,source/structure_graph_1.json;source/structure_meshes,source/structure_meshes/310.obj,310,310,SF,Septofimbrial nucleus,Basic cell groups and regions,275,bilateral,mesh_with_ontology,ontology_path=root > Basic cell groups and regions > Cerebrum > Cerebral nuclei > Striatum > Lateral septal complex > Septofimbrial nucleus
mouse,source/structure_graph_1.json;source/structure_meshes,source/structure_meshes/311.obj,311,311,BLAp,"Basolateral amygdalar nucleus, posterior part",Basic cell groups and regions,295,bilateral,mesh_with_ontology,"ontology_path=root > Basic cell groups and regions > Cerebrum > Cerebral cortex > Cortical subplate > Basolateral amygdalar nucleus > Basolateral amygdalar nucleus, posterior part"
mouse,source/structure_graph_1.json;source/structure_meshes,source/structure_meshes/313.obj,313,313,MB,Midbrain,Basic cell groups and regions,343,bilateral,mesh_with_ontology,ontology_path=root > Basic cell groups and regions > Brain stem > Midbrain
mouse,source/structure_graph_1.json;source/structure_meshes,source/structure_meshes/314.obj,314,314,AIp6a,"Agranular insular area, posterior part, layer 6a",Basic cell groups and regions,111,bilateral,mesh_with_ontology,"ontology_path=root > Basic cell groups and regions > Cerebrum > Cerebral cortex > Cortical plate > Isocortex > Agranular insular area > Agranular insular area, posterior part > Agranular insular area, posterior part, layer 6a"
mouse,source/structure_graph_1.json;source/structure_meshes,source/structure_meshes/315.obj,315,315,Isocortex,Isocortex,Basic cell groups and regions,695,bilateral,mesh_with_ontology,ontology_path=root > Basic cell groups and regions > Cerebrum > Cerebral cortex > Cortical plate > Isocortex
mouse,source/structure_graph_1.json;source/structure_meshes,source/structure_meshes/318.obj,318,318,SG,Supragenual nucleus,Basic cell groups and regions,987,bilateral,mesh_with_ontology,"ontology_path=root > Basic cell groups and regions > Brain stem > Hindbrain > Pons > Pons, motor related > Supragenual nucleus"
mouse,source/structure_graph_1.json;source/structure_meshes,source/structure_meshes/319.obj,319,319,BMA,Basomedial amygdalar nucleus,Basic cell groups and regions,703,bilateral,mesh_with_ontology,ontology_path=root > Basic cell groups and regions > Cerebrum > Cerebral cortex > Cortical subplate > Basomedial amygdalar nucleus
mouse,source/structure_graph_1.json;source/structure_meshes,source/structure_meshes/320.obj,320,320,MOp1,"Primary motor area, Layer 1",Basic cell groups and regions,985,bilateral,mesh_with_ontology,"ontology_path=root > Basic cell groups and regions > Cerebrum > Cerebral cortex > Cortical plate > Isocortex > Somatomotor areas > Primary motor area > Primary motor area, Layer 1"
mouse,source/structure_graph_1.json;source/structure_meshes,source/structure_meshes/321.obj,321,321,SubG,Subgeniculate nucleus,Basic cell groups and regions,1014,bilateral,mesh_with_ontology,"ontology_path=root > Basic cell groups and regions > Brain stem > Interbrain > Thalamus > Thalamus, polymodal association cortex related > Geniculate group, ventral thalamus > Subgeniculate nucleus"
mouse,source/structure_graph_1.json;source/structure_meshes,source/structure_meshes/322.obj,322,322,SSp,Primary somatosensory area,Basic cell groups and regions,453,bilateral,mesh_with_ontology,ontology_path=root > Basic cell groups and regions > Cerebrum > Cerebral cortex > Cortical plate > Isocortex > Somatosensory areas > Primary somatosensory area
mouse,source/structure_graph_1.json;source/structure_meshes,source/structure_meshes/323.obj,323,323,MBmot,"Midbrain, motor related",Basic cell groups and regions,313,bilateral,mesh_with_ontology,"ontology_path=root > Basic cell groups and regions > Brain stem > Midbrain > Midbrain, motor related"
mouse,source/structure_graph_1.json;source/structure_meshes,source/structure_meshes/325.obj,325,325,SGN,Suprageniculate nucleus,Basic cell groups and regions,138,bilateral,mesh_with_ontology,"ontology_path=root > Basic cell groups and regions > Brain stem > Interbrain > Thalamus > Thalamus, polymodal association cortex related > Lateral group of the dorsal thalamus > Suprageniculate nucleus"
mouse,source/structure_graph_1.json;source/structure_meshes,source/structure_meshes/326.obj,326,326,scp,superior cerebelar peduncles,fiber tracts,752,bilateral,mesh_with_ontology,ontology_path=root > fiber tracts > cerebellum related fiber tracts > cerebellar peduncles > superior cerebelar peduncles
mouse,source/structure_graph_1.json;source/structure_meshes,source/structure_meshes/327.obj,327,327,BMAa,"Basomedial amygdalar nucleus, anterior part",Basic cell groups and regions,319,bilateral,mesh_with_ontology,"ontology_path=root > Basic cell groups and regions > Cerebrum > Cerebral cortex > Cortical subplate > Basomedial amygdalar nucleus > Basomedial amygdalar nucleus, anterior part"
mouse,source/structure_graph_1.json;source/structure_meshes,source/structure_meshes/328.obj,328,328,AId2/3,"Agranular insular area, dorsal part, layer 2/3",Basic cell groups and regions,104,bilateral,mesh_with_ontology,"ontology_path=root > Basic cell groups and regions > Cerebrum > Cerebral cortex > Cortical plate > Isocortex > Agranular insular area > Agranular insular area, dorsal part > Agranular insular area, dorsal part, layer 2/3"
mouse,source/structure_graph_1.json;source/structure_meshes,source/structure_meshes/329.obj,329,329,SSp-bfd,"Primary somatosensory area, barrel field",Basic cell groups and regions,322,bilateral,mesh_with_ontology,"ontology_path=root > Basic cell groups and regions > Cerebrum > Cerebral cortex > Cortical plate > Isocortex > Somatosensory areas > Primary somatosensory area > Primary somatosensory area, barrel field"
mouse,source/structure_graph_1.json;source/structure_meshes,source/structure_meshes/330.obj,330,330,RSPd6b,"Retrosplenial area, dorsal part, layer 6b",Basic cell groups and regions,879,bilateral,mesh_with_ontology,"ontology_path=root > Basic cell groups and regions > Cerebrum > Cerebral cortex > Cortical plate > Isocortex > Retrosplenial area > Retrosplenial area, dorsal part > Retrosplenial area, dorsal part, layer 6b"
mouse,source/structure_graph_1.json;source/structure_meshes,source/structure_meshes/331.obj,331,331,MBO,Mammillary body,Basic cell groups and regions,467,bilateral,mesh_with_ontology,ontology_path=root > Basic cell groups and regions > Brain stem > Interbrain > Hypothalamus > Hypothalamic medial zone > Mammillary body
mouse,source/structure_graph_1.json;source/structure_meshes,source/structure_meshes/332.obj,332,332,ASO,Accessory supraoptic group,Basic cell groups and regions,157,bilateral,mesh_with_ontology,ontology_path=root > Basic cell groups and regions > Brain stem > Interbrain > Hypothalamus > Periventricular zone > Accessory supraoptic group
mouse,source/structure_graph_1.json;source/structure_meshes,source/structure_meshes/333.obj,333,333,SH,Septohippocampal nucleus,Basic cell groups and regions,275,bilateral,mesh_with_ontology,ontology_path=root > Basic cell groups and regions > Cerebrum > Cerebral nuclei > Striatum > Lateral septal complex > Septohippocampal nucleus
mouse,source/structure_graph_1.json;source/structure_meshes,source/structure_meshes/334.obj,334,334,BMAp,"Basomedial amygdalar nucleus, posterior part",Basic cell groups and regions,319,bilateral,mesh_with_ontology,"ontology_path=root > Basic cell groups and regions > Cerebrum > Cerebral cortex > Cortical subplate > Basomedial amygdalar nucleus > Basomedial amygdalar nucleus, posterior part"
mouse,source/structure_graph_1.json;source/structure_meshes,source/structure_meshes/335.obj,335,335,PERI6a,"Perirhinal area, layer 6a",Basic cell groups and regions,922,bilateral,mesh_with_ontology,"ontology_path=root > Basic cell groups and regions > Cerebrum > Cerebral cortex > Cortical plate > Isocortex > Perirhinal area > Perirhinal area, layer 6a"
mouse,source/structure_graph_1.json;source/structure_meshes,source/structure_meshes/336.obj,336,336,csc,superior colliculus commissure,fiber tracts,848,bilateral,mesh_with_ontology,ontology_path=root > fiber tracts > cranial nerves > optic nerve > superior colliculus commissure
mouse,source/structure_graph_1.json;source/structure_meshes,source/structure_meshes/337.obj,337,337,SSp-ll,"Primary somatosensory area, lower limb",Basic cell groups and regions,322,bilateral,mesh_with_ontology,"ontology_path=root > Basic cell groups and regions > Cerebrum > Cerebral cortex > Cortical plate > Isocortex > Somatosensory areas > Primary somatosensory area > Primary somatosensory area, lower limb"
mouse,source/structure_graph_1.json;source/structure_meshes,source/structure_meshes/338.obj,338,338,SFO,Subfornical organ,Basic cell groups and regions,141,bilateral,mesh_with_ontology,ontology_path=root > Basic cell groups and regions > Brain stem > Interbrain > Hypothalamus > Periventricular region > Subfornical organ
mouse,source/structure_graph_1.json;source/structure_meshes,source/structure_meshes/339.obj,339,339,MBsen,"Midbrain, sensory related",Basic cell groups and regions,313,bilateral,mesh_with_ontology,"ontology_path=root > Basic cell groups and regions > Brain stem > Midbrain > Midbrain, sensory related"
mouse,source/structure_graph_1.json;source/structure_meshes,source/structure_meshes/341.obj,341,341,smd,supramammillary decussation,fiber tracts,824,bilateral,mesh_with_ontology,ontology_path=root > fiber tracts > medial forebrain bundle system > hypothalamus related > supramammillary decussation
mouse,source/structure_graph_1.json;source/structure_meshes,source/structure_meshes/342.obj,342,342,SI,Substantia innominata,Basic cell groups and regions,835,bilateral,mesh_with_ontology,"ontology_path=root > Basic cell groups and regions > Cerebrum > Cerebral nuclei > Pallidum > Pallidum, ventral region > Substantia innominata"
mouse,source/structure_graph_1.json;source/structure_meshes,source/structure_meshes/343.obj,343,343,BS,Brain stem,Basic cell groups and regions,8,bilateral,mesh_with_ontology,ontology_path=root > Basic cell groups and regions > Brain stem
mouse,source/structure_graph_1.json;source/structure_meshes,source/structure_meshes/344.obj,344,344,AIp5,"Agranular insular area, posterior part, layer 5",Basic cell groups and regions,111,bilateral,mesh_with_ontology,"ontology_path=root > Basic cell groups and regions > Cerebrum > Cerebral cortex > Cortical plate > Isocortex > Agranular insular area > Agranular insular area, posterior part > Agranular insular area, posterior part, layer 5"
mouse,source/structure_graph_1.json;source/structure_meshes,source/structure_meshes/345.obj,345,345,SSp-m,"Primary somatosensory area, mouth",Basic cell groups and regions,322,bilateral,mesh_with_ontology,"ontology_path=root > Basic cell groups and regions > Cerebrum > Cerebral cortex > Cortical plate > Isocortex > Somatosensory areas > Primary somatosensory area > Primary somatosensory area, mouth"
mouse,source/structure_graph_1.json;source/structure_meshes,source/structure_meshes/347.obj,347,347,SBPV,Subparaventricular zone,Basic cell groups and regions,141,bilateral,mesh_with_ontology,ontology_path=root > Basic cell groups and regions > Brain stem > Interbrain > Hypothalamus > Periventricular region > Subparaventricular zone
mouse,source/structure_graph_1.json;source/structure_meshes,source/structure_meshes/348.obj,348,348,MBsta,"Midbrain, behavioral state related",Basic cell groups and regions,313,bilateral,mesh_with_ontology,"ontology_path=root > Basic cell groups and regions > Brain stem > Midbrain > Midbrain, behavioral state related"
mouse,source/structure_graph_1.json;source/structure_meshes,source/structure_meshes/349.obj,349,349,sup,supraoptic commissures,fiber tracts,824,bilateral,mesh_with_ontology,ontology_path=root > fiber tracts > medial forebrain bundle system > hypothalamus related > supraoptic commissures
mouse,source/structure_graph_1.json;source/structure_meshes,source/structure_meshes/350.obj,350,350,SLC,Subceruleus nucleus,Basic cell groups and regions,1117,bilateral,mesh_with_ontology,"ontology_path=root > Basic cell groups and regions > Brain stem > Hindbrain > Pons > Pons, behavioral state related > Subceruleus nucleus"
mouse,source/structure_graph_1.json;source/structure_meshes,source/structure_meshes/351.obj,351,351,BST,Bed nuclei of the stria terminalis,Basic cell groups and regions,809,bilateral,mesh_with_ontology,"ontology_path=root > Basic cell groups and regions > Cerebrum > Cerebral nuclei > Pallidum > Pallidum, caudal region > Bed nuclei of the stria terminalis"
mouse,source/structure_graph_1.json;source/structure_meshes,source/structure_meshes/353.obj,353,353,SSp-n,"Primary somatosensory area, nose",Basic cell groups and regions,322,bilateral,mesh_with_ontology,"ontology_path=root > Basic cell groups and regions > Cerebrum > Cerebral cortex > Cortical plate > Isocortex > Somatosensory areas > Primary somatosensory area > Primary somatosensory area, nose"
mouse,source/structure_graph_1.json;source/structure_meshes,source/structure_meshes/354.obj,354,354,MY,Medulla,Basic cell groups and regions,1065,bilateral,mesh_with_ontology,ontology_path=root > Basic cell groups and regions > Brain stem > Hindbrain > Medulla
mouse,source/structure_graph_1.json;source/structure_meshes,source/structure_meshes/355.obj,355,355,AIp6b,"Agranular insular area, posterior part, layer 6b",Basic cell groups and regions,111,bilateral,mesh_with_ontology,"ontology_path=root > Basic cell groups and regions > Cerebrum > Cerebral cortex > Cortical plate > Isocortex > Agranular insular area > Agranular insular area, posterior part > Agranular insular area, posterior part, layer 6b"
mouse,source/structure_graph_1.json;source/structure_meshes,source/structure_meshes/356.obj,356,356,PST,Preparasubthalamic nucleus,Basic cell groups and regions,290,bilateral,mesh_with_ontology,ontology_path=root > Basic cell groups and regions > Brain stem > Interbrain > Hypothalamus > Hypothalamic lateral zone > Preparasubthalamic nucleus
mouse,source/structure_graph_1.json;source/structure_meshes,source/structure_meshes/358.obj,358,358,SLD,Sublaterodorsal nucleus,Basic cell groups and regions,1117,bilateral,mesh_with_ontology,"ontology_path=root > Basic cell groups and regions > Brain stem > Hindbrain > Pons > Pons, behavioral state related > Sublaterodorsal nucleus"
mouse,source/structure_graph_1.json;source/structure_meshes,source/structure_meshes/361.obj,361,361,SSp-tr,"Primary somatosensory area, trunk",Basic cell groups and regions,322,bilateral,mesh_with_ontology,"ontology_path=root > Basic cell groups and regions > Cerebrum > Cerebral cortex > Cortical plate > Isocortex > Somatosensory areas > Primary somatosensory area > Primary somatosensory area, trunk"
mouse,source/structure_graph_1.json;source/structure_meshes,source/structure_meshes/362.obj,362,362,MD,Mediodorsal nucleus of thalamus,Basic cell groups and regions,444,bilateral,mesh_with_ontology,"ontology_path=root > Basic cell groups and regions > Brain stem > Interbrain > Thalamus > Thalamus, polymodal association cortex related > Medial group of the dorsal thalamus > Mediodorsal nucleus of thalamus"
mouse,source/structure_graph_1.json;source/structure_meshes,source/structure_meshes/363.obj,363,363,PL5,"Prelimbic area, layer 5",Basic cell groups and regions,972,bilateral,mesh_with_ontology,"ontology_path=root > Basic cell groups and regions > Cerebrum > Cerebral cortex > Cortical plate > Isocortex > Prelimbic area > Prelimbic area, layer 5"
mouse,source/structure_graph_1.json;source/structure_meshes,source/structure_meshes/364.obj,364,364,PSTN,Parasubthalamic nucleus,Basic cell groups and regions,290,bilateral,mesh_with_ontology,ontology_path=root > Basic cell groups and regions > Brain stem > Interbrain > Hypothalamus > Hypothalamic lateral zone > Parasubthalamic nucleus
mouse,source/structure_graph_1.json;source/structure_meshes,source/structure_meshes/366.obj,366,366,SMT,Submedial nucleus of the thalamus,Basic cell groups and regions,444,bilateral,mesh_with_ontology,"ontology_path=root > Basic cell groups and regions > Brain stem > Interbrain > Thalamus > Thalamus, polymodal association cortex related > Medial group of the dorsal thalamus > Submedial nucleus of the thalamus"
mouse,source/structure_graph_1.json;source/structure_meshes,source/structure_meshes/368.obj,368,368,PERI6b,"Perirhinal area, layer 6b",Basic cell groups and regions,922,bilateral,mesh_with_ontology,"ontology_path=root > Basic cell groups and regions > Cerebrum > Cerebral cortex > Cortical plate > Isocortex > Perirhinal area > Perirhinal area, layer 6b"
mouse,source/structure_graph_1.json;source/structure_meshes,source/structure_meshes/369.obj,369,369,SSp-ul,"Primary somatosensory area, upper limb",Basic cell groups and regions,322,bilateral,mesh_with_ontology,"ontology_path=root > Basic cell groups and regions > Cerebrum > Cerebral cortex > Cortical plate > Isocortex > Somatosensory areas > Primary somatosensory area > Primary somatosensory area, upper limb"
mouse,source/structure_graph_1.json;source/structure_meshes,source/structure_meshes/370.obj,370,370,MY-mot,"Medulla, motor related",Basic cell groups and regions,354,bilateral,mesh_with_ontology,"ontology_path=root > Basic cell groups and regions > Brain stem > Hindbrain > Medulla > Medulla, motor related"
mouse,source/structure_graph_1.json;source/structure_meshes,source/structure_meshes/372.obj,372,372,ICB,Infracerebellar nucleus,Basic cell groups and regions,370,bilateral,mesh_with_ontology,"ontology_path=root > Basic cell groups and regions > Brain stem > Hindbrain > Medulla > Medulla, motor related > Infracerebellar nucleus"
mouse,source/structure_graph_1.json;source/structure_meshes,source/structure_meshes/374.obj,374,374,SNc,"Substantia nigra, compact part",Basic cell groups and regions,348,bilateral,mesh_with_ontology,"ontology_path=root > Basic cell groups and regions > Brain stem > Midbrain > Midbrain, behavioral state related > Substantia nigra, compact part"
mouse,source/structure_graph_1.json;source/structure_meshes,source/structure_meshes/375.obj,375,375,CA,Ammon's horn,Basic cell groups and regions,1080,bilateral,mesh_with_ontology,ontology_path=root > Basic cell groups and regions > Cerebrum > Cerebral cortex > Cortical plate > Hippocampal formation > Hippocampal region > Ammon's horn
mouse,source/structure_graph_1.json;source/structure_meshes,source/structure_meshes/377.obj,377,377,VISpl6a,"Posterolateral visual area, layer 6a",Basic cell groups and regions,425,bilateral,mesh_with_ontology,"ontology_path=root > Basic cell groups and regions > Cerebrum > Cerebral cortex > Cortical plate > Isocortex > Visual areas > Posterolateral visual area > Posterolateral visual area, layer 6a"
mouse,source/structure_graph_1.json;source/structure_meshes,source/structure_meshes/378.obj,378,378,SSs,Supplemental somatosensory area,Basic cell groups and regions,453,bilateral,mesh_with_ontology,ontology_path=root > Basic cell groups and regions > Cerebrum > Cerebral cortex > Cortical plate > Isocortex > Somatosensory areas > Supplemental somatosensory area
mouse,source/structure_graph_1.json;source/structure_meshes,source/structure_meshes/379.obj,379,379,MY-sat,"Medulla, behavioral state related",Basic cell groups and regions,354,bilateral,mesh_with_ontology,"ontology_path=root > Basic cell groups and regions > Brain stem > Hindbrain > Medulla > Medulla, behavioral state related"
mouse,source/structure_graph_1.json;source/structure_meshes,source/structure_meshes/380.obj,380,380,cuf,cuneate fascicle,fiber tracts,514,bilateral,mesh_with_ontology,ontology_path=root > fiber tracts > cranial nerves > dorsal roots > cervicothalamic tract > dorsal column > cuneate fascicle
mouse,source/structure_graph_1.json;source/structure_meshes,source/structure_meshes/381.obj,381,381,SNr,"Substantia nigra, reticular part",Basic cell groups and regions,323,bilateral,mesh_with_ontology,"ontology_path=root > Basic cell groups and regions > Brain stem > Midbrain > Midbrain, motor related > Substantia nigra, reticular part"
mouse,source/structure_graph_1.json;source/structure_meshes,source/structure_meshes/382.obj,382,382,CA1,Field CA1,Basic cell groups and regions,375,bilateral,mesh_with_ontology,ontology_path=root > Basic cell groups and regions > Cerebrum > Cerebral cortex > Cortical plate > Hippocampal formation > Hippocampal region > Ammon's horn > Field CA1
mouse,source/structure_graph_1.json;source/structure_meshes,source/structure_meshes/385.obj,385,385,VISp,Primary visual area,Basic cell groups and regions,669,bilateral,mesh_with_ontology,ontology_path=root > Basic cell groups and regions > Cerebrum > Cerebral cortex > Cortical plate > Isocortex > Visual areas > Primary visual area
mouse,source/structure_graph_1.json;source/structure_meshes,source/structure_meshes/386.obj,386,386,MY-sen,"Medulla, sensory related",Basic cell groups and regions,354,bilateral,mesh_with_ontology,"ontology_path=root > Basic cell groups and regions > Brain stem > Hindbrain > Medulla > Medulla, sensory related"
mouse,source/structure_graph_1.json;source/structure_meshes,source/structure_meshes/390.obj,390,390,SO,Supraoptic nucleus,Basic cell groups and regions,157,bilateral,mesh_with_ontology,ontology_path=root > Basic cell groups and regions > Brain stem > Interbrain > Hypothalamus > Periventricular zone > Supraoptic nucleus
mouse,source/structure_graph_1.json;source/structure_meshes,source/structure_meshes/393.obj,393,393,VISpl6b,"Posterolateral visual area, layer 6b",Basic cell groups and regions,425,bilateral,mesh_with_ontology,"ontology_path=root > Basic cell groups and regions > Cerebrum > Cerebral cortex > Cortical plate > Isocortex > Visual areas > Posterolateral visual area > Posterolateral visual area, layer 6b"
mouse,source/structure_graph_1.json;source/structure_meshes,source/structure_meshes/394.obj,394,394,VISam,Anteromedial visual area,Basic cell groups and regions,669,bilateral,mesh_with_ontology,ontology_path=root > Basic cell groups and regions > Cerebrum > Cerebral cortex > Cortical plate > Isocortex > Visual areas > Anteromedial visual area
mouse,source/structure_graph_1.json;source/structure_meshes,source/structure_meshes/395.obj,395,395,MDRN,Medullary reticular nucleus,Basic cell groups and regions,370,bilateral,mesh_with_ontology,"ontology_path=root > Basic cell groups and regions > Brain stem > Hindbrain > Medulla > Medulla, motor related > Medullary reticular nucleus"
mouse,source/structure_graph_1.json;source/structure_meshes,source/structure_meshes/397.obj,397,397,vtd,ventral tegmental decussation,fiber tracts,863,bilateral,mesh_with_ontology,ontology_path=root > fiber tracts > extrapyramidal fiber systems > rubrospinal tract > ventral tegmental decussation
mouse,source/structure_graph_1.json;source/structure_meshes,source/structure_meshes/398.obj,398,398,SOC,Superior olivary complex,Basic cell groups and regions,1132,bilateral,mesh_with_ontology,"ontology_path=root > Basic cell groups and regions > Brain stem > Hindbrain > Pons > Pons, sensory related > Superior olivary complex"
mouse,source/structure_graph_1.json;source/structure_meshes,source/structure_meshes/401.obj,401,401,VISam4,"Anteromedial visual area, layer 4",Basic cell groups and regions,394,bilateral,mesh_with_ontology,"ontology_path=root > Basic cell groups and regions > Cerebrum > Cerebral cortex > Cortical plate > Isocortex > Visual areas > Anteromedial visual area > Anteromedial visual area, layer 4"
mouse,source/structure_graph_1.json;source/structure_meshes,source/structure_meshes/402.obj,402,402,VISal,Anterolateral visual area,Basic cell groups and regions,669,bilateral,mesh_with_ontology,ontology_path=root > Basic cell groups and regions > Cerebrum > Cerebral cortex > Cortical plate > Isocortex > Visual areas > Anterolateral visual area
mouse,source/structure_graph_1.json;source/structure_meshes,source/structure_meshes/403.obj,403,403,MEA,Medial amygdalar nucleus,Basic cell groups and regions,278,bilateral,mesh_with_ontology,ontology_path=root > Basic cell groups and regions > Cerebrum > Cerebral nuclei > Striatum > Striatum-like amygdalar nuclei > Medial amygdalar nucleus
mouse,source/structure_graph_1.json;source/structure_meshes,source/structure_meshes/406.obj,406,406,SPF,Subparafascicular nucleus,Basic cell groups and regions,864,bilateral,mesh_with_ontology,"ontology_path=root > Basic cell groups and regions > Brain stem > Interbrain > Thalamus > Thalamus, sensory-motor cortex related > Subparafascicular nucleus"
mouse,source/structure_graph_1.json;source/structure_meshes,source/structure_meshes/409.obj,409,409,VISl,Lateral visual area,Basic cell groups and regions,669,bilateral,mesh_with_ontology,ontology_path=root > Basic cell groups and regions > Cerebrum > Cerebral cortex > Cortical plate > Isocortex > Visual areas > Lateral visual area
mouse,source/structure_graph_1.json;source/structure_meshes,source/structure_meshes/412.obj,412,412,ORBl2/3,"Orbital area, lateral part, layer 2/3",Basic cell groups and regions,723,bilateral,mesh_with_ontology,"ontology_path=root > Basic cell groups and regions > Cerebrum > Cerebral cortex > Cortical plate > Isocortex > Orbital area > Orbital area, lateral part > Orbital area, lateral part, layer 2/3"
mouse,source/structure_graph_1.json;source/structure_meshes,source/structure_meshes/413.obj,413,413,vVIIIn,vestibular nerve,fiber tracts,933,bilateral,mesh_with_ontology,ontology_path=root > fiber tracts > cranial nerves > vestibulocochlear nerve > vestibular nerve
mouse,source/structure_graph_1.json;source/structure_meshes,source/structure_meshes/414.obj,414,414,SPFm,"Subparafascicular nucleus, magnocellular part",Basic cell groups and regions,406,bilateral,mesh_with_ontology,"ontology_path=root > Basic cell groups and regions > Brain stem > Interbrain > Thalamus > Thalamus, sensory-motor cortex related > Subparafascicular nucleus > Subparafascicular nucleus, magnocellular part"
mouse,source/structure_graph_1.json;source/structure_meshes,source/structure_meshes/417.obj,417,417,VISrl,Rostrolateral visual area,Basic cell groups and regions,22,bilateral,mesh_with_ontology,ontology_path=root > Basic cell groups and regions > Cerebrum > Cerebral cortex > Cortical plate > Isocortex > Posterior parietal association areas > Rostrolateral visual area
mouse,source/structure_graph_1.json;source/structure_meshes,source/structure_meshes/421.obj,421,421,VISl1,"Lateral visual area, layer 1",Basic cell groups and regions,409,bilateral,mesh_with_ontology,"ontology_path=root > Basic cell groups and regions > Cerebrum > Cerebral cortex > Cortical plate > Isocortex > Visual areas > Lateral visual area > Lateral visual area, layer 1"
mouse,source/structure_graph_1.json;source/structure_meshes,source/structure_meshes/422.obj,422,422,SPFp,"Subparafascicular nucleus, parvicellular part",Basic cell groups and regions,406,bilateral,mesh_with_ontology,"ontology_path=root > Basic cell groups and regions > Brain stem > Interbrain > Thalamus > Thalamus, sensory-motor cortex related > Subparafascicular nucleus > Subparafascicular nucleus, parvicellular part"
mouse,source/structure_graph_1.json;source/structure_meshes,source/structure_meshes/423.obj,423,423,CA2,Field CA2,Basic cell groups and regions,375,bilateral,mesh_with_ontology,ontology_path=root > Basic cell groups and regions > Cerebrum > Cerebral cortex > Cortical plate > Hippocampal formation > Hippocampal region > Ammon's horn > Field CA2
mouse,source/structure_graph_1.json;source/structure_meshes,source/structure_meshes/425.obj,425,425,VISpl,Posterolateral visual area,Basic cell groups and regions,669,bilateral,mesh_with_ontology,ontology_path=root > Basic cell groups and regions > Cerebrum > Cerebral cortex > Cortical plate > Isocortex > Visual areas > Posterolateral visual area
mouse,source/structure_graph_1.json;source/structure_meshes,source/structure_meshes/427.obj,427,427,ECT2/3,Ectorhinal area/Layer 2/3,Basic cell groups and regions,895,bilateral,mesh_with_ontology,ontology_path=root > Basic cell groups and regions > Cerebrum > Cerebral cortex > Cortical plate > Isocortex > Ectorhinal area > Ectorhinal area/Layer 2/3
mouse,source/structure_graph_1.json;source/structure_meshes,source/structure_meshes/428.obj,428,428,mct,medial corticohypothalamic tract,fiber tracts,737,bilateral,mesh_with_ontology,ontology_path=root > fiber tracts > medial forebrain bundle system > cerebrum related > fornix system > postcommissural fornix > medial corticohypothalamic tract
mouse,source/structure_graph_1.json;source/structure_meshes,source/structure_meshes/429.obj,429,429,SPVC,"Spinal nucleus of the trigeminal, caudal part",Basic cell groups and regions,386,bilateral,mesh_with_ontology,"ontology_path=root > Basic cell groups and regions > Brain stem > Hindbrain > Medulla > Medulla, sensory related > Spinal nucleus of the trigeminal, caudal part"
mouse,source/structure_graph_1.json;source/structure_meshes,source/structure_meshes/430.obj,430,430,RSPv2/3,"Retrosplenial area, ventral part, layer 2/3",Basic cell groups and regions,886,bilateral,mesh_with_ontology,"ontology_path=root > Basic cell groups and regions > Cerebrum > Cerebral cortex > Cortical plate > Isocortex > Retrosplenial area > Retrosplenial area, ventral part > Retrosplenial area, ventral part, layer 2/3"
mouse,source/structure_graph_1.json;source/structure_meshes,source/structure_meshes/433.obj,433,433,VISam5,"Anteromedial visual area, layer 5",Basic cell groups and regions,394,bilateral,mesh_with_ontology,"ontology_path=root > Basic cell groups and regions > Cerebrum > Cerebral cortex > Cortical plate > Isocortex > Visual areas > Anteromedial visual area > Anteromedial visual area, layer 5"
mouse,source/structure_graph_1.json;source/structure_meshes,source/structure_meshes/434.obj,434,434,RSPd2/3,"Retrosplenial area, dorsal part, layer 2/3",Basic cell groups and regions,879,bilateral,mesh_with_ontology,"ontology_path=root > Basic cell groups and regions > Cerebrum > Cerebral cortex > Cortical plate > Isocortex > Retrosplenial area > Retrosplenial area, dorsal part > Retrosplenial area, dorsal part, layer 2/3"
mouse,source/structure_graph_1.json;source/structure_meshes,source/structure_meshes/436.obj,436,436,fx,columns of the fornix,fiber tracts,737,bilateral,mesh_with_ontology,ontology_path=root > fiber tracts > medial forebrain bundle system > cerebrum related > fornix system > postcommissural fornix > columns of the fornix
mouse,source/structure_graph_1.json;source/structure_meshes,source/structure_meshes/437.obj,437,437,SPVI,"Spinal nucleus of the trigeminal, interpolar part",Basic cell groups and regions,386,bilateral,mesh_with_ontology,"ontology_path=root > Basic cell groups and regions > Brain stem > Hindbrain > Medulla > Medulla, sensory related > Spinal nucleus of the trigeminal, interpolar part"
mouse,source/structure_graph_1.json;source/structure_meshes,source/structure_meshes/440.obj,440,440,ORBl6a,"Orbital area, lateral part, layer 6a",Basic cell groups and regions,723,bilateral,mesh_with_ontology,"ontology_path=root > Basic cell groups and regions > Cerebrum > Cerebral cortex > Cortical plate > Isocortex > Orbital area > Orbital area, lateral part > Orbital area, lateral part, layer 6a"
mouse,source/structure_graph_1.json;source/structure_meshes,source/structure_meshes/441.obj,441,441,VISam6b,"Anteromedial visual area, layer 6b",Basic cell groups and regions,394,bilateral,mesh_with_ontology,"ontology_path=root > Basic cell groups and regions > Cerebrum > Cerebral cortex > Cortical plate > Isocortex > Visual areas > Anteromedial visual area > Anteromedial visual area, layer 6b"
mouse,source/structure_graph_1.json;source/structure_meshes,source/structure_meshes/442.obj,442,442,RSPd1,"Retrosplenial area, dorsal part, layer 1",Basic cell groups and regions,879,bilateral,mesh_with_ontology,"ontology_path=root > Basic cell groups and regions > Cerebrum > Cerebral cortex > Cortical plate > Isocortex > Retrosplenial area > Retrosplenial area, dorsal part > Retrosplenial area, dorsal part, layer 1"
mouse,source/structure_graph_1.json;source/structure_meshes,source/structure_meshes/443.obj,443,443,dhc,dorsal hippocampal commissure,fiber tracts,618,bilateral,mesh_with_ontology,ontology_path=root > fiber tracts > medial forebrain bundle system > cerebrum related > fornix system > hippocampal commissures > dorsal hippocampal commissure
mouse,source/structure_graph_1.json;source/structure_meshes,source/structure_meshes/444.obj,444,444,MED,Medial group of the dorsal thalamus,Basic cell groups and regions,856,bilateral,mesh_with_ontology,"ontology_path=root > Basic cell groups and regions > Brain stem > Interbrain > Thalamus > Thalamus, polymodal association cortex related > Medial group of the dorsal thalamus"
mouse,source/structure_graph_1.json;source/structure_meshes,source/structure_meshes/445.obj,445,445,SPVO,"Spinal nucleus of the trigeminal, oral part",Basic cell groups and regions,386,bilateral,mesh_with_ontology,"ontology_path=root > Basic cell groups and regions > Brain stem > Hindbrain > Medulla > Medulla, sensory related > Spinal nucleus of the trigeminal, oral part"
mouse,source/structure_graph_1.json;source/structure_meshes,source/structure_meshes/448.obj,448,448,ORBl1,"Orbital area, lateral part, layer 1",Basic cell groups and regions,723,bilateral,mesh_with_ontology,"ontology_path=root > Basic cell groups and regions > Cerebrum > Cerebral cortex > Cortical plate > Isocortex > Orbital area > Orbital area, lateral part > Orbital area, lateral part, layer 1"
mouse,source/structure_graph_1.json;source/structure_meshes,source/structure_meshes/449.obj,449,449,vhc,ventral hippocampal commissure,fiber tracts,618,bilateral,mesh_with_ontology,ontology_path=root > fiber tracts > medial forebrain bundle system > cerebrum related > fornix system > hippocampal commissures > ventral hippocampal commissure
mouse,source/structure_graph_1.json;source/structure_meshes,source/structure_meshes/450.obj,450,450,SSp-ul1,"Primary somatosensory area, upper limb, layer 1",Basic cell groups and regions,369,bilateral,mesh_with_ontology,"ontology_path=root > Basic cell groups and regions > Cerebrum > Cerebral cortex > Cortical plate > Isocortex > Somatosensory areas > Primary somatosensory area > Primary somatosensory area, upper limb > Primary somatosensory area, upper limb, layer 1"
mouse,source/structure_graph_1.json;source/structure_meshes,source/structure_meshes/451.obj,451,451,BLAv,"Basolateral amygdalar nucleus, ventral part",Basic cell groups and regions,295,bilateral,mesh_with_ontology,"ontology_path=root > Basic cell groups and regions > Cerebrum > Cerebral cortex > Cortical subplate > Basolateral amygdalar nucleus > Basolateral amygdalar nucleus, ventral part"
mouse,source/structure_graph_1.json;source/structure_meshes,source/structure_meshes/452.obj,452,452,MEPO,Median preoptic nucleus,Basic cell groups and regions,141,bilateral,mesh_with_ontology,ontology_path=root > Basic cell groups and regions > Brain stem > Interbrain > Hypothalamus > Periventricular region > Median preoptic nucleus
mouse,source/structure_graph_1.json;source/structure_meshes,source/structure_meshes/453.obj,453,453,SS,Somatosensory areas,Basic cell groups and regions,315,bilateral,mesh_with_ontology,ontology_path=root > Basic cell groups and regions > Cerebrum > Cerebral cortex > Cortical plate > Isocortex > Somatosensory areas
mouse,source/structure_graph_1.json;source/structure_meshes,source/structure_meshes/456.obj,456,456,AUDpo6b,"Posterior auditory area, layer 6b",Basic cell groups and regions,1027,bilateral,mesh_with_ontology,"ontology_path=root > Basic cell groups and regions > Cerebrum > Cerebral cortex > Cortical plate > Isocortex > Auditory areas > Posterior auditory area > Posterior auditory area, layer 6b"
mouse,source/structure_graph_1.json;source/structure_meshes,source/structure_meshes/460.obj,460,460,MEV,Midbrain trigeminal nucleus,Basic cell groups and regions,339,bilateral,mesh_with_ontology,"ontology_path=root > Basic cell groups and regions > Brain stem > Midbrain > Midbrain, sensory related > Midbrain trigeminal nucleus"
mouse,source/structure_graph_1.json;source/structure_meshes,source/structure_meshes/461.obj,461,461,SSp-tr6b,"Primary somatosensory area, trunk, layer 6b",Basic cell groups and regions,361,bilateral,mesh_with_ontology,"ontology_path=root > Basic cell groups and regions > Cerebrum > Cerebral cortex > Cortical plate > Isocortex > Somatosensory areas > Primary somatosensory area > Primary somatosensory area, trunk > Primary somatosensory area, trunk, layer 6b"
mouse,source/structure_graph_1.json;source/structure_meshes,source/structure_meshes/463.obj,463,463,CA3,Field CA3,Basic cell groups and regions,375,bilateral,mesh_with_ontology,ontology_path=root > Basic cell groups and regions > Cerebrum > Cerebral cortex > Cortical plate > Hippocampal formation > Hippocampal region > Ammon's horn > Field CA3
mouse,source/structure_graph_1.json;source/structure_meshes,source/structure_meshes/466.obj,466,466,alv,alveus,fiber tracts,1099,bilateral,mesh_with_ontology,ontology_path=root > fiber tracts > medial forebrain bundle system > cerebrum related > fornix system > alveus
mouse,source/structure_graph_1.json;source/structure_meshes,source/structure_meshes/467.obj,467,467,MEZ,Hypothalamic medial zone,Basic cell groups and regions,1097,bilateral,mesh_with_ontology,ontology_path=root > Basic cell groups and regions > Brain stem > Interbrain > Hypothalamus > Hypothalamic medial zone
mouse,source/structure_graph_1.json;source/structure_meshes,source/structure_meshes/469.obj,469,469,VISpm6b,"posteromedial visual area, layer 6b",Basic cell groups and regions,533,bilateral,mesh_with_ontology,"ontology_path=root > Basic cell groups and regions > Cerebrum > Cerebral cortex > Cortical plate > Isocortex > Visual areas > posteromedial visual area > posteromedial visual area, layer 6b"
mouse,source/structure_graph_1.json;source/structure_meshes,source/structure_meshes/470.obj,470,470,STN,Subthalamic nucleus,Basic cell groups and regions,290,bilateral,mesh_with_ontology,ontology_path=root > Basic cell groups and regions > Brain stem > Interbrain > Hypothalamus > Hypothalamic lateral zone > Subthalamic nucleus
mouse,source/structure_graph_1.json;source/structure_meshes,source/structure_meshes/475.obj,475,475,MG,Medial geniculate complex,Basic cell groups and regions,1008,bilateral,mesh_with_ontology,"ontology_path=root > Basic cell groups and regions > Brain stem > Interbrain > Thalamus > Thalamus, sensory-motor cortex related > Geniculate group, dorsal thalamus > Medial geniculate complex"
mouse,source/structure_graph_1.json;source/structure_meshes,source/structure_meshes/477.obj,477,477,STR,Striatum,Basic cell groups and regions,623,bilateral,mesh_with_ontology,ontology_path=root > Basic cell groups and regions > Cerebrum > Cerebral nuclei > Striatum
mouse,source/structure_graph_1.json;source/structure_meshes,source/structure_meshes/478.obj,478,478,SSp-ll6a,"Primary somatosensory area, lower limb, layer 6a",Basic cell groups and regions,337,bilateral,mesh_with_ontology,"ontology_path=root > Basic cell groups and regions > Cerebrum > Cerebral cortex > Cortical plate > Isocortex > Somatosensory areas > Primary somatosensory area > Primary somatosensory area, lower limb > Primary somatosensory area, lower limb, layer 6a"
mouse,source/structure_graph_1.json;source/structure_meshes,source/structure_meshes/482.obj,482,482,bic,brachium of the inferior colliculus,fiber tracts,948,bilateral,mesh_with_ontology,ontology_path=root > fiber tracts > cranial nerves > vestibulocochlear nerve > cochlear nerve > brachium of the inferior colliculus
mouse,source/structure_graph_1.json;source/structure_meshes,source/structure_meshes/483.obj,483,483,MH,Medial habenula,Basic cell groups and regions,958,bilateral,mesh_with_ontology,"ontology_path=root > Basic cell groups and regions > Brain stem > Interbrain > Thalamus > Thalamus, polymodal association cortex related > Epithalamus > Medial habenula"
mouse,source/structure_graph_1.json;source/structure_meshes,source/structure_meshes/484.obj,484,484,ORBm1,"Orbital area, medial part, layer 1",Basic cell groups and regions,731,bilateral,mesh_with_ontology,"ontology_path=root > Basic cell groups and regions > Cerebrum > Cerebral cortex > Cortical plate > Isocortex > Orbital area > Orbital area, medial part > Orbital area, medial part, layer 1"
mouse,source/structure_graph_1.json;source/structure_meshes,source/structure_meshes/485.obj,485,485,STRd,Striatum dorsal region,Basic cell groups and regions,477,bilateral,mesh_with_ontology,ontology_path=root > Basic cell groups and regions > Cerebrum > Cerebral nuclei > Striatum > Striatum dorsal region
mouse,source/structure_graph_1.json;source/structure_meshes,source/structure_meshes/488.obj,488,488,ORBl6b,"Orbital area, lateral part, layer 6b",Basic cell groups and regions,723,bilateral,mesh_with_ontology,"ontology_path=root > Basic cell groups and regions > Cerebrum > Cerebral cortex > Cortical plate > Isocortex > Orbital area > Orbital area, lateral part > Orbital area, lateral part, layer 6b"
mouse,source/structure_graph_1.json;source/structure_meshes,source/structure_meshes/491.obj,491,491,MM,Medial mammillary nucleus,Basic cell groups and regions,331,bilateral,mesh_with_ontology,ontology_path=root > Basic cell groups and regions > Brain stem > Interbrain > Hypothalamus > Hypothalamic medial zone > Mammillary body > Medial mammillary nucleus
mouse,source/structure_graph_1.json;source/structure_meshes,source/structure_meshes/493.obj,493,493,STRv,Striatum ventral region,Basic cell groups and regions,477,bilateral,mesh_with_ontology,ontology_path=root > Basic cell groups and regions > Cerebrum > Cerebral nuclei > Striatum > Striatum ventral region
mouse,source/structure_graph_1.json;source/structure_meshes,source/structure_meshes/500.obj,500,500,MO,Somatomotor areas,Basic cell groups and regions,315,bilateral,mesh_with_ontology,ontology_path=root > Basic cell groups and regions > Cerebrum > Cerebral cortex > Cortical plate > Isocortex > Somatomotor areas
mouse,source/structure_graph_1.json;source/structure_meshes,source/structure_meshes/501.obj,501,501,VISpm4,"posteromedial visual area, layer 4",Basic cell groups and regions,533,bilateral,mesh_with_ontology,"ontology_path=root > Basic cell groups and regions > Cerebrum > Cerebral cortex > Cortical plate > Isocortex > Visual areas > posteromedial visual area > posteromedial visual area, layer 4"
mouse,source/structure_graph_1.json;source/structure_meshes,source/structure_meshes/502.obj,502,502,SUB,Subiculum,Basic cell groups and regions,822,bilateral,mesh_with_ontology,ontology_path=root > Basic cell groups and regions > Cerebrum > Cerebral cortex > Cortical plate > Hippocampal formation > Retrohippocampal region > Subiculum
mouse,source/structure_graph_1.json;source/structure_meshes,source/structure_meshes/506.obj,506,506,das,dorsal acoustic stria,fiber tracts,948,bilateral,mesh_with_ontology,ontology_path=root > fiber tracts > cranial nerves > vestibulocochlear nerve > cochlear nerve > dorsal acoustic stria
mouse,source/structure_graph_1.json;source/structure_meshes,source/structure_meshes/507.obj,507,507,MOB,Main olfactory bulb,Basic cell groups and regions,698,bilateral,mesh_with_ontology,ontology_path=root > Basic cell groups and regions > Cerebrum > Cerebral cortex > Cortical plate > Olfactory areas > Main olfactory bulb
mouse,source/structure_graph_1.json;source/structure_meshes,source/structure_meshes/510.obj,510,510,SSp-ll6b,"Primary somatosensory area, lower limb, layer 6b",Basic cell groups and regions,337,bilateral,mesh_with_ontology,"ontology_path=root > Basic cell groups and regions > Cerebrum > Cerebral cortex > Cortical plate > Isocortex > Somatosensory areas > Primary somatosensory area > Primary somatosensory area, lower limb > Primary somatosensory area, lower limb, layer 6b"
mouse,source/structure_graph_1.json;source/structure_meshes,source/structure_meshes/512.obj,512,512,CB,Cerebellum,Basic cell groups and regions,8,bilateral,mesh_with_ontology,ontology_path=root > Basic cell groups and regions > Cerebellum
mouse,source/structure_graph_1.json;source/structure_meshes,source/structure_meshes/514.obj,514,514,dc,dorsal column,fiber tracts,932,bilateral,mesh_with_ontology,ontology_path=root > fiber tracts > cranial nerves > dorsal roots > cervicothalamic tract > dorsal column
mouse,source/structure_graph_1.json;source/structure_meshes,source/structure_meshes/515.obj,515,515,MPN,Medial preoptic nucleus,Basic cell groups and regions,467,bilateral,mesh_with_ontology,ontology_path=root > Basic cell groups and regions > Brain stem > Interbrain > Hypothalamus > Hypothalamic medial zone > Medial preoptic nucleus
mouse,source/structure_graph_1.json;source/structure_meshes,source/structure_meshes/519.obj,519,519,CBN,Cerebellar nuclei,Basic cell groups and regions,512,bilateral,mesh_with_ontology,ontology_path=root > Basic cell groups and regions > Cerebellum > Cerebellar nuclei
mouse,source/structure_graph_1.json;source/structure_meshes,source/structure_meshes/520.obj,520,520,AUDv6a,"Ventral auditory area, layer 6a",Basic cell groups and regions,1018,bilateral,mesh_with_ontology,"ontology_path=root > Basic cell groups and regions > Cerebrum > Cerebral cortex > Cortical plate > Isocortex > Auditory areas > Ventral auditory area > Ventral auditory area, layer 6a"
mouse,source/structure_graph_1.json;source/structure_meshes,source/structure_meshes/523.obj,523,523,MPO,Medial preoptic area,Basic cell groups and regions,141,bilateral,mesh_with_ontology,ontology_path=root > Basic cell groups and regions > Brain stem > Interbrain > Hypothalamus > Periventricular region > Medial preoptic area
mouse,source/structure_graph_1.json;source/structure_meshes,source/structure_meshes/525.obj,525,525,SUM,Supramammillary nucleus,Basic cell groups and regions,331,bilateral,mesh_with_ontology,ontology_path=root > Basic cell groups and regions > Brain stem > Interbrain > Hypothalamus > Hypothalamic medial zone > Mammillary body > Supramammillary nucleus
mouse,source/structure_graph_1.json;source/structure_meshes,source/structure_meshes/526.obj,526,526,ENTm1,"Entorhinal area, medial part, dorsal zone, layer 1",Basic cell groups and regions,926,bilateral,mesh_with_ontology,"ontology_path=root > Basic cell groups and regions > Cerebrum > Cerebral cortex > Cortical plate > Hippocampal formation > Retrohippocampal region > Entorhinal area > Entorhinal area, medial part, dorsal zone > Entorhinal area, medial part, dorsal zone, layer 1"
mouse,source/structure_graph_1.json;source/structure_meshes,source/structure_meshes/527.obj,527,527,AUDd1,"Dorsal auditory area, layer 1",Basic cell groups and regions,1011,bilateral,mesh_with_ontology,"ontology_path=root > Basic cell groups and regions > Cerebrum > Cerebral cortex > Cortical plate > Isocortex > Auditory areas > Dorsal auditory area > Dorsal auditory area, layer 1"
mouse,source/structure_graph_1.json;source/structure_meshes,source/structure_meshes/528.obj,528,528,CBX,Cerebellar cortex,Basic cell groups and regions,512,bilateral,mesh_with_ontology,ontology_path=root > Basic cell groups and regions > Cerebellum > Cerebellar cortex
mouse,source/structure_graph_1.json;source/structure_meshes,source/structure_meshes/530.obj,530,530,df,dorsal fornix,fiber tracts,1099,bilateral,mesh_with_ontology,ontology_path=root > fiber tracts > medial forebrain bundle system > cerebrum related > fornix system > dorsal fornix
mouse,source/structure_graph_1.json;source/structure_meshes,source/structure_meshes/531.obj,531,531,MPT,Medial pretectal area,Basic cell groups and regions,1100,bilateral,mesh_with_ontology,"ontology_path=root > Basic cell groups and regions > Brain stem > Midbrain > Midbrain, motor related > Pretectal region > Medial pretectal area"
mouse,source/structure_graph_1.json;source/structure_meshes,source/structure_meshes/533.obj,533,533,VISpm,posteromedial visual area,Basic cell groups and regions,669,bilateral,mesh_with_ontology,ontology_path=root > Basic cell groups and regions > Cerebrum > Cerebral cortex > Cortical plate > Isocortex > Visual areas > posteromedial visual area
mouse,source/structure_graph_1.json;source/structure_meshes,source/structure_meshes/534.obj,534,534,SUT,Supratrigeminal nucleus,Basic cell groups and regions,987,bilateral,mesh_with_ontology,"ontology_path=root > Basic cell groups and regions > Brain stem > Hindbrain > Pons > Pons, motor related > Supratrigeminal nucleus"
mouse,source/structure_graph_1.json;source/structure_meshes,source/structure_meshes/536.obj,536,536,CEA,Central amygdalar nucleus,Basic cell groups and regions,278,bilateral,mesh_with_ontology,ontology_path=root > Basic cell groups and regions > Cerebrum > Cerebral nuclei > Striatum > Striatum-like amygdalar nuclei > Central amygdalar nucleus
mouse,source/structure_graph_1.json;source/structure_meshes,source/structure_meshes/538.obj,538,538,lotd,dorsal limb,fiber tracts,21,bilateral,mesh_with_ontology,"ontology_path=root > fiber tracts > cranial nerves > olfactory nerve > lateral olfactory tract, general > dorsal limb"
mouse,source/structure_graph_1.json;source/structure_meshes,source/structure_meshes/540.obj,540,540,PERI1,"Perirhinal area, layer 1",Basic cell groups and regions,922,bilateral,mesh_with_ontology,"ontology_path=root > Basic cell groups and regions > Cerebrum > Cerebral cortex > Cortical plate > Isocortex > Perirhinal area > Perirhinal area, layer 1"
mouse,source/structure_graph_1.json;source/structure_meshes,source/structure_meshes/541.obj,541,541,TEa,Temporal association areas,Basic cell groups and regions,315,bilateral,mesh_with_ontology,ontology_path=root > Basic cell groups and regions > Cerebrum > Cerebral cortex > Cortical plate > Isocortex > Temporal association areas
mouse,source/structure_graph_1.json;source/structure_meshes,source/structure_meshes/542.obj,542,542,RSPv1,"Retrosplenial area, ventral part, layer 1",Basic cell groups and regions,886,bilateral,mesh_with_ontology,"ontology_path=root > Basic cell groups and regions > Cerebrum > Cerebral cortex > Cortical plate > Isocortex > Retrosplenial area > Retrosplenial area, ventral part > Retrosplenial area, ventral part, layer 1"
mouse,source/structure_graph_1.json;source/structure_meshes,source/structure_meshes/543.obj,543,543,ENTm2,"Entorhinal area, medial part, dorsal zone, layer 2",Basic cell groups and regions,926,bilateral,mesh_with_ontology,"ontology_path=root > Basic cell groups and regions > Cerebrum > Cerebral cortex > Cortical plate > Hippocampal formation > Retrohippocampal region > Entorhinal area > Entorhinal area, medial part, dorsal zone > Entorhinal area, medial part, dorsal zone, layer 2"
mouse,source/structure_graph_1.json;source/structure_meshes,source/structure_meshes/544.obj,544,544,CEAc,"Central amygdalar nucleus, capsular part",Basic cell groups and regions,536,bilateral,mesh_with_ontology,"ontology_path=root > Basic cell groups and regions > Cerebrum > Cerebral nuclei > Striatum > Striatum-like amygdalar nuclei > Central amygdalar nucleus > Central amygdalar nucleus, capsular part"
mouse,source/structure_graph_1.json;source/structure_meshes,source/structure_meshes/549.obj,549,549,TH,Thalamus,Basic cell groups and regions,1129,bilateral,mesh_with_ontology,ontology_path=root > Basic cell groups and regions > Brain stem > Interbrain > Thalamus
mouse,source/structure_graph_1.json;source/structure_meshes,source/structure_meshes/551.obj,551,551,CEAl,"Central amygdalar nucleus, lateral part",Basic cell groups and regions,536,bilateral,mesh_with_ontology,"ontology_path=root > Basic cell groups and regions > Cerebrum > Cerebral nuclei > Striatum > Striatum-like amygdalar nuclei > Central amygdalar nucleus > Central amygdalar nucleus, lateral part"
mouse,source/structure_graph_1.json;source/structure_meshes,source/structure_meshes/553.obj,553,553,sctd,dorsal spinocerebellar tract,fiber tracts,1123,bilateral,mesh_with_ontology,ontology_path=root > fiber tracts > cerebellum related fiber tracts > cerebellar peduncles > inferior cerebellar peduncle > dorsal spinocerebellar tract
mouse,source/structure_graph_1.json;source/structure_meshes,source/structure_meshes/556.obj,556,556,ILA2/3,"Infralimbic area, layer 2/3",Basic cell groups and regions,44,bilateral,mesh_with_ontology,"ontology_path=root > Basic cell groups and regions > Cerebrum > Cerebral cortex > Cortical plate > Isocortex > Infralimbic area > Infralimbic area, layer 2/3"
mouse,source/structure_graph_1.json;source/structure_meshes,source/structure_meshes/557.obj,557,557,TM,Tuberomammillary nucleus,Basic cell groups and regions,331,bilateral,mesh_with_ontology,ontology_path=root > Basic cell groups and regions > Brain stem > Interbrain > Hypothalamus > Hypothalamic medial zone > Mammillary body > Tuberomammillary nucleus
mouse,source/structure_graph_1.json;source/structure_meshes,source/structure_meshes/558.obj,558,558,SSp-n1,"Primary somatosensory area, nose, layer 1",Basic cell groups and regions,353,bilateral,mesh_with_ontology,"ontology_path=root > Basic cell groups and regions > Cerebrum > Cerebral cortex > Cortical plate > Isocortex > Somatosensory areas > Primary somatosensory area > Primary somatosensory area, nose > Primary somatosensory area, nose, layer 1"
mouse,source/structure_graph_1.json;source/structure_meshes,source/structure_meshes/559.obj,559,559,CEAm,"Central amygdalar nucleus, medial part",Basic cell groups and regions,536,bilateral,mesh_with_ontology,"ontology_path=root > Basic cell groups and regions > Cerebrum > Cerebral nuclei > Striatum > Striatum-like amygdalar nuclei > Central amygdalar nucleus > Central amygdalar nucleus, medial part"
mouse,source/structure_graph_1.json;source/structure_meshes,source/structure_meshes/564.obj,564,564,MS,Medial septal nucleus,Basic cell groups and regions,904,bilateral,mesh_with_ontology,"ontology_path=root > Basic cell groups and regions > Cerebrum > Cerebral nuclei > Pallidum > Pallidum, medial region > Medial septal complex > Medial septal nucleus"
mouse,source/structure_graph_1.json;source/structure_meshes,source/structure_meshes/565.obj,565,565,VISpm5,"posteromedial visual area, layer 5",Basic cell groups and regions,533,bilateral,mesh_with_ontology,"ontology_path=root > Basic cell groups and regions > Cerebrum > Cerebral cortex > Cortical plate > Isocortex > Visual areas > posteromedial visual area > posteromedial visual area, layer 5"
mouse,source/structure_graph_1.json;source/structure_meshes,source/structure_meshes/566.obj,566,566,TR,Postpiriform transition area,Basic cell groups and regions,698,bilateral,mesh_with_ontology,ontology_path=root > Basic cell groups and regions > Cerebrum > Cerebral cortex > Cortical plate > Olfactory areas > Postpiriform transition area
mouse,source/structure_graph_1.json;source/structure_meshes,source/structure_meshes/567.obj,567,567,CH,Cerebrum,Basic cell groups and regions,8,bilateral,mesh_with_ontology,ontology_path=root > Basic cell groups and regions > Cerebrum
mouse,source/structure_graph_1.json;source/structure_meshes,source/structure_meshes/571.obj,571,571,MTN,Midline group of the dorsal thalamus,Basic cell groups and regions,856,bilateral,mesh_with_ontology,"ontology_path=root > Basic cell groups and regions > Brain stem > Interbrain > Thalamus > Thalamus, polymodal association cortex related > Midline group of the dorsal thalamus"
mouse,source/structure_graph_1.json;source/structure_meshes,source/structure_meshes/573.obj,573,573,VISl4,"Lateral visual area, layer 4",Basic cell groups and regions,409,bilateral,mesh_with_ontology,"ontology_path=root > Basic cell groups and regions > Cerebrum > Cerebral cortex > Cortical plate > Isocortex > Visual areas > Lateral visual area > Lateral visual area, layer 4"
mouse,source/structure_graph_1.json;source/structure_meshes,source/structure_meshes/574.obj,574,574,TRN,Tegmental reticular nucleus,Basic cell groups and regions,987,bilateral,mesh_with_ontology,"ontology_path=root > Basic cell groups and regions > Brain stem > Hindbrain > Pons > Pons, motor related > Tegmental reticular nucleus"
mouse,source/structure_graph_1.json;source/structure_meshes,source/structure_meshes/575.obj,575,575,CL,Central lateral nucleus of the thalamus,Basic cell groups and regions,51,bilateral,mesh_with_ontology,"ontology_path=root > Basic cell groups and regions > Brain stem > Interbrain > Thalamus > Thalamus, polymodal association cortex related > Intralaminar nuclei of the dorsal thalamus > Central lateral nucleus of the thalamus"
mouse,source/structure_graph_1.json;source/structure_meshes,source/structure_meshes/576.obj,576,576,ACVII,Accessory facial motor nucleus,Basic cell groups and regions,370,bilateral,mesh_with_ontology,"ontology_path=root > Basic cell groups and regions > Brain stem > Hindbrain > Medulla > Medulla, motor related > Accessory facial motor nucleus"
mouse,source/structure_graph_1.json;source/structure_meshes,source/structure_meshes/577.obj,577,577,SSp-ul4,"Primary somatosensory area, upper limb, layer 4",Basic cell groups and regions,369,bilateral,mesh_with_ontology,"ontology_path=root > Basic cell groups and regions > Cerebrum > Cerebral cortex > Cortical plate > Isocortex > Somatosensory areas > Primary somatosensory area > Primary somatosensory area, upper limb > Primary somatosensory area, upper limb, layer 4"
mouse,source/structure_graph_1.json;source/structure_meshes,source/structure_meshes/579.obj,579,579,ec,external capsule,fiber tracts,956,bilateral,mesh_with_ontology,"ontology_path=root > fiber tracts > lateral forebrain bundle system > corpus callosum > corpus callosum, anterior forceps > external capsule"
mouse,source/structure_graph_1.json;source/structure_meshes,source/structure_meshes/580.obj,580,580,NB,Nucleus of the brachium of the inferior colliculus,Basic cell groups and regions,339,bilateral,mesh_with_ontology,"ontology_path=root > Basic cell groups and regions > Brain stem > Midbrain > Midbrain, sensory related > Nucleus of the brachium of the inferior colliculus"
mouse,source/structure_graph_1.json;source/structure_meshes,source/structure_meshes/581.obj,581,581,TRS,Triangular nucleus of septum,Basic cell groups and regions,826,bilateral,mesh_with_ontology,"ontology_path=root > Basic cell groups and regions > Cerebrum > Cerebral nuclei > Pallidum > Pallidum, medial region > Triangular nucleus of septum"
mouse,source/structure_graph_1.json;source/structure_meshes,source/structure_meshes/582.obj,582,582,ORBm2/3,"Orbital area, medial part, layer 2/3",Basic cell groups and regions,731,bilateral,mesh_with_ontology,"ontology_path=root > Basic cell groups and regions > Cerebrum > Cerebral cortex > Cortical plate > Isocortex > Orbital area > Orbital area, medial part > Orbital area, medial part, layer 2/3"
mouse,source/structure_graph_1.json;source/structure_meshes,source/structure_meshes/583.obj,583,583,CLA,Claustrum,Basic cell groups and regions,703,bilateral,mesh_with_ontology,ontology_path=root > Basic cell groups and regions > Cerebrum > Cerebral cortex > Cortical subplate > Claustrum
mouse,source/structure_graph_1.json;source/structure_meshes,source/structure_meshes/587.obj,587,587,ND,Nucleus of Darkschewitsch,Basic cell groups and regions,795,bilateral,mesh_with_ontology,"ontology_path=root > Basic cell groups and regions > Brain stem > Midbrain > Midbrain, motor related > Periaqueductal gray > Nucleus of Darkschewitsch"
mouse,source/structure_graph_1.json;source/structure_meshes,source/structure_meshes/588.obj,588,588,ACAv1,"Anterior cingulate area, ventral part, layer 1",Basic cell groups and regions,48,bilateral,mesh_with_ontology,"ontology_path=root > Basic cell groups and regions > Cerebrum > Cerebral cortex > Cortical plate > Isocortex > Anterior cingulate area > Anterior cingulate area, ventral part > Anterior cingulate area, ventral part, layer 1"
mouse,source/structure_graph_1.json;source/structure_meshes,source/structure_meshes/589.obj,589,589,TT,Taenia tecta,Basic cell groups and regions,698,bilateral,mesh_with_ontology,ontology_path=root > Basic cell groups and regions > Cerebrum > Cerebral cortex > Cortical plate > Olfactory areas > Taenia tecta
mouse,source/structure_graph_1.json;source/structure_meshes,source/structure_meshes/590.obj,590,590,RSPv6a,"Retrosplenial area, ventral part, layer 6a",Basic cell groups and regions,886,bilateral,mesh_with_ontology,"ontology_path=root > Basic cell groups and regions > Cerebrum > Cerebral cortex > Cortical plate > Isocortex > Retrosplenial area > Retrosplenial area, ventral part > Retrosplenial area, ventral part, layer 6a"
mouse,source/structure_graph_1.json;source/structure_meshes,source/structure_meshes/591.obj,591,591,CLI,Central linear nucleus raphe,Basic cell groups and regions,165,bilateral,mesh_with_ontology,"ontology_path=root > Basic cell groups and regions > Brain stem > Midbrain > Midbrain, behavioral state related > Midbrain raphe nuclei > Central linear nucleus raphe"
mouse,source/structure_graph_1.json;source/structure_meshes,source/structure_meshes/593.obj,593,593,VISp1,"Primary visual area, layer 1",Basic cell groups and regions,385,bilateral,mesh_with_ontology,"ontology_path=root > Basic cell groups and regions > Cerebrum > Cerebral cortex > Cortical plate > Isocortex > Visual areas > Primary visual area > Primary visual area, layer 1"
mouse,source/structure_graph_1.json;source/structure_meshes,source/structure_meshes/595.obj,595,595,fr,fasciculus retroflexus,fiber tracts,1083,bilateral,mesh_with_ontology,ontology_path=root > fiber tracts > medial forebrain bundle system > hypothalamus related > epithalamus related > fasciculus retroflexus
mouse,source/structure_graph_1.json;source/structure_meshes,source/structure_meshes/596.obj,596,596,NDB,Diagonal band nucleus,Basic cell groups and regions,904,bilateral,mesh_with_ontology,"ontology_path=root > Basic cell groups and regions > Cerebrum > Cerebral nuclei > Pallidum > Pallidum, medial region > Medial septal complex > Diagonal band nucleus"
mouse,source/structure_graph_1.json;source/structure_meshes,source/structure_meshes/597.obj,597,597,TTd,"Taenia tecta, dorsal part",Basic cell groups and regions,589,bilateral,mesh_with_ontology,"ontology_path=root > Basic cell groups and regions > Cerebrum > Cerebral cortex > Cortical plate > Olfactory areas > Taenia tecta > Taenia tecta, dorsal part"
mouse,source/structure_graph_1.json;source/structure_meshes,source/structure_meshes/598.obj,598,598,AUDv6b,"Ventral auditory area, layer 6b",Basic cell groups and regions,1018,bilateral,mesh_with_ontology,"ontology_path=root > Basic cell groups and regions > Cerebrum > Cerebral cortex > Cortical plate > Isocortex > Auditory areas > Ventral auditory area > Ventral auditory area, layer 6b"
mouse,source/structure_graph_1.json;source/structure_meshes,source/structure_meshes/599.obj,599,599,CM,Central medial nucleus of the thalamus,Basic cell groups and regions,51,bilateral,mesh_with_ontology,"ontology_path=root > Basic cell groups and regions > Brain stem > Interbrain > Thalamus > Thalamus, polymodal association cortex related > Intralaminar nuclei of the dorsal thalamus > Central medial nucleus of the thalamus"
mouse,source/structure_graph_1.json;source/structure_meshes,source/structure_meshes/600.obj,600,600,AUDd2/3,"Dorsal auditory area, layer 2/3",Basic cell groups and regions,1011,bilateral,mesh_with_ontology,"ontology_path=root > Basic cell groups and regions > Cerebrum > Cerebral cortex > Cortical plate > Isocortex > Auditory areas > Dorsal auditory area > Dorsal auditory area, layer 2/3"
mouse,source/structure_graph_1.json;source/structure_meshes,source/structure_meshes/601.obj,601,601,VISal6a,"Anterolateral visual area, layer 6a",Basic cell groups and regions,402,bilateral,mesh_with_ontology,"ontology_path=root > Basic cell groups and regions > Cerebrum > Cerebral cortex > Cortical plate > Isocortex > Visual areas > Anterolateral visual area > Anterolateral visual area, layer 6a"
mouse,source/structure_graph_1.json;source/structure_meshes,source/structure_meshes/603.obj,603,603,fi,fimbria,fiber tracts,1099,bilateral,mesh_with_ontology,ontology_path=root > fiber tracts > medial forebrain bundle system > cerebrum related > fornix system > fimbria
mouse,source/structure_graph_1.json;source/structure_meshes,source/structure_meshes/604.obj,604,604,NI,Nucleus incertus,Basic cell groups and regions,1117,bilateral,mesh_with_ontology,"ontology_path=root > Basic cell groups and regions > Brain stem > Hindbrain > Pons > Pons, behavioral state related > Nucleus incertus"
mouse,source/structure_graph_1.json;source/structure_meshes,source/structure_meshes/605.obj,605,605,TTv,"Taenia tecta, ventral part",Basic cell groups and regions,589,bilateral,mesh_with_ontology,"ontology_path=root > Basic cell groups and regions > Cerebrum > Cerebral cortex > Cortical plate > Olfactory areas > Taenia tecta > Taenia tecta, ventral part"
mouse,source/structure_graph_1.json;source/structure_meshes,source/structure_meshes/607.obj,607,607,CN,Cochlear nuclei,Basic cell groups and regions,386,bilateral,mesh_with_ontology,"ontology_path=root > Basic cell groups and regions > Brain stem > Hindbrain > Medulla > Medulla, sensory related > Cochlear nuclei"
mouse,source/structure_graph_1.json;source/structure_meshes,source/structure_meshes/608.obj,608,608,ORBvl6a,"Orbital area, ventrolateral part, layer 6a",Basic cell groups and regions,746,bilateral,mesh_with_ontology,"ontology_path=root > Basic cell groups and regions > Cerebrum > Cerebral cortex > Cortical plate > Isocortex > Orbital area > Orbital area, ventrolateral part > Orbital area, ventrolateral part, layer 6a"
mouse,source/structure_graph_1.json;source/structure_meshes,source/structure_meshes/609.obj,609,609,SPA,Subparafascicular area,Basic cell groups and regions,864,bilateral,mesh_with_ontology,"ontology_path=root > Basic cell groups and regions > Brain stem > Interbrain > Thalamus > Thalamus, sensory-motor cortex related > Subparafascicular area"
mouse,source/structure_graph_1.json;source/structure_meshes,source/structure_meshes/610.obj,610,610,RSPd5,"Retrosplenial area, dorsal part, layer 5",Basic cell groups and regions,879,bilateral,mesh_with_ontology,"ontology_path=root > Basic cell groups and regions > Cerebrum > Cerebral cortex > Cortical plate > Isocortex > Retrosplenial area > Retrosplenial area, dorsal part > Retrosplenial area, dorsal part, layer 5"
mouse,source/structure_graph_1.json;source/structure_meshes,source/structure_meshes/611.obj,611,611,hbc,habenular commissure,fiber tracts,1083,bilateral,mesh_with_ontology,ontology_path=root > fiber tracts > medial forebrain bundle system > hypothalamus related > epithalamus related > habenular commissure
mouse,source/structure_graph_1.json;source/structure_meshes,source/structure_meshes/612.obj,612,612,NLL,Nucleus of the lateral lemniscus,Basic cell groups and regions,1132,bilateral,mesh_with_ontology,"ontology_path=root > Basic cell groups and regions > Brain stem > Hindbrain > Pons > Pons, sensory related > Nucleus of the lateral lemniscus"
mouse,source/structure_graph_1.json;source/structure_meshes,source/structure_meshes/613.obj,613,613,VISl5,"Lateral visual area, layer 5",Basic cell groups and regions,409,bilateral,mesh_with_ontology,"ontology_path=root > Basic cell groups and regions > Cerebrum > Cerebral cortex > Cortical plate > Isocortex > Visual areas > Lateral visual area > Lateral visual area, layer 5"
mouse,source/structure_graph_1.json;source/structure_meshes,source/structure_meshes/614.obj,614,614,TU,Tuberal nucleus,Basic cell groups and regions,290,bilateral,mesh_with_ontology,ontology_path=root > Basic cell groups and regions > Brain stem > Interbrain > Hypothalamus > Hypothalamic lateral zone > Tuberal nucleus
mouse,source/structure_graph_1.json;source/structure_meshes,source/structure_meshes/616.obj,616,616,CUN,Cuneiform nucleus,Basic cell groups and regions,323,bilateral,mesh_with_ontology,"ontology_path=root > Basic cell groups and regions > Brain stem > Midbrain > Midbrain, motor related > Cuneiform nucleus"
mouse,source/structure_graph_1.json;source/structure_meshes,source/structure_meshes/618.obj,618,618,hc,hippocampal commissures,fiber tracts,1099,bilateral,mesh_with_ontology,ontology_path=root > fiber tracts > medial forebrain bundle system > cerebrum related > fornix system > hippocampal commissures
mouse,source/structure_graph_1.json;source/structure_meshes,source/structure_meshes/619.obj,619,619,NLOT,Nucleus of the lateral olfactory tract,Basic cell groups and regions,698,bilateral,mesh_with_ontology,ontology_path=root > Basic cell groups and regions > Cerebrum > Cerebral cortex > Cortical plate > Olfactory areas > Nucleus of the lateral olfactory tract
mouse,source/structure_graph_1.json;source/structure_meshes,source/structure_meshes/620.obj,620,620,ORBm5,"Orbital area, medial part, layer 5",Basic cell groups and regions,731,bilateral,mesh_with_ontology,"ontology_path=root > Basic cell groups and regions > Cerebrum > Cerebral cortex > Cortical plate > Isocortex > Orbital area > Orbital area, medial part > Orbital area, medial part, layer 5"
mouse,source/structure_graph_1.json;source/structure_meshes,source/structure_meshes/621.obj,621,621,V,Motor nucleus of trigeminal,Basic cell groups and regions,987,bilateral,mesh_with_ontology,"ontology_path=root > Basic cell groups and regions > Brain stem > Hindbrain > Pons > Pons, motor related > Motor nucleus of trigeminal"
mouse,source/structure_graph_1.json;source/structure_meshes,source/structure_meshes/622.obj,622,622,RSPv6b,"Retrosplenial area, ventral part, layer 6b",Basic cell groups and regions,886,bilateral,mesh_with_ontology,"ontology_path=root > Basic cell groups and regions > Cerebrum > Cerebral cortex > Cortical plate > Isocortex > Retrosplenial area > Retrosplenial area, ventral part > Retrosplenial area, ventral part, layer 6b"
mouse,source/structure_graph_1.json;source/structure_meshes,source/structure_meshes/623.obj,623,623,CNU,Cerebral nuclei,Basic cell groups and regions,567,bilateral,mesh_with_ontology,ontology_path=root > Basic cell groups and regions > Cerebrum > Cerebral nuclei
mouse,source/structure_graph_1.json;source/structure_meshes,source/structure_meshes/625.obj,625,625,SSp-ul5,"Primary somatosensory area, upper limb, layer 5",Basic cell groups and regions,369,bilateral,mesh_with_ontology,"ontology_path=root > Basic cell groups and regions > Cerebrum > Cerebral cortex > Cortical plate > Isocortex > Somatosensory areas > Primary somatosensory area > Primary somatosensory area, upper limb > Primary somatosensory area, upper limb, layer 5"
mouse,source/structure_graph_1.json;source/structure_meshes,source/structure_meshes/628.obj,628,628,NOT,Nucleus of the optic tract,Basic cell groups and regions,1100,bilateral,mesh_with_ontology,"ontology_path=root > Basic cell groups and regions > Brain stem > Midbrain > Midbrain, motor related > Pretectal region > Nucleus of the optic tract"
mouse,source/structure_graph_1.json;source/structure_meshes,source/structure_meshes/629.obj,629,629,VAL,Ventral anterior-lateral complex of the thalamus,Basic cell groups and regions,637,bilateral,mesh_with_ontology,"ontology_path=root > Basic cell groups and regions > Brain stem > Interbrain > Thalamus > Thalamus, sensory-motor cortex related > Ventral group of the dorsal thalamus > Ventral anterior-lateral complex of the thalamus"
mouse,source/structure_graph_1.json;source/structure_meshes,source/structure_meshes/630.obj,630,630,ORBl5,"Orbital area, lateral part, layer 5",Basic cell groups and regions,723,bilateral,mesh_with_ontology,"ontology_path=root > Basic cell groups and regions > Cerebrum > Cerebral cortex > Cortical plate > Isocortex > Orbital area > Orbital area, lateral part > Orbital area, lateral part, layer 5"
mouse,source/structure_graph_1.json;source/structure_meshes,source/structure_meshes/631.obj,631,631,COA,Cortical amygdalar area,Basic cell groups and regions,698,bilateral,mesh_with_ontology,ontology_path=root > Basic cell groups and regions > Cerebrum > Cerebral cortex > Cortical plate > Olfactory areas > Cortical amygdalar area
mouse,source/structure_graph_1.json;source/structure_meshes,source/structure_meshes/632.obj,632,632,DG-sg,"Dentate gyrus, granule cell layer",Basic cell groups and regions,726,bilateral,mesh_with_ontology,"ontology_path=root > Basic cell groups and regions > Cerebrum > Cerebral cortex > Cortical plate > Hippocampal formation > Hippocampal region > Dentate gyrus > Dentate gyrus, granule cell layer"
mouse,source/structure_graph_1.json;source/structure_meshes,source/structure_meshes/633.obj,633,633,cic,inferior colliculus commissure,fiber tracts,948,bilateral,mesh_with_ontology,ontology_path=root > fiber tracts > cranial nerves > vestibulocochlear nerve > cochlear nerve > inferior colliculus commissure
mouse,source/structure_graph_1.json;source/structure_meshes,source/structure_meshes/634.obj,634,634,NPC,Nucleus of the posterior commissure,Basic cell groups and regions,1100,bilateral,mesh_with_ontology,"ontology_path=root > Basic cell groups and regions > Brain stem > Midbrain > Midbrain, motor related > Pretectal region > Nucleus of the posterior commissure"
mouse,source/structure_graph_1.json;source/structure_meshes,source/structure_meshes/637.obj,637,637,VENT,Ventral group of the dorsal thalamus,Basic cell groups and regions,864,bilateral,mesh_with_ontology,"ontology_path=root > Basic cell groups and regions > Brain stem > Interbrain > Thalamus > Thalamus, sensory-motor cortex related > Ventral group of the dorsal thalamus"
mouse,source/structure_graph_1.json;source/structure_meshes,source/structure_meshes/638.obj,638,638,GU6a,"Gustatory areas, layer 6a",Basic cell groups and regions,1057,bilateral,mesh_with_ontology,"ontology_path=root > Basic cell groups and regions > Cerebrum > Cerebral cortex > Cortical plate > Isocortex > Gustatory areas > Gustatory areas, layer 6a"
mouse,source/structure_graph_1.json;source/structure_meshes,source/structure_meshes/639.obj,639,639,COAa,"Cortical amygdalar area, anterior part",Basic cell groups and regions,631,bilateral,mesh_with_ontology,"ontology_path=root > Basic cell groups and regions > Cerebrum > Cerebral cortex > Cortical plate > Olfactory areas > Cortical amygdalar area > Cortical amygdalar area, anterior part"
mouse,source/structure_graph_1.json;source/structure_meshes,source/structure_meshes/642.obj,642,642,NTB,Nucleus of the trapezoid body,Basic cell groups and regions,386,bilateral,mesh_with_ontology,"ontology_path=root > Basic cell groups and regions > Brain stem > Hindbrain > Medulla > Medulla, sensory related > Nucleus of the trapezoid body"
mouse,source/structure_graph_1.json;source/structure_meshes,source/structure_meshes/643.obj,643,643,AUDpo2/3,"Posterior auditory area, layer 2/3",Basic cell groups and regions,1027,bilateral,mesh_with_ontology,"ontology_path=root > Basic cell groups and regions > Cerebrum > Cerebral cortex > Cortical plate > Isocortex > Auditory areas > Posterior auditory area > Posterior auditory area, layer 2/3"
mouse,source/structure_graph_1.json;source/structure_meshes,source/structure_meshes/645.obj,645,645,VERM,Vermal regions,Basic cell groups and regions,528,bilateral,mesh_with_ontology,ontology_path=root > Basic cell groups and regions > Cerebellum > Cerebellar cortex > Vermal regions
mouse,source/structure_graph_1.json;source/structure_meshes,source/structure_meshes/647.obj,647,647,COAp,"Cortical amygdalar area, posterior part",Basic cell groups and regions,631,bilateral,mesh_with_ontology,"ontology_path=root > Basic cell groups and regions > Cerebrum > Cerebral cortex > Cortical plate > Olfactory areas > Cortical amygdalar area > Cortical amygdalar area, posterior part"
mouse,source/structure_graph_1.json;source/structure_meshes,source/structure_meshes/648.obj,648,648,MOp5,"Primary motor area, Layer 5",Basic cell groups and regions,985,bilateral,mesh_with_ontology,"ontology_path=root > Basic cell groups and regions > Cerebrum > Cerebral cortex > Cortical plate > Isocortex > Somatomotor areas > Primary motor area > Primary motor area, Layer 5"
mouse,source/structure_graph_1.json;source/structure_meshes,source/structure_meshes/649.obj,649,649,VISal6b,"Anterolateral visual area, layer 6b",Basic cell groups and regions,402,bilateral,mesh_with_ontology,"ontology_path=root > Basic cell groups and regions > Cerebrum > Cerebral cortex > Cortical plate > Isocortex > Visual areas > Anterolateral visual area > Anterolateral visual area, layer 6b"
mouse,source/structure_graph_1.json;source/structure_meshes,source/structure_meshes/651.obj,651,651,NTS,Nucleus of the solitary tract,Basic cell groups and regions,386,bilateral,mesh_with_ontology,"ontology_path=root > Basic cell groups and regions > Brain stem > Hindbrain > Medulla > Medulla, sensory related > Nucleus of the solitary tract"
mouse,source/structure_graph_1.json;source/structure_meshes,source/structure_meshes/653.obj,653,653,VI,Abducens nucleus,Basic cell groups and regions,370,bilateral,mesh_with_ontology,"ontology_path=root > Basic cell groups and regions > Brain stem > Hindbrain > Medulla > Medulla, motor related > Abducens nucleus"
mouse,source/structure_graph_1.json;source/structure_meshes,source/structure_meshes/654.obj,654,654,SSp-n4,"Primary somatosensory area, nose, layer 4",Basic cell groups and regions,353,bilateral,mesh_with_ontology,"ontology_path=root > Basic cell groups and regions > Cerebrum > Cerebral cortex > Cortical plate > Isocortex > Somatosensory areas > Primary somatosensory area > Primary somatosensory area, nose > Primary somatosensory area, nose, layer 4"
mouse,source/structure_graph_1.json;source/structure_meshes,source/structure_meshes/655.obj,655,655,COApl,"Cortical amygdalar area, posterior part, lateral zone",Basic cell groups and regions,647,bilateral,mesh_with_ontology,"ontology_path=root > Basic cell groups and regions > Cerebrum > Cerebral cortex > Cortical plate > Olfactory areas > Cortical amygdalar area > Cortical amygdalar area, posterior part > Cortical amygdalar area, posterior part, lateral zone"
mouse,source/structure_graph_1.json;source/structure_meshes,source/structure_meshes/656.obj,656,656,MOs1,"Secondary motor area, layer 1",Basic cell groups and regions,993,bilateral,mesh_with_ontology,"ontology_path=root > Basic cell groups and regions > Cerebrum > Cerebral cortex > Cortical plate > Isocortex > Somatomotor areas > Secondary motor area > Secondary motor area, layer 1"
mouse,source/structure_graph_1.json;source/structure_meshes,source/structure_meshes/657.obj,657,657,SSp-m2/3,"Primary somatosensory area, mouth, layer 2/3",Basic cell groups and regions,345,bilateral,mesh_with_ontology,"ontology_path=root > Basic cell groups and regions > Cerebrum > Cerebral cortex > Cortical plate > Isocortex > Somatosensory areas > Primary somatosensory area > Primary somatosensory area, mouth > Primary somatosensory area, mouth, layer 2/3"
mouse,source/structure_graph_1.json;source/structure_meshes,source/structure_meshes/658.obj,658,658,ll,lateral lemniscus,fiber tracts,948,bilateral,mesh_with_ontology,ontology_path=root > fiber tracts > cranial nerves > vestibulocochlear nerve > cochlear nerve > lateral lemniscus
mouse,source/structure_graph_1.json;source/structure_meshes,source/structure_meshes/661.obj,661,661,VII,Facial motor nucleus,Basic cell groups and regions,370,bilateral,mesh_with_ontology,"ontology_path=root > Basic cell groups and regions > Brain stem > Hindbrain > Medulla > Medulla, motor related > Facial motor nucleus"
mouse,source/structure_graph_1.json;source/structure_meshes,source/structure_meshes/662.obj,662,662,GU6b,"Gustatory areas, layer 6b",Basic cell groups and regions,1057,bilateral,mesh_with_ontology,"ontology_path=root > Basic cell groups and regions > Cerebrum > Cerebral cortex > Cortical plate > Isocortex > Gustatory areas > Gustatory areas, layer 6b"
mouse,source/structure_graph_1.json;source/structure_meshes,source/structure_meshes/663.obj,663,663,COApm,"Cortical amygdalar area, posterior part, medial zone",Basic cell groups and regions,647,bilateral,mesh_with_ontology,"ontology_path=root > Basic cell groups and regions > Cerebrum > Cerebral cortex > Cortical plate > Olfactory areas > Cortical amygdalar area > Cortical amygdalar area, posterior part > Cortical amygdalar area, posterior part, medial zone"
mouse,source/structure_graph_1.json;source/structure_meshes,source/structure_meshes/664.obj,664,664,ENTm3,"Entorhinal area, medial part, dorsal zone, layer 3",Basic cell groups and regions,926,bilateral,mesh_with_ontology,"ontology_path=root > Basic cell groups and regions > Cerebrum > Cerebral cortex > Cortical plate > Hippocampal formation > Retrohippocampal region > Entorhinal area > Entorhinal area, medial part, dorsal zone > Entorhinal area, medial part, dorsal zone, layer 3"
mouse,source/structure_graph_1.json;source/structure_meshes,source/structure_meshes/665.obj,665,665,lot,"lateral olfactory tract, body",fiber tracts,21,bilateral,mesh_with_ontology,"ontology_path=root > fiber tracts > cranial nerves > olfactory nerve > lateral olfactory tract, general > lateral olfactory tract, body"
mouse,source/structure_graph_1.json;source/structure_meshes,source/structure_meshes/667.obj,667,667,FRP2/3,"Frontal pole, layer 2/3",Basic cell groups and regions,184,bilateral,mesh_with_ontology,"ontology_path=root > Basic cell groups and regions > Cerebrum > Cerebral cortex > Cortical plate > Isocortex > Frontal pole, cerebral cortex > Frontal pole, layer 2/3"
mouse,source/structure_graph_1.json;source/structure_meshes,source/structure_meshes/669.obj,669,669,VIS,Visual areas,Basic cell groups and regions,315,bilateral,mesh_with_ontology,ontology_path=root > Basic cell groups and regions > Cerebrum > Cerebral cortex > Cortical plate > Isocortex > Visual areas
mouse,source/structure_graph_1.json;source/structure_meshes,source/structure_meshes/670.obj,670,670,SSp-tr2/3,"Primary somatosensory area, trunk, layer 2/3",Basic cell groups and regions,361,bilateral,mesh_with_ontology,"ontology_path=root > Basic cell groups and regions > Cerebrum > Cerebral cortex > Cortical plate > Isocortex > Somatosensory areas > Primary somatosensory area > Primary somatosensory area, trunk > Primary somatosensory area, trunk, layer 2/3"
mouse,source/structure_graph_1.json;source/structure_meshes,source/structure_meshes/671.obj,671,671,RSPagl1,"Retrosplenial area, lateral agranular part, layer 1",Basic cell groups and regions,894,bilateral,mesh_with_ontology,"ontology_path=root > Basic cell groups and regions > Cerebrum > Cerebral cortex > Cortical plate > Isocortex > Retrosplenial area > Retrosplenial area, lateral agranular part > Retrosplenial area, lateral agranular part, layer 1"
mouse,source/structure_graph_1.json;source/structure_meshes,source/structure_meshes/672.obj,672,672,CP,Caudoputamen,Basic cell groups and regions,485,bilateral,mesh_with_ontology,ontology_path=root > Basic cell groups and regions > Cerebrum > Cerebral nuclei > Striatum > Striatum dorsal region > Caudoputamen
mouse,source/structure_graph_1.json;source/structure_meshes,source/structure_meshes/673.obj,673,673,mp,mammillary peduncle,fiber tracts,46,bilateral,mesh_with_ontology,ontology_path=root > fiber tracts > medial forebrain bundle system > hypothalamus related > mammillary related > mammillary peduncle
mouse,source/structure_graph_1.json;source/structure_meshes,source/structure_meshes/675.obj,675,675,AIv6a,"Agranular insular area, ventral part, layer 6a",Basic cell groups and regions,119,bilateral,mesh_with_ontology,"ontology_path=root > Basic cell groups and regions > Cerebrum > Cerebral cortex > Cortical plate > Isocortex > Agranular insular area > Agranular insular area, ventral part > Agranular insular area, ventral part, layer 6a"
mouse,source/structure_graph_1.json;source/structure_meshes,source/structure_meshes/677.obj,677,677,VISC,Visceral area,Basic cell groups and regions,315,bilateral,mesh_with_ontology,ontology_path=root > Basic cell groups and regions > Cerebrum > Cerebral cortex > Cortical plate > Isocortex > Visceral area
mouse,source/structure_graph_1.json;source/structure_meshes,source/structure_meshes/678.obj,678,678,AUDd4,"Dorsal auditory area, layer 4",Basic cell groups and regions,1011,bilateral,mesh_with_ontology,"ontology_path=root > Basic cell groups and regions > Cerebrum > Cerebral cortex > Cortical plate > Isocortex > Auditory areas > Dorsal auditory area > Dorsal auditory area, layer 4"
mouse,source/structure_graph_1.json;source/structure_meshes,source/structure_meshes/679.obj,679,679,CS,Superior central nucleus raphe,Basic cell groups and regions,1117,bilateral,mesh_with_ontology,"ontology_path=root > Basic cell groups and regions > Brain stem > Hindbrain > Pons > Pons, behavioral state related > Superior central nucleus raphe"
mouse,source/structure_graph_1.json;source/structure_meshes,source/structure_meshes/680.obj,680,680,ORBvl6b,"Orbital area, ventrolateral part, layer 6b",Basic cell groups and regions,746,bilateral,mesh_with_ontology,"ontology_path=root > Basic cell groups and regions > Cerebrum > Cerebral cortex > Cortical plate > Isocortex > Orbital area > Orbital area, ventrolateral part > Orbital area, ventrolateral part, layer 6b"
mouse,source/structure_graph_1.json;source/structure_meshes,source/structure_meshes/681.obj,681,681,mtg,mammillotegmental tract,fiber tracts,46,bilateral,mesh_with_ontology,ontology_path=root > fiber tracts > medial forebrain bundle system > hypothalamus related > mammillary related > mammillotegmental tract
mouse,source/structure_graph_1.json;source/structure_meshes,source/structure_meshes/685.obj,685,685,VM,Ventral medial nucleus of the thalamus,Basic cell groups and regions,637,bilateral,mesh_with_ontology,"ontology_path=root > Basic cell groups and regions > Brain stem > Interbrain > Thalamus > Thalamus, sensory-motor cortex related > Ventral group of the dorsal thalamus > Ventral medial nucleus of the thalamus"
mouse,source/structure_graph_1.json;source/structure_meshes,source/structure_meshes/687.obj,687,687,RSPv5,"Retrosplenial area, ventral part, layer 5",Basic cell groups and regions,886,bilateral,mesh_with_ontology,"ontology_path=root > Basic cell groups and regions > Cerebrum > Cerebral cortex > Cortical plate > Isocortex > Retrosplenial area > Retrosplenial area, ventral part > Retrosplenial area, ventral part, layer 5"
mouse,source/structure_graph_1.json;source/structure_meshes,source/structure_meshes/688.obj,688,688,CTX,Cerebral cortex,Basic cell groups and regions,567,bilateral,mesh_with_ontology,ontology_path=root > Basic cell groups and regions > Cerebrum > Cerebral cortex
mouse,source/structure_graph_1.json;source/structure_meshes,source/structure_meshes/689.obj,689,689,VLPO,Ventrolateral preoptic nucleus,Basic cell groups and regions,141,bilateral,mesh_with_ontology,ontology_path=root > Basic cell groups and regions > Brain stem > Interbrain > Hypothalamus > Periventricular region > Ventrolateral preoptic nucleus
mouse,source/structure_graph_1.json;source/structure_meshes,source/structure_meshes/690.obj,690,690,mtt,mammillothalamic tract,fiber tracts,46,bilateral,mesh_with_ontology,ontology_path=root > fiber tracts > medial forebrain bundle system > hypothalamus related > mammillary related > mammillothalamic tract
mouse,source/structure_graph_1.json;source/structure_meshes,source/structure_meshes/692.obj,692,692,PERI5,"Perirhinal area, layer 5",Basic cell groups and regions,922,bilateral,mesh_with_ontology,"ontology_path=root > Basic cell groups and regions > Cerebrum > Cerebral cortex > Cortical plate > Isocortex > Perirhinal area > Perirhinal area, layer 5"
mouse,source/structure_graph_1.json;source/structure_meshes,source/structure_meshes/693.obj,693,693,VMH,Ventromedial hypothalamic nucleus,Basic cell groups and regions,467,bilateral,mesh_with_ontology,ontology_path=root > Basic cell groups and regions > Brain stem > Interbrain > Hypothalamus > Hypothalamic medial zone > Ventromedial hypothalamic nucleus
mouse,source/structure_graph_1.json;source/structure_meshes,source/structure_meshes/694.obj,694,694,AIv2/3,"Agranular insular area, ventral part, layer 2/3",Basic cell groups and regions,119,bilateral,mesh_with_ontology,"ontology_path=root > Basic cell groups and regions > Cerebrum > Cerebral cortex > Cortical plate > Isocortex > Agranular insular area > Agranular insular area, ventral part > Agranular insular area, ventral part, layer 2/3"
mouse,source/structure_graph_1.json;source/structure_meshes,source/structure_meshes/695.obj,695,695,CTXpl,Cortical plate,Basic cell groups and regions,688,bilateral,mesh_with_ontology,ontology_path=root > Basic cell groups and regions > Cerebrum > Cerebral cortex > Cortical plate
mouse,source/structure_graph_1.json;source/structure_meshes,source/structure_meshes/696.obj,696,696,AUDpo1,"Posterior auditory area, layer 1",Basic cell groups and regions,1027,bilateral,mesh_with_ontology,"ontology_path=root > Basic cell groups and regions > Cerebrum > Cerebral cortex > Cortical plate > Isocortex > Auditory areas > Posterior auditory area > Posterior auditory area, layer 1"
mouse,source/structure_graph_1.json;source/structure_meshes,source/structure_meshes/697.obj,697,697,ml,medial lemniscus,fiber tracts,932,bilateral,mesh_with_ontology,ontology_path=root > fiber tracts > cranial nerves > dorsal roots > cervicothalamic tract > medial lemniscus
mouse,source/structure_graph_1.json;source/structure_meshes,source/structure_meshes/698.obj,698,698,OLF,Olfactory areas,Basic cell groups and regions,695,bilateral,mesh_with_ontology,ontology_path=root > Basic cell groups and regions > Cerebrum > Cerebral cortex > Cortical plate > Olfactory areas
mouse,source/structure_graph_1.json;source/structure_meshes,source/structure_meshes/699.obj,699,699,AIv6b,"Agranular insular area, ventral part, layer 6b",Basic cell groups and regions,119,bilateral,mesh_with_ontology,"ontology_path=root > Basic cell groups and regions > Cerebrum > Cerebral cortex > Cortical plate > Isocortex > Agranular insular area > Agranular insular area, ventral part > Agranular insular area, ventral part, layer 6b"
mouse,source/structure_graph_1.json;source/structure_meshes,source/structure_meshes/701.obj,701,701,VNC,Vestibular nuclei,Basic cell groups and regions,370,bilateral,mesh_with_ontology,"ontology_path=root > Basic cell groups and regions > Brain stem > Hindbrain > Medulla > Medulla, motor related > Vestibular nuclei"
mouse,source/structure_graph_1.json;source/structure_meshes,source/structure_meshes/702.obj,702,702,SSp-n5,"Primary somatosensory area, nose, layer 5",Basic cell groups and regions,353,bilateral,mesh_with_ontology,"ontology_path=root > Basic cell groups and regions > Cerebrum > Cerebral cortex > Cortical plate > Isocortex > Somatosensory areas > Primary somatosensory area > Primary somatosensory area, nose > Primary somatosensory area, nose, layer 5"
mouse,source/structure_graph_1.json;source/structure_meshes,source/structure_meshes/703.obj,703,703,CTXsp,Cortical subplate,Basic cell groups and regions,688,bilateral,mesh_with_ontology,ontology_path=root > Basic cell groups and regions > Cerebrum > Cerebral cortex > Cortical subplate
mouse,source/structure_graph_1.json;source/structure_meshes,source/structure_meshes/704.obj,704,704,AIv1,"Agranular insular area, ventral part, layer 1",Basic cell groups and regions,119,bilateral,mesh_with_ontology,"ontology_path=root > Basic cell groups and regions > Cerebrum > Cerebral cortex > Cortical plate > Isocortex > Agranular insular area > Agranular insular area, ventral part > Agranular insular area, ventral part, layer 1"
mouse,source/structure_graph_1.json;source/structure_meshes,source/structure_meshes/706.obj,706,706,OP,Olivary pretectal nucleus,Basic cell groups and regions,1100,bilateral,mesh_with_ontology,"ontology_path=root > Basic cell groups and regions > Brain stem > Midbrain > Midbrain, motor related > Pretectal region > Olivary pretectal nucleus"
mouse,source/structure_graph_1.json;source/structure_meshes,source/structure_meshes/707.obj,707,707,ILA1,"Infralimbic area, layer 1",Basic cell groups and regions,44,bilateral,mesh_with_ontology,"ontology_path=root > Basic cell groups and regions > Cerebrum > Cerebral cortex > Cortical plate > Isocortex > Infralimbic area > Infralimbic area, layer 1"
mouse,source/structure_graph_1.json;source/structure_meshes,source/structure_meshes/709.obj,709,709,VP,Ventral posterior complex of the thalamus,Basic cell groups and regions,637,bilateral,mesh_with_ontology,"ontology_path=root > Basic cell groups and regions > Brain stem > Interbrain > Thalamus > Thalamus, sensory-motor cortex related > Ventral group of the dorsal thalamus > Ventral posterior complex of the thalamus"
mouse,source/structure_graph_1.json;source/structure_meshes,source/structure_meshes/711.obj,711,711,CU,Cuneate nucleus,Basic cell groups and regions,720,bilateral,mesh_with_ontology,"ontology_path=root > Basic cell groups and regions > Brain stem > Hindbrain > Medulla > Medulla, sensory related > Dorsal column nuclei > Cuneate nucleus"
mouse,source/structure_graph_1.json;source/structure_meshes,source/structure_meshes/714.obj,714,714,ORB,Orbital area,Basic cell groups and regions,315,bilateral,mesh_with_ontology,ontology_path=root > Basic cell groups and regions > Cerebrum > Cerebral cortex > Cortical plate > Isocortex > Orbital area
mouse,source/structure_graph_1.json;source/structure_meshes,source/structure_meshes/718.obj,718,718,VPL,Ventral posterolateral nucleus of the thalamus,Basic cell groups and regions,709,bilateral,mesh_with_ontology,"ontology_path=root > Basic cell groups and regions > Brain stem > Interbrain > Thalamus > Thalamus, sensory-motor cortex related > Ventral group of the dorsal thalamus > Ventral posterior complex of the thalamus > Ventral posterolateral nucleus of the thalamus"
mouse,source/structure_graph_1.json;source/structure_meshes,source/structure_meshes/720.obj,720,720,DCN,Dorsal column nuclei,Basic cell groups and regions,386,bilateral,mesh_with_ontology,"ontology_path=root > Basic cell groups and regions > Brain stem > Hindbrain > Medulla > Medulla, sensory related > Dorsal column nuclei"
mouse,source/structure_graph_1.json;source/structure_meshes,source/structure_meshes/721.obj,721,721,VISp4,"Primary visual area, layer 4",Basic cell groups and regions,385,bilateral,mesh_with_ontology,"ontology_path=root > Basic cell groups and regions > Cerebrum > Cerebral cortex > Cortical plate > Isocortex > Visual areas > Primary visual area > Primary visual area, layer 4"
mouse,source/structure_graph_1.json;source/structure_meshes,source/structure_meshes/723.obj,723,723,ORBl,"Orbital area, lateral part",Basic cell groups and regions,714,bilateral,mesh_with_ontology,"ontology_path=root > Basic cell groups and regions > Cerebrum > Cerebral cortex > Cortical plate > Isocortex > Orbital area > Orbital area, lateral part"
mouse,source/structure_graph_1.json;source/structure_meshes,source/structure_meshes/725.obj,725,725,VPLpc,"Ventral posterolateral nucleus of the thalamus, parvicellular part",Basic cell groups and regions,709,bilateral,mesh_with_ontology,"ontology_path=root > Basic cell groups and regions > Brain stem > Interbrain > Thalamus > Thalamus, sensory-motor cortex related > Ventral group of the dorsal thalamus > Ventral posterior complex of the thalamus > Ventral posterolateral nucleus of the thalamus, parvicellular part"
mouse,source/structure_graph_1.json;source/structure_meshes,source/structure_meshes/726.obj,726,726,DG,Dentate gyrus,Basic cell groups and regions,1080,bilateral,mesh_with_ontology,ontology_path=root > Basic cell groups and regions > Cerebrum > Cerebral cortex > Cortical plate > Hippocampal formation > Hippocampal region > Dentate gyrus
mouse,source/structure_graph_1.json;source/structure_meshes,source/structure_meshes/727.obj,727,727,ENTm5,"Entorhinal area, medial part, dorsal zone, layer 5",Basic cell groups and regions,926,bilateral,mesh_with_ontology,"ontology_path=root > Basic cell groups and regions > Cerebrum > Cerebral cortex > Cortical plate > Hippocampal formation > Retrohippocampal region > Entorhinal area > Entorhinal area, medial part, dorsal zone > Entorhinal area, medial part, dorsal zone, layer 5"
mouse,source/structure_graph_1.json;source/structure_meshes,source/structure_meshes/728.obj,728,728,arb,arbor vitae,fiber tracts,960,bilateral,mesh_with_ontology,ontology_path=root > fiber tracts > cerebellum related fiber tracts > arbor vitae
mouse,source/structure_graph_1.json;source/structure_meshes,source/structure_meshes/729.obj,729,729,TEa6a,"Temporal association areas, layer 6a",Basic cell groups and regions,541,bilateral,mesh_with_ontology,"ontology_path=root > Basic cell groups and regions > Cerebrum > Cerebral cortex > Cortical plate > Isocortex > Temporal association areas > Temporal association areas, layer 6a"
mouse,source/structure_graph_1.json;source/structure_meshes,source/structure_meshes/731.obj,731,731,ORBm,"Orbital area, medial part",Basic cell groups and regions,714,bilateral,mesh_with_ontology,"ontology_path=root > Basic cell groups and regions > Cerebrum > Cerebral cortex > Cortical plate > Isocortex > Orbital area > Orbital area, medial part"
mouse,source/structure_graph_1.json;source/structure_meshes,source/structure_meshes/732.obj,732,732,MMme,"Medial mammillary nucleus, median part",Basic cell groups and regions,491,bilateral,mesh_with_ontology,"ontology_path=root > Basic cell groups and regions > Brain stem > Interbrain > Hypothalamus > Hypothalamic medial zone > Mammillary body > Medial mammillary nucleus > Medial mammillary nucleus, median part"
mouse,source/structure_graph_1.json;source/structure_meshes,source/structure_meshes/733.obj,733,733,VPM,Ventral posteromedial nucleus of the thalamus,Basic cell groups and regions,709,bilateral,mesh_with_ontology,"ontology_path=root > Basic cell groups and regions > Brain stem > Interbrain > Thalamus > Thalamus, sensory-motor cortex related > Ventral group of the dorsal thalamus > Ventral posterior complex of the thalamus > Ventral posteromedial nucleus of the thalamus"
mouse,source/structure_graph_1.json;source/structure_meshes,source/structure_meshes/735.obj,735,735,AUDp1,"Primary auditory area, layer 1",Basic cell groups and regions,1002,bilateral,mesh_with_ontology,"ontology_path=root > Basic cell groups and regions > Cerebrum > Cerebral cortex > Cortical plate > Isocortex > Auditory areas > Primary auditory area > Primary auditory area, layer 1"
mouse,source/structure_graph_1.json;source/structure_meshes,source/structure_meshes/737.obj,737,737,fxpo,postcommissural fornix,fiber tracts,1099,bilateral,mesh_with_ontology,ontology_path=root > fiber tracts > medial forebrain bundle system > cerebrum related > fornix system > postcommissural fornix
mouse,source/structure_graph_1.json;source/structure_meshes,source/structure_meshes/741.obj,741,741,VPMpc,"Ventral posteromedial nucleus of the thalamus, parvicellular part",Basic cell groups and regions,709,bilateral,mesh_with_ontology,"ontology_path=root > Basic cell groups and regions > Brain stem > Interbrain > Thalamus > Thalamus, sensory-motor cortex related > Ventral group of the dorsal thalamus > Ventral posterior complex of the thalamus > Ventral posteromedial nucleus of the thalamus, parvicellular part"
mouse,source/structure_graph_1.json;source/structure_meshes,source/structure_meshes/743.obj,743,743,ENTm6,"Entorhinal area, medial part, dorsal zone, layer 6",Basic cell groups and regions,926,bilateral,mesh_with_ontology,"ontology_path=root > Basic cell groups and regions > Cerebrum > Cerebral cortex > Cortical plate > Hippocampal formation > Retrohippocampal region > Entorhinal area > Entorhinal area, medial part, dorsal zone > Entorhinal area, medial part, dorsal zone, layer 6"
mouse,source/structure_graph_1.json;source/structure_meshes,source/structure_meshes/744.obj,744,744,cbc,cerebellar commissure,fiber tracts,960,bilateral,mesh_with_ontology,ontology_path=root > fiber tracts > cerebellum related fiber tracts > cerebellar commissure
mouse,source/structure_graph_1.json;source/structure_meshes,source/structure_meshes/746.obj,746,746,ORBvl,"Orbital area, ventrolateral part",Basic cell groups and regions,714,bilateral,mesh_with_ontology,"ontology_path=root > Basic cell groups and regions > Cerebrum > Cerebral cortex > Cortical plate > Isocortex > Orbital area > Orbital area, ventrolateral part"
mouse,source/structure_graph_1.json;source/structure_meshes,source/structure_meshes/749.obj,749,749,VTA,Ventral tegmental area,Basic cell groups and regions,323,bilateral,mesh_with_ontology,"ontology_path=root > Basic cell groups and regions > Brain stem > Midbrain > Midbrain, motor related > Ventral tegmental area"
mouse,source/structure_graph_1.json;source/structure_meshes,source/structure_meshes/750.obj,750,750,VISpl1,"Posterolateral visual area, layer 1",Basic cell groups and regions,425,bilateral,mesh_with_ontology,"ontology_path=root > Basic cell groups and regions > Cerebrum > Cerebral cortex > Cortical plate > Isocortex > Visual areas > Posterolateral visual area > Posterolateral visual area, layer 1"
mouse,source/structure_graph_1.json;source/structure_meshes,source/structure_meshes/752.obj,752,752,cbp,cerebellar peduncles,fiber tracts,960,bilateral,mesh_with_ontology,ontology_path=root > fiber tracts > cerebellum related fiber tracts > cerebellar peduncles
mouse,source/structure_graph_1.json;source/structure_meshes,source/structure_meshes/753.obj,753,753,pm,principal mammillary tract,fiber tracts,46,bilateral,mesh_with_ontology,ontology_path=root > fiber tracts > medial forebrain bundle system > hypothalamus related > mammillary related > principal mammillary tract
mouse,source/structure_graph_1.json;source/structure_meshes,source/structure_meshes/754.obj,754,754,OT,Olfactory tubercle,Basic cell groups and regions,493,bilateral,mesh_with_ontology,ontology_path=root > Basic cell groups and regions > Cerebrum > Cerebral nuclei > Striatum > Striatum ventral region > Olfactory tubercle
mouse,source/structure_graph_1.json;source/structure_meshes,source/structure_meshes/755.obj,755,755,AUDv2/3,"Ventral auditory area, layer 2/3",Basic cell groups and regions,1018,bilateral,mesh_with_ontology,"ontology_path=root > Basic cell groups and regions > Cerebrum > Cerebral cortex > Cortical plate > Isocortex > Auditory areas > Ventral auditory area > Ventral auditory area, layer 2/3"
mouse,source/structure_graph_1.json;source/structure_meshes,source/structure_meshes/757.obj,757,757,VTN,Ventral tegmental nucleus,Basic cell groups and regions,323,bilateral,mesh_with_ontology,"ontology_path=root > Basic cell groups and regions > Brain stem > Midbrain > Midbrain, motor related > Ventral tegmental nucleus"
mouse,source/structure_graph_1.json;source/structure_meshes,source/structure_meshes/759.obj,759,759,AUDpo4,"Posterior auditory area, layer 4",Basic cell groups and regions,1027,bilateral,mesh_with_ontology,"ontology_path=root > Basic cell groups and regions > Cerebrum > Cerebral cortex > Cortical plate > Isocortex > Auditory areas > Posterior auditory area > Posterior auditory area, layer 4"
mouse,source/structure_graph_1.json;source/structure_meshes,source/structure_meshes/760.obj,760,760,epsc,cerebral nuclei related,fiber tracts,1000,bilateral,mesh_with_ontology,ontology_path=root > fiber tracts > extrapyramidal fiber systems > cerebral nuclei related
mouse,source/structure_graph_1.json;source/structure_meshes,source/structure_meshes/763.obj,763,763,OV,Vascular organ of the lamina terminalis,Basic cell groups and regions,141,bilateral,mesh_with_ontology,ontology_path=root > Basic cell groups and regions > Brain stem > Interbrain > Hypothalamus > Periventricular region > Vascular organ of the lamina terminalis
mouse,source/structure_graph_1.json;source/structure_meshes,source/structure_meshes/765.obj,765,765,x,Nucleus x,Basic cell groups and regions,370,bilateral,mesh_with_ontology,"ontology_path=root > Basic cell groups and regions > Brain stem > Hindbrain > Medulla > Medulla, motor related > Nucleus x"
mouse,source/structure_graph_1.json;source/structure_meshes,source/structure_meshes/767.obj,767,767,MOs5,"Secondary motor area, layer 5",Basic cell groups and regions,993,bilateral,mesh_with_ontology,"ontology_path=root > Basic cell groups and regions > Cerebrum > Cerebral cortex > Cortical plate > Isocortex > Somatomotor areas > Secondary motor area > Secondary motor area, layer 5"
mouse,source/structure_graph_1.json;source/structure_meshes,source/structure_meshes/768.obj,768,768,mfbc,cerebrum related,fiber tracts,991,bilateral,mesh_with_ontology,ontology_path=root > fiber tracts > medial forebrain bundle system > cerebrum related
mouse,source/structure_graph_1.json;source/structure_meshes,source/structure_meshes/771.obj,771,771,P,Pons,Basic cell groups and regions,1065,bilateral,mesh_with_ontology,ontology_path=root > Basic cell groups and regions > Brain stem > Hindbrain > Pons
mouse,source/structure_graph_1.json;source/structure_meshes,source/structure_meshes/772.obj,772,772,ACAv5,"Anterior cingulate area, ventral part, layer 5",Basic cell groups and regions,48,bilateral,mesh_with_ontology,"ontology_path=root > Basic cell groups and regions > Cerebrum > Cerebral cortex > Cortical plate > Isocortex > Anterior cingulate area > Anterior cingulate area, ventral part > Anterior cingulate area, ventral part, layer 5"
mouse,source/structure_graph_1.json;source/structure_meshes,source/structure_meshes/773.obj,773,773,XII,Hypoglossal nucleus,Basic cell groups and regions,370,bilateral,mesh_with_ontology,"ontology_path=root > Basic cell groups and regions > Brain stem > Hindbrain > Medulla > Medulla, motor related > Hypoglossal nucleus"
mouse,source/structure_graph_1.json;source/structure_meshes,source/structure_meshes/774.obj,774,774,RSPagl5,"Retrosplenial area, lateral agranular part, layer 5",Basic cell groups and regions,894,bilateral,mesh_with_ontology,"ontology_path=root > Basic cell groups and regions > Cerebrum > Cerebral cortex > Cortical plate > Isocortex > Retrosplenial area > Retrosplenial area, lateral agranular part > Retrosplenial area, lateral agranular part, layer 5"
mouse,source/structure_graph_1.json;source/structure_meshes,source/structure_meshes/776.obj,776,776,cc,corpus callosum,fiber tracts,983,bilateral,mesh_with_ontology,ontology_path=root > fiber tracts > lateral forebrain bundle system > corpus callosum
mouse,source/structure_graph_1.json;source/structure_meshes,source/structure_meshes/778.obj,778,778,VISp5,"Primary visual area, layer 5",Basic cell groups and regions,385,bilateral,mesh_with_ontology,"ontology_path=root > Basic cell groups and regions > Cerebrum > Cerebral cortex > Cortical plate > Isocortex > Visual areas > Primary visual area > Primary visual area, layer 5"
mouse,source/structure_graph_1.json;source/structure_meshes,source/structure_meshes/780.obj,780,780,PA,Posterior amygdalar nucleus,Basic cell groups and regions,703,bilateral,mesh_with_ontology,ontology_path=root > Basic cell groups and regions > Cerebrum > Cerebral cortex > Cortical subplate > Posterior amygdalar nucleus
mouse,source/structure_graph_1.json;source/structure_meshes,source/structure_meshes/781.obj,781,781,y,Nucleus y,Basic cell groups and regions,370,bilateral,mesh_with_ontology,"ontology_path=root > Basic cell groups and regions > Brain stem > Hindbrain > Medulla > Medulla, motor related > Nucleus y"
mouse,source/structure_graph_1.json;source/structure_meshes,source/structure_meshes/783.obj,783,783,AId6a,"Agranular insular area, dorsal part, layer 6a",Basic cell groups and regions,104,bilateral,mesh_with_ontology,"ontology_path=root > Basic cell groups and regions > Cerebrum > Cerebral cortex > Cortical plate > Isocortex > Agranular insular area > Agranular insular area, dorsal part > Agranular insular area, dorsal part, layer 6a"
mouse,source/structure_graph_1.json;source/structure_meshes,source/structure_meshes/784.obj,784,784,cst,corticospinal tract,fiber tracts,983,bilateral,mesh_with_ontology,ontology_path=root > fiber tracts > lateral forebrain bundle system > corticospinal tract
mouse,source/structure_graph_1.json;source/structure_meshes,source/structure_meshes/786.obj,786,786,TEa6b,"Temporal association areas, layer 6b",Basic cell groups and regions,541,bilateral,mesh_with_ontology,"ontology_path=root > Basic cell groups and regions > Cerebrum > Cerebral cortex > Cortical plate > Isocortex > Temporal association areas > Temporal association areas, layer 6b"
mouse,source/structure_graph_1.json;source/structure_meshes,source/structure_meshes/788.obj,788,788,PAA,Piriform-amygdalar area,Basic cell groups and regions,698,bilateral,mesh_with_ontology,ontology_path=root > Basic cell groups and regions > Cerebrum > Cerebral cortex > Cortical plate > Olfactory areas > Piriform-amygdalar area
mouse,source/structure_graph_1.json;source/structure_meshes,source/structure_meshes/791.obj,791,791,AUDpo5,"Posterior auditory area, layer 5",Basic cell groups and regions,1027,bilateral,mesh_with_ontology,"ontology_path=root > Basic cell groups and regions > Cerebrum > Cerebral cortex > Cortical plate > Isocortex > Auditory areas > Posterior auditory area > Posterior auditory area, layer 5"
mouse,source/structure_graph_1.json;source/structure_meshes,source/structure_meshes/792.obj,792,792,drt,dorsal roots,fiber tracts,967,bilateral,mesh_with_ontology,ontology_path=root > fiber tracts > cranial nerves > dorsal roots
mouse,source/structure_graph_1.json;source/structure_meshes,source/structure_meshes/794.obj,794,794,sptV,spinal tract of the trigeminal nerve,fiber tracts,229,bilateral,mesh_with_ontology,ontology_path=root > fiber tracts > cranial nerves > trigeminal nerve > sensory root of the trigeminal nerve > spinal tract of the trigeminal nerve
mouse,source/structure_graph_1.json;source/structure_meshes,source/structure_meshes/795.obj,795,795,PAG,Periaqueductal gray,Basic cell groups and regions,323,bilateral,mesh_with_ontology,"ontology_path=root > Basic cell groups and regions > Brain stem > Midbrain > Midbrain, motor related > Periaqueductal gray"
mouse,source/structure_graph_1.json;source/structure_meshes,source/structure_meshes/797.obj,797,797,ZI,Zona incerta,Basic cell groups and regions,290,bilateral,mesh_with_ontology,ontology_path=root > Basic cell groups and regions > Brain stem > Interbrain > Hypothalamus > Hypothalamic lateral zone > Zona incerta
mouse,source/structure_graph_1.json;source/structure_meshes,source/structure_meshes/798.obj,798,798,VIIn,facial nerve,fiber tracts,967,bilateral,mesh_with_ontology,ontology_path=root > fiber tracts > cranial nerves > facial nerve
mouse,source/structure_graph_1.json;source/structure_meshes,source/structure_meshes/800.obj,800,800,AIv5,"Agranular insular area, ventral part, layer 5",Basic cell groups and regions,119,bilateral,mesh_with_ontology,"ontology_path=root > Basic cell groups and regions > Cerebrum > Cerebral cortex > Cortical plate > Isocortex > Agranular insular area > Agranular insular area, ventral part > Agranular insular area, ventral part, layer 5"
mouse,source/structure_graph_1.json;source/structure_meshes,source/structure_meshes/802.obj,802,802,sm,stria medullaris,fiber tracts,1083,bilateral,mesh_with_ontology,ontology_path=root > fiber tracts > medial forebrain bundle system > hypothalamus related > epithalamus related > stria medullaris
mouse,source/structure_graph_1.json;source/structure_meshes,source/structure_meshes/803.obj,803,803,PAL,Pallidum,Basic cell groups and regions,623,bilateral,mesh_with_ontology,ontology_path=root > Basic cell groups and regions > Cerebrum > Cerebral nuclei > Pallidum
mouse,source/structure_graph_1.json;source/structure_meshes,source/structure_meshes/804.obj,804,804,FF,Fields of Forel,Basic cell groups and regions,797,bilateral,mesh_with_ontology,ontology_path=root > Basic cell groups and regions > Brain stem > Interbrain > Hypothalamus > Hypothalamic lateral zone > Zona incerta > Fields of Forel
mouse,source/structure_graph_1.json;source/structure_meshes,source/structure_meshes/805.obj,805,805,VISpm1,"posteromedial visual area, layer 1",Basic cell groups and regions,533,bilateral,mesh_with_ontology,"ontology_path=root > Basic cell groups and regions > Cerebrum > Cerebral cortex > Cortical plate > Isocortex > Visual areas > posteromedial visual area > posteromedial visual area, layer 1"
mouse,source/structure_graph_1.json;source/structure_meshes,source/structure_meshes/806.obj,806,806,SSs2/3,"Supplemental somatosensory area, layer 2/3",Basic cell groups and regions,378,bilateral,mesh_with_ontology,"ontology_path=root > Basic cell groups and regions > Cerebrum > Cerebral cortex > Cortical plate > Isocortex > Somatosensory areas > Supplemental somatosensory area > Supplemental somatosensory area, layer 2/3"
mouse,source/structure_graph_1.json;source/structure_meshes,source/structure_meshes/809.obj,809,809,PALc,"Pallidum, caudal region",Basic cell groups and regions,803,bilateral,mesh_with_ontology,"ontology_path=root > Basic cell groups and regions > Cerebrum > Cerebral nuclei > Pallidum > Pallidum, caudal region"
mouse,source/structure_graph_1.json;source/structure_meshes,source/structure_meshes/810.obj,810,810,ACAv6a,"Anterior cingulate area, ventral part, 6a",Basic cell groups and regions,48,bilateral,mesh_with_ontology,"ontology_path=root > Basic cell groups and regions > Cerebrum > Cerebral cortex > Cortical plate > Isocortex > Anterior cingulate area > Anterior cingulate area, ventral part > Anterior cingulate area, ventral part, 6a"
mouse,source/structure_graph_1.json;source/structure_meshes,source/structure_meshes/811.obj,811,811,ICc,"Inferior colliculus, central nucleus",Basic cell groups and regions,4,bilateral,mesh_with_ontology,"ontology_path=root > Basic cell groups and regions > Brain stem > Midbrain > Midbrain, sensory related > Inferior colliculus > Inferior colliculus, central nucleus"
mouse,source/structure_graph_1.json;source/structure_meshes,source/structure_meshes/812.obj,812,812,dscp,superior cerebellar peduncle decussation,fiber tracts,326,bilateral,mesh_with_ontology,ontology_path=root > fiber tracts > cerebellum related fiber tracts > cerebellar peduncles > superior cerebelar peduncles > superior cerebellar peduncle decussation
mouse,source/structure_graph_1.json;source/structure_meshes,source/structure_meshes/814.obj,814,814,DP,Dorsal peduncular area,Basic cell groups and regions,698,bilateral,mesh_with_ontology,ontology_path=root > Basic cell groups and regions > Cerebrum > Cerebral cortex > Cortical plate > Olfactory areas > Dorsal peduncular area
mouse,source/structure_graph_1.json;source/structure_meshes,source/structure_meshes/816.obj,816,816,AUDp4,"Primary auditory area, layer 4",Basic cell groups and regions,1002,bilateral,mesh_with_ontology,"ontology_path=root > Basic cell groups and regions > Cerebrum > Cerebral cortex > Cortical plate > Isocortex > Auditory areas > Primary auditory area > Primary auditory area, layer 4"
mouse,source/structure_graph_1.json;source/structure_meshes,source/structure_meshes/818.obj,818,818,PALd,"Pallidum, dorsal region",Basic cell groups and regions,803,bilateral,mesh_with_ontology,"ontology_path=root > Basic cell groups and regions > Cerebrum > Cerebral nuclei > Pallidum > Pallidum, dorsal region"
mouse,source/structure_graph_1.json;source/structure_meshes,source/structure_meshes/819.obj,819,819,ACAv6b,"Anterior cingulate area, ventral part, 6b",Basic cell groups and regions,48,bilateral,mesh_with_ontology,"ontology_path=root > Basic cell groups and regions > Cerebrum > Cerebral cortex > Cortical plate > Isocortex > Anterior cingulate area > Anterior cingulate area, ventral part > Anterior cingulate area, ventral part, 6b"
mouse,source/structure_graph_1.json;source/structure_meshes,source/structure_meshes/820.obj,820,820,ICd,"Inferior colliculus, dorsal nucleus",Basic cell groups and regions,4,bilateral,mesh_with_ontology,"ontology_path=root > Basic cell groups and regions > Brain stem > Midbrain > Midbrain, sensory related > Inferior colliculus > Inferior colliculus, dorsal nucleus"
mouse,source/structure_graph_1.json;source/structure_meshes,source/structure_meshes/821.obj,821,821,VISp2/3,"Primary visual area, layer 2/3",Basic cell groups and regions,385,bilateral,mesh_with_ontology,"ontology_path=root > Basic cell groups and regions > Cerebrum > Cerebral cortex > Cortical plate > Isocortex > Visual areas > Primary visual area > Primary visual area, layer 2/3"
mouse,source/structure_graph_1.json;source/structure_meshes,source/structure_meshes/822.obj,822,822,RHP,Retrohippocampal region,Basic cell groups and regions,1089,bilateral,mesh_with_ontology,ontology_path=root > Basic cell groups and regions > Cerebrum > Cerebral cortex > Cortical plate > Hippocampal formation > Retrohippocampal region
mouse,source/structure_graph_1.json;source/structure_meshes,source/structure_meshes/824.obj,824,824,mfsbshy,hypothalamus related,fiber tracts,991,bilateral,mesh_with_ontology,ontology_path=root > fiber tracts > medial forebrain bundle system > hypothalamus related
mouse,source/structure_graph_1.json;source/structure_meshes,source/structure_meshes/826.obj,826,826,PALm,"Pallidum, medial region",Basic cell groups and regions,803,bilateral,mesh_with_ontology,"ontology_path=root > Basic cell groups and regions > Cerebrum > Cerebral nuclei > Pallidum > Pallidum, medial region"
mouse,source/structure_graph_1.json;source/structure_meshes,source/structure_meshes/827.obj,827,827,ILA5,"Infralimbic area, layer 5",Basic cell groups and regions,44,bilateral,mesh_with_ontology,"ontology_path=root > Basic cell groups and regions > Cerebrum > Cerebral cortex > Cortical plate > Isocortex > Infralimbic area > Infralimbic area, layer 5"
mouse,source/structure_graph_1.json;source/structure_meshes,source/structure_meshes/828.obj,828,828,ICe,"Inferior colliculus, external nucleus",Basic cell groups and regions,4,bilateral,mesh_with_ontology,"ontology_path=root > Basic cell groups and regions > Brain stem > Midbrain > Midbrain, sensory related > Inferior colliculus > Inferior colliculus, external nucleus"
mouse,source/structure_graph_1.json;source/structure_meshes,source/structure_meshes/830.obj,830,830,DMH,Dorsomedial nucleus of the hypothalamus,Basic cell groups and regions,141,bilateral,mesh_with_ontology,ontology_path=root > Basic cell groups and regions > Brain stem > Interbrain > Hypothalamus > Periventricular region > Dorsomedial nucleus of the hypothalamus
mouse,source/structure_graph_1.json;source/structure_meshes,source/structure_meshes/831.obj,831,831,AId6b,"Agranular insular area, dorsal part, layer 6b",Basic cell groups and regions,104,bilateral,mesh_with_ontology,"ontology_path=root > Basic cell groups and regions > Cerebrum > Cerebral cortex > Cortical plate > Isocortex > Agranular insular area > Agranular insular area, dorsal part > Agranular insular area, dorsal part, layer 6b"
mouse,source/structure_graph_1.json;source/structure_meshes,source/structure_meshes/832.obj,832,832,IIIn,oculomotor nerve,fiber tracts,967,bilateral,mesh_with_ontology,ontology_path=root > fiber tracts > cranial nerves > oculomotor nerve
mouse,source/structure_graph_1.json;source/structure_meshes,source/structure_meshes/834.obj,834,834,SCzo,"Superior colliculus, zonal layer",Basic cell groups and regions,302,bilateral,mesh_with_ontology,"ontology_path=root > Basic cell groups and regions > Brain stem > Midbrain > Midbrain, sensory related > Superior colliculus, sensory related > Superior colliculus, zonal layer"
mouse,source/structure_graph_1.json;source/structure_meshes,source/structure_meshes/835.obj,835,835,PALv,"Pallidum, ventral region",Basic cell groups and regions,803,bilateral,mesh_with_ontology,"ontology_path=root > Basic cell groups and regions > Cerebrum > Cerebral nuclei > Pallidum > Pallidum, ventral region"
mouse,source/structure_graph_1.json;source/structure_meshes,source/structure_meshes/836.obj,836,836,ECT1,Ectorhinal area/Layer 1,Basic cell groups and regions,895,bilateral,mesh_with_ontology,ontology_path=root > Basic cell groups and regions > Cerebrum > Cerebral cortex > Cortical plate > Isocortex > Ectorhinal area > Ectorhinal area/Layer 1
mouse,source/structure_graph_1.json;source/structure_meshes,source/structure_meshes/838.obj,838,838,SSp-n2/3,"Primary somatosensory area, nose, layer 2/3",Basic cell groups and regions,353,bilateral,mesh_with_ontology,"ontology_path=root > Basic cell groups and regions > Cerebrum > Cerebral cortex > Cortical plate > Isocortex > Somatosensory areas > Primary somatosensory area > Primary somatosensory area, nose > Primary somatosensory area, nose, layer 2/3"
mouse,source/structure_graph_1.json;source/structure_meshes,source/structure_meshes/839.obj,839,839,DMX,Dorsal motor nucleus of the vagus nerve,Basic cell groups and regions,370,bilateral,mesh_with_ontology,"ontology_path=root > Basic cell groups and regions > Brain stem > Hindbrain > Medulla > Medulla, motor related > Dorsal motor nucleus of the vagus nerve"
mouse,source/structure_graph_1.json;source/structure_meshes,source/structure_meshes/840.obj,840,840,In,olfactory nerve,fiber tracts,967,bilateral,mesh_with_ontology,ontology_path=root > fiber tracts > cranial nerves > olfactory nerve
mouse,source/structure_graph_1.json;source/structure_meshes,source/structure_meshes/841.obj,841,841,tb,trapezoid body,fiber tracts,948,bilateral,mesh_with_ontology,ontology_path=root > fiber tracts > cranial nerves > vestibulocochlear nerve > cochlear nerve > trapezoid body
mouse,source/structure_graph_1.json;source/structure_meshes,source/structure_meshes/842.obj,842,842,SCsg,"Superior colliculus, superficial gray layer",Basic cell groups and regions,302,bilateral,mesh_with_ontology,"ontology_path=root > Basic cell groups and regions > Brain stem > Midbrain > Midbrain, sensory related > Superior colliculus, sensory related > Superior colliculus, superficial gray layer"
mouse,source/structure_graph_1.json;source/structure_meshes,source/structure_meshes/843.obj,843,843,PAR,Parasubiculum,Basic cell groups and regions,822,bilateral,mesh_with_ontology,ontology_path=root > Basic cell groups and regions > Cerebrum > Cerebral cortex > Cortical plate > Hippocampal formation > Retrohippocampal region > Parasubiculum
mouse,source/structure_graph_1.json;source/structure_meshes,source/structure_meshes/844.obj,844,844,MOp6a,"Primary motor area, Layer 6a",Basic cell groups and regions,985,bilateral,mesh_with_ontology,"ontology_path=root > Basic cell groups and regions > Cerebrum > Cerebral cortex > Cortical plate > Isocortex > Somatomotor areas > Primary motor area > Primary motor area, Layer 6a"
mouse,source/structure_graph_1.json;source/structure_meshes,source/structure_meshes/846.obj,846,846,DN,Dentate nucleus,Basic cell groups and regions,519,bilateral,mesh_with_ontology,ontology_path=root > Basic cell groups and regions > Cerebellum > Cerebellar nuclei > Dentate nucleus
mouse,source/structure_graph_1.json;source/structure_meshes,source/structure_meshes/847.obj,847,847,AUDp5,"Primary auditory area, layer 5",Basic cell groups and regions,1002,bilateral,mesh_with_ontology,"ontology_path=root > Basic cell groups and regions > Cerebrum > Cerebral cortex > Cortical plate > Isocortex > Auditory areas > Primary auditory area > Primary auditory area, layer 5"
mouse,source/structure_graph_1.json;source/structure_meshes,source/structure_meshes/848.obj,848,848,IIn,optic nerve,fiber tracts,967,bilateral,mesh_with_ontology,ontology_path=root > fiber tracts > cranial nerves > optic nerve
mouse,source/structure_graph_1.json;source/structure_meshes,source/structure_meshes/849.obj,849,849,VISC6b,"Visceral area, layer 6b",Basic cell groups and regions,677,bilateral,mesh_with_ontology,"ontology_path=root > Basic cell groups and regions > Cerebrum > Cerebral cortex > Cortical plate > Isocortex > Visceral area > Visceral area, layer 6b"
mouse,source/structure_graph_1.json;source/structure_meshes,source/structure_meshes/850.obj,850,850,uf,uncinate fascicle,fiber tracts,326,bilateral,mesh_with_ontology,ontology_path=root > fiber tracts > cerebellum related fiber tracts > cerebellar peduncles > superior cerebelar peduncles > uncinate fascicle
mouse,source/structure_graph_1.json;source/structure_meshes,source/structure_meshes/851.obj,851,851,SCop,"Superior colliculus, optic layer",Basic cell groups and regions,302,bilateral,mesh_with_ontology,"ontology_path=root > Basic cell groups and regions > Brain stem > Midbrain > Midbrain, sensory related > Superior colliculus, sensory related > Superior colliculus, optic layer"
mouse,source/structure_graph_1.json;source/structure_meshes,source/structure_meshes/852.obj,852,852,PARN,Parvicellular reticular nucleus,Basic cell groups and regions,370,bilateral,mesh_with_ontology,"ontology_path=root > Basic cell groups and regions > Brain stem > Hindbrain > Medulla > Medulla, motor related > Parvicellular reticular nucleus"
mouse,source/structure_graph_1.json;source/structure_meshes,source/structure_meshes/854.obj,854,854,SSp-ul2/3,"Primary somatosensory area, upper limb, layer 2/3",Basic cell groups and regions,369,bilateral,mesh_with_ontology,"ontology_path=root > Basic cell groups and regions > Cerebrum > Cerebral cortex > Cortical plate > Isocortex > Somatosensory areas > Primary somatosensory area > Primary somatosensory area, upper limb > Primary somatosensory area, upper limb, layer 2/3"
mouse,source/structure_graph_1.json;source/structure_meshes,source/structure_meshes/856.obj,856,856,DORpm,"Thalamus, polymodal association cortex related",Basic cell groups and regions,549,bilateral,mesh_with_ontology,"ontology_path=root > Basic cell groups and regions > Brain stem > Interbrain > Thalamus > Thalamus, polymodal association cortex related"
mouse,source/structure_graph_1.json;source/structure_meshes,source/structure_meshes/857.obj,857,857,VISC6a,"Visceral area, layer 6a",Basic cell groups and regions,677,bilateral,mesh_with_ontology,"ontology_path=root > Basic cell groups and regions > Cerebrum > Cerebral cortex > Cortical plate > Isocortex > Visceral area > Visceral area, layer 6a"
mouse,source/structure_graph_1.json;source/structure_meshes,source/structure_meshes/859.obj,859,859,PAS,Parasolitary nucleus,Basic cell groups and regions,370,bilateral,mesh_with_ontology,"ontology_path=root > Basic cell groups and regions > Brain stem > Hindbrain > Medulla > Medulla, motor related > Parasolitary nucleus"
mouse,source/structure_graph_1.json;source/structure_meshes,source/structure_meshes/862.obj,862,862,SSs6a,"Supplemental somatosensory area, layer 6a",Basic cell groups and regions,378,bilateral,mesh_with_ontology,"ontology_path=root > Basic cell groups and regions > Cerebrum > Cerebral cortex > Cortical plate > Isocortex > Somatosensory areas > Supplemental somatosensory area > Supplemental somatosensory area, layer 6a"
mouse,source/structure_graph_1.json;source/structure_meshes,source/structure_meshes/863.obj,863,863,rust,rubrospinal tract,fiber tracts,1000,bilateral,mesh_with_ontology,ontology_path=root > fiber tracts > extrapyramidal fiber systems > rubrospinal tract
mouse,source/structure_graph_1.json;source/structure_meshes,source/structure_meshes/864.obj,864,864,DORsm,"Thalamus, sensory-motor cortex related",Basic cell groups and regions,549,bilateral,mesh_with_ontology,"ontology_path=root > Basic cell groups and regions > Brain stem > Interbrain > Thalamus > Thalamus, sensory-motor cortex related"
mouse,source/structure_graph_1.json;source/structure_meshes,source/structure_meshes/866.obj,866,866,sctv,ventral spinocerebellar tract,fiber tracts,326,bilateral,mesh_with_ontology,ontology_path=root > fiber tracts > cerebellum related fiber tracts > cerebellar peduncles > superior cerebelar peduncles > ventral spinocerebellar tract
mouse,source/structure_graph_1.json;source/structure_meshes,source/structure_meshes/867.obj,867,867,PB,Parabrachial nucleus,Basic cell groups and regions,1132,bilateral,mesh_with_ontology,"ontology_path=root > Basic cell groups and regions > Brain stem > Hindbrain > Pons > Pons, sensory related > Parabrachial nucleus"
mouse,source/structure_graph_1.json;source/structure_meshes,source/structure_meshes/869.obj,869,869,VISpl4,"Posterolateral visual area, layer 4",Basic cell groups and regions,425,bilateral,mesh_with_ontology,"ontology_path=root > Basic cell groups and regions > Cerebrum > Cerebral cortex > Cortical plate > Isocortex > Visual areas > Posterolateral visual area > Posterolateral visual area, layer 4"
mouse,source/structure_graph_1.json;source/structure_meshes,source/structure_meshes/872.obj,872,872,DR,Dorsal nucleus raphe,Basic cell groups and regions,165,bilateral,mesh_with_ontology,"ontology_path=root > Basic cell groups and regions > Brain stem > Midbrain > Midbrain, behavioral state related > Midbrain raphe nuclei > Dorsal nucleus raphe"
mouse,source/structure_graph_1.json;source/structure_meshes,source/structure_meshes/873.obj,873,873,SSs1,"Supplemental somatosensory area, layer 1",Basic cell groups and regions,378,bilateral,mesh_with_ontology,"ontology_path=root > Basic cell groups and regions > Cerebrum > Cerebral cortex > Cortical plate > Isocortex > Somatosensory areas > Supplemental somatosensory area > Supplemental somatosensory area, layer 1"
mouse,source/structure_graph_1.json;source/structure_meshes,source/structure_meshes/874.obj,874,874,PBG,Parabigeminal nucleus,Basic cell groups and regions,339,bilateral,mesh_with_ontology,"ontology_path=root > Basic cell groups and regions > Brain stem > Midbrain > Midbrain, sensory related > Parabigeminal nucleus"
mouse,source/structure_graph_1.json;source/structure_meshes,source/structure_meshes/877.obj,877,877,tsp,tectospinal pathway,fiber tracts,1000,bilateral,mesh_with_ontology,ontology_path=root > fiber tracts > extrapyramidal fiber systems > tectospinal pathway
mouse,source/structure_graph_1.json;source/structure_meshes,source/structure_meshes/878.obj,878,878,SSp-m1,"Primary somatosensory area, mouth, layer 1",Basic cell groups and regions,345,bilateral,mesh_with_ontology,"ontology_path=root > Basic cell groups and regions > Cerebrum > Cerebral cortex > Cortical plate > Isocortex > Somatosensory areas > Primary somatosensory area > Primary somatosensory area, mouth > Primary somatosensory area, mouth, layer 1"
mouse,source/structure_graph_1.json;source/structure_meshes,source/structure_meshes/879.obj,879,879,RSPd,"Retrosplenial area, dorsal part",Basic cell groups and regions,254,bilateral,mesh_with_ontology,"ontology_path=root > Basic cell groups and regions > Cerebrum > Cerebral cortex > Cortical plate > Isocortex > Retrosplenial area > Retrosplenial area, dorsal part"
mouse,source/structure_graph_1.json;source/structure_meshes,source/structure_meshes/880.obj,880,880,DTN,Dorsal tegmental nucleus,Basic cell groups and regions,987,bilateral,mesh_with_ontology,"ontology_path=root > Basic cell groups and regions > Brain stem > Hindbrain > Pons > Pons, motor related > Dorsal tegmental nucleus"
mouse,source/structure_graph_1.json;source/structure_meshes,source/structure_meshes/882.obj,882,882,MOp6b,"Primary motor area, Layer 6b",Basic cell groups and regions,985,bilateral,mesh_with_ontology,"ontology_path=root > Basic cell groups and regions > Cerebrum > Cerebral cortex > Cortical plate > Isocortex > Somatomotor areas > Primary motor area > Primary motor area, Layer 6b"
mouse,source/structure_graph_1.json;source/structure_meshes,source/structure_meshes/884.obj,884,884,amc,amygdalar capsule,fiber tracts,768,bilateral,mesh_with_ontology,ontology_path=root > fiber tracts > medial forebrain bundle system > cerebrum related > amygdalar capsule
mouse,source/structure_graph_1.json;source/structure_meshes,source/structure_meshes/886.obj,886,886,RSPv,"Retrosplenial area, ventral part",Basic cell groups and regions,254,bilateral,mesh_with_ontology,"ontology_path=root > Basic cell groups and regions > Cerebrum > Cerebral cortex > Cortical plate > Isocortex > Retrosplenial area > Retrosplenial area, ventral part"
mouse,source/structure_graph_1.json;source/structure_meshes,source/structure_meshes/888.obj,888,888,PERI2/3,"Perirhinal area, layer 2/3",Basic cell groups and regions,922,bilateral,mesh_with_ontology,"ontology_path=root > Basic cell groups and regions > Cerebrum > Cerebral cortex > Cortical plate > Isocortex > Perirhinal area > Perirhinal area, layer 2/3"
mouse,source/structure_graph_1.json;source/structure_meshes,source/structure_meshes/889.obj,889,889,SSp-n6a,"Primary somatosensory area, nose, layer 6a",Basic cell groups and regions,353,bilateral,mesh_with_ontology,"ontology_path=root > Basic cell groups and regions > Cerebrum > Cerebral cortex > Cortical plate > Isocortex > Somatosensory areas > Primary somatosensory area > Primary somatosensory area, nose > Primary somatosensory area, nose, layer 6a"
mouse,source/structure_graph_1.json;source/structure_meshes,source/structure_meshes/893.obj,893,893,SSs6b,"Supplemental somatosensory area, layer 6b",Basic cell groups and regions,378,bilateral,mesh_with_ontology,"ontology_path=root > Basic cell groups and regions > Cerebrum > Cerebral cortex > Cortical plate > Isocortex > Somatosensory areas > Supplemental somatosensory area > Supplemental somatosensory area, layer 6b"
mouse,source/structure_graph_1.json;source/structure_meshes,source/structure_meshes/894.obj,894,894,RSPagl,"Retrosplenial area, lateral agranular part",Basic cell groups and regions,254,bilateral,mesh_with_ontology,"ontology_path=root > Basic cell groups and regions > Cerebrum > Cerebral cortex > Cortical plate > Isocortex > Retrosplenial area > Retrosplenial area, lateral agranular part"
mouse,source/structure_graph_1.json;source/structure_meshes,source/structure_meshes/895.obj,895,895,ECT,Ectorhinal area,Basic cell groups and regions,315,bilateral,mesh_with_ontology,ontology_path=root > Basic cell groups and regions > Cerebrum > Cerebral cortex > Cortical plate > Isocortex > Ectorhinal area
mouse,source/structure_graph_1.json;source/structure_meshes,source/structure_meshes/896.obj,896,896,lfbst,thalamus related,fiber tracts,983,bilateral,mesh_with_ontology,ontology_path=root > fiber tracts > lateral forebrain bundle system > thalamus related
mouse,source/structure_graph_1.json;source/structure_meshes,source/structure_meshes/897.obj,897,897,VISC1,"Visceral area, layer 1",Basic cell groups and regions,677,bilateral,mesh_with_ontology,"ontology_path=root > Basic cell groups and regions > Cerebrum > Cerebral cortex > Cortical plate > Isocortex > Visceral area > Visceral area, layer 1"
mouse,source/structure_graph_1.json;source/structure_meshes,source/structure_meshes/898.obj,898,898,PCG,Pontine central gray,Basic cell groups and regions,987,bilateral,mesh_with_ontology,"ontology_path=root > Basic cell groups and regions > Brain stem > Hindbrain > Pons > Pons, motor related > Pontine central gray"
mouse,source/structure_graph_1.json;source/structure_meshes,source/structure_meshes/900.obj,900,900,aco,"anterior commissure, olfactory limb",fiber tracts,840,bilateral,mesh_with_ontology,"ontology_path=root > fiber tracts > cranial nerves > olfactory nerve > anterior commissure, olfactory limb"
mouse,source/structure_graph_1.json;source/structure_meshes,source/structure_meshes/901.obj,901,901,Vn,trigeminal nerve,fiber tracts,967,bilateral,mesh_with_ontology,ontology_path=root > fiber tracts > cranial nerves > trigeminal nerve
mouse,source/structure_graph_1.json;source/structure_meshes,source/structure_meshes/902.obj,902,902,VISpl5,"Posterolateral visual area, layer 5",Basic cell groups and regions,425,bilateral,mesh_with_ontology,"ontology_path=root > Basic cell groups and regions > Cerebrum > Cerebral cortex > Cortical plate > Isocortex > Visual areas > Posterolateral visual area > Posterolateral visual area, layer 5"
mouse,source/structure_graph_1.json;source/structure_meshes,source/structure_meshes/903.obj,903,903,ECU,External cuneate nucleus,Basic cell groups and regions,386,bilateral,mesh_with_ontology,"ontology_path=root > Basic cell groups and regions > Brain stem > Hindbrain > Medulla > Medulla, sensory related > External cuneate nucleus"
mouse,source/structure_graph_1.json;source/structure_meshes,source/structure_meshes/904.obj,904,904,MSC,Medial septal complex,Basic cell groups and regions,826,bilateral,mesh_with_ontology,"ontology_path=root > Basic cell groups and regions > Cerebrum > Cerebral nuclei > Pallidum > Pallidum, medial region > Medial septal complex"
mouse,source/structure_graph_1.json;source/structure_meshes,source/structure_meshes/905.obj,905,905,VISal2/3,"Anterolateral visual area, layer 2/3",Basic cell groups and regions,402,bilateral,mesh_with_ontology,"ontology_path=root > Basic cell groups and regions > Cerebrum > Cerebral cortex > Cortical plate > Isocortex > Visual areas > Anterolateral visual area > Anterolateral visual area, layer 2/3"
mouse,source/structure_graph_1.json;source/structure_meshes,source/structure_meshes/906.obj,906,906,RSPagl6a,"Retrosplenial area, lateral agranular part, layer 6a",Basic cell groups and regions,894,bilateral,mesh_with_ontology,"ontology_path=root > Basic cell groups and regions > Cerebrum > Cerebral cortex > Cortical plate > Isocortex > Retrosplenial area > Retrosplenial area, lateral agranular part > Retrosplenial area, lateral agranular part, layer 6a"
mouse,source/structure_graph_1.json;source/structure_meshes,source/structure_meshes/907.obj,907,907,PCN,Paracentral nucleus,Basic cell groups and regions,51,bilateral,mesh_with_ontology,"ontology_path=root > Basic cell groups and regions > Brain stem > Interbrain > Thalamus > Thalamus, polymodal association cortex related > Intralaminar nuclei of the dorsal thalamus > Paracentral nucleus"
mouse,source/structure_graph_1.json;source/structure_meshes,source/structure_meshes/908.obj,908,908,act,"anterior commissure, temporal limb",fiber tracts,768,bilateral,mesh_with_ontology,"ontology_path=root > fiber tracts > medial forebrain bundle system > cerebrum related > anterior commissure, temporal limb"
mouse,source/structure_graph_1.json;source/structure_meshes,source/structure_meshes/909.obj,909,909,ENT,Entorhinal area,Basic cell groups and regions,822,bilateral,mesh_with_ontology,ontology_path=root > Basic cell groups and regions > Cerebrum > Cerebral cortex > Cortical plate > Hippocampal formation > Retrohippocampal region > Entorhinal area
mouse,source/structure_graph_1.json;source/structure_meshes,source/structure_meshes/910.obj,910,910,ORBm6a,"Orbital area, medial part, layer 6a",Basic cell groups and regions,731,bilateral,mesh_with_ontology,"ontology_path=root > Basic cell groups and regions > Cerebrum > Cerebral cortex > Cortical plate > Isocortex > Orbital area > Orbital area, medial part > Orbital area, medial part, layer 6a"
mouse,source/structure_graph_1.json;source/structure_meshes,source/structure_meshes/911.obj,911,911,IVn,trochlear nerve,fiber tracts,967,bilateral,mesh_with_ontology,ontology_path=root > fiber tracts > cranial nerves > trochlear nerve
mouse,source/structure_graph_1.json;source/structure_meshes,source/structure_meshes/912.obj,912,912,LING,Lingula (I),Basic cell groups and regions,645,bilateral,mesh_with_ontology,ontology_path=root > Basic cell groups and regions > Cerebellum > Cerebellar cortex > Vermal regions > Lingula (I)
mouse,source/structure_graph_1.json;source/structure_meshes,source/structure_meshes/914.obj,914,914,PD,Posterodorsal preoptic nucleus,Basic cell groups and regions,141,bilateral,mesh_with_ontology,ontology_path=root > Basic cell groups and regions > Brain stem > Interbrain > Hypothalamus > Periventricular region > Posterodorsal preoptic nucleus
mouse,source/structure_graph_1.json;source/structure_meshes,source/structure_meshes/916.obj,916,916,bsc,brachium of the superior colliculus,fiber tracts,848,bilateral,mesh_with_ontology,ontology_path=root > fiber tracts > cranial nerves > optic nerve > brachium of the superior colliculus
mouse,source/structure_graph_1.json;source/structure_meshes,source/structure_meshes/917.obj,917,917,Xn,vagus nerve,fiber tracts,967,bilateral,mesh_with_ontology,ontology_path=root > fiber tracts > cranial nerves > vagus nerve
mouse,source/structure_graph_1.json;source/structure_meshes,source/structure_meshes/918.obj,918,918,ENTl,"Entorhinal area, lateral part",Basic cell groups and regions,909,bilateral,mesh_with_ontology,"ontology_path=root > Basic cell groups and regions > Cerebrum > Cerebral cortex > Cortical plate > Hippocampal formation > Retrohippocampal region > Entorhinal area > Entorhinal area, lateral part"
mouse,source/structure_graph_1.json;source/structure_meshes,source/structure_meshes/919.obj,919,919,ACAd6a,"Anterior cingulate area, dorsal part, layer 6a",Basic cell groups and regions,39,bilateral,mesh_with_ontology,"ontology_path=root > Basic cell groups and regions > Cerebrum > Cerebral cortex > Cortical plate > Isocortex > Anterior cingulate area > Anterior cingulate area, dorsal part > Anterior cingulate area, dorsal part, layer 6a"
mouse,source/structure_graph_1.json;source/structure_meshes,source/structure_meshes/920.obj,920,920,CENT,Central lobule,Basic cell groups and regions,645,bilateral,mesh_with_ontology,ontology_path=root > Basic cell groups and regions > Cerebellum > Cerebellar cortex > Vermal regions > Central lobule
mouse,source/structure_graph_1.json;source/structure_meshes,source/structure_meshes/922.obj,922,922,PERI,Perirhinal area,Basic cell groups and regions,315,bilateral,mesh_with_ontology,ontology_path=root > Basic cell groups and regions > Cerebrum > Cerebral cortex > Cortical plate > Isocortex > Perirhinal area
mouse,source/structure_graph_1.json;source/structure_meshes,source/structure_meshes/924.obj,924,924,cpd,cerebal peduncle,fiber tracts,784,bilateral,mesh_with_ontology,ontology_path=root > fiber tracts > lateral forebrain bundle system > corticospinal tract > cerebal peduncle
mouse,source/structure_graph_1.json;source/structure_meshes,source/structure_meshes/926.obj,926,926,ENTm,"Entorhinal area, medial part, dorsal zone",Basic cell groups and regions,909,bilateral,mesh_with_ontology,"ontology_path=root > Basic cell groups and regions > Cerebrum > Cerebral cortex > Cortical plate > Hippocampal formation > Retrohippocampal region > Entorhinal area > Entorhinal area, medial part, dorsal zone"
mouse,source/structure_graph_1.json;source/structure_meshes,source/structure_meshes/927.obj,927,927,ACAd6b,"Anterior cingulate area, dorsal part, layer 6b",Basic cell groups and regions,39,bilateral,mesh_with_ontology,"ontology_path=root > Basic cell groups and regions > Cerebrum > Cerebral cortex > Cortical plate > Isocortex > Anterior cingulate area > Anterior cingulate area, dorsal part > Anterior cingulate area, dorsal part, layer 6b"
mouse,source/structure_graph_1.json;source/structure_meshes,source/structure_meshes/928.obj,928,928,CUL,Culmen,Basic cell groups and regions,645,bilateral,mesh_with_ontology,ontology_path=root > Basic cell groups and regions > Cerebellum > Cerebellar cortex > Vermal regions > Culmen
mouse,source/structure_graph_1.json;source/structure_meshes,source/structure_meshes/929.obj,929,929,SSp-n6b,"Primary somatosensory area, nose, layer 6b",Basic cell groups and regions,353,bilateral,mesh_with_ontology,"ontology_path=root > Basic cell groups and regions > Cerebrum > Cerebral cortex > Cortical plate > Isocortex > Somatosensory areas > Primary somatosensory area > Primary somatosensory area, nose > Primary somatosensory area, nose, layer 6b"
mouse,source/structure_graph_1.json;source/structure_meshes,source/structure_meshes/930.obj,930,930,PF,Parafascicular nucleus,Basic cell groups and regions,51,bilateral,mesh_with_ontology,"ontology_path=root > Basic cell groups and regions > Brain stem > Interbrain > Thalamus > Thalamus, polymodal association cortex related > Intralaminar nuclei of the dorsal thalamus > Parafascicular nucleus"
mouse,source/structure_graph_1.json;source/structure_meshes,source/structure_meshes/931.obj,931,931,PG,Pontine gray,Basic cell groups and regions,987,bilateral,mesh_with_ontology,"ontology_path=root > Basic cell groups and regions > Brain stem > Hindbrain > Pons > Pons, motor related > Pontine gray"
mouse,source/structure_graph_1.json;source/structure_meshes,source/structure_meshes/932.obj,932,932,cett,cervicothalamic tract,fiber tracts,792,bilateral,mesh_with_ontology,ontology_path=root > fiber tracts > cranial nerves > dorsal roots > cervicothalamic tract
mouse,source/structure_graph_1.json;source/structure_meshes,source/structure_meshes/933.obj,933,933,VIIIn,vestibulocochlear nerve,fiber tracts,967,bilateral,mesh_with_ontology,ontology_path=root > fiber tracts > cranial nerves > vestibulocochlear nerve
mouse,source/structure_graph_1.json;source/structure_meshes,source/structure_meshes/935.obj,935,935,ACAd1,"Anterior cingulate area, dorsal part, layer 1",Basic cell groups and regions,39,bilateral,mesh_with_ontology,"ontology_path=root > Basic cell groups and regions > Cerebrum > Cerebral cortex > Cortical plate > Isocortex > Anterior cingulate area > Anterior cingulate area, dorsal part > Anterior cingulate area, dorsal part, layer 1"
mouse,source/structure_graph_1.json;source/structure_meshes,source/structure_meshes/936.obj,936,936,DEC,Declive (VI),Basic cell groups and regions,645,bilateral,mesh_with_ontology,ontology_path=root > Basic cell groups and regions > Cerebellum > Cerebellar cortex > Vermal regions > Declive (VI)
mouse,source/structure_graph_1.json;source/structure_meshes,source/structure_meshes/938.obj,938,938,PGRN,Paragigantocellular reticular nucleus,Basic cell groups and regions,370,bilateral,mesh_with_ontology,"ontology_path=root > Basic cell groups and regions > Brain stem > Hindbrain > Medulla > Medulla, motor related > Paragigantocellular reticular nucleus"
mouse,source/structure_graph_1.json;source/structure_meshes,source/structure_meshes/939.obj,939,939,AMBd,"Nucleus ambiguus, dorsal division",Basic cell groups and regions,135,bilateral,mesh_with_ontology,"ontology_path=root > Basic cell groups and regions > Brain stem > Hindbrain > Medulla > Medulla, motor related > Nucleus ambiguus > Nucleus ambiguus, dorsal division"
mouse,source/structure_graph_1.json;source/structure_meshes,source/structure_meshes/940.obj,940,940,cing,cingulum bundle,fiber tracts,768,bilateral,mesh_with_ontology,ontology_path=root > fiber tracts > medial forebrain bundle system > cerebrum related > cingulum bundle
mouse,source/structure_graph_1.json;source/structure_meshes,source/structure_meshes/942.obj,942,942,EP,Endopiriform nucleus,Basic cell groups and regions,703,bilateral,mesh_with_ontology,ontology_path=root > Basic cell groups and regions > Cerebrum > Cerebral cortex > Cortical subplate > Endopiriform nucleus
mouse,source/structure_graph_1.json;source/structure_meshes,source/structure_meshes/943.obj,943,943,MOp2/3,"Primary motor area, Layer 2/3",Basic cell groups and regions,985,bilateral,mesh_with_ontology,"ontology_path=root > Basic cell groups and regions > Cerebrum > Cerebral cortex > Cortical plate > Isocortex > Somatomotor areas > Primary motor area > Primary motor area, Layer 2/3"
mouse,source/structure_graph_1.json;source/structure_meshes,source/structure_meshes/944.obj,944,944,FOTU,Folium-tuber vermis (VII),Basic cell groups and regions,645,bilateral,mesh_with_ontology,ontology_path=root > Basic cell groups and regions > Cerebellum > Cerebellar cortex > Vermal regions > Folium-tuber vermis (VII)
mouse,source/structure_graph_1.json;source/structure_meshes,source/structure_meshes/945.obj,945,945,SSp-ul6a,"Primary somatosensory area, upper limb, layer 6a",Basic cell groups and regions,369,bilateral,mesh_with_ontology,"ontology_path=root > Basic cell groups and regions > Cerebrum > Cerebral cortex > Cortical plate > Isocortex > Somatosensory areas > Primary somatosensory area > Primary somatosensory area, upper limb > Primary somatosensory area, upper limb, layer 6a"
mouse,source/structure_graph_1.json;source/structure_meshes,source/structure_meshes/946.obj,946,946,PH,Posterior hypothalamic nucleus,Basic cell groups and regions,467,bilateral,mesh_with_ontology,ontology_path=root > Basic cell groups and regions > Brain stem > Interbrain > Hypothalamus > Hypothalamic medial zone > Posterior hypothalamic nucleus
mouse,source/structure_graph_1.json;source/structure_meshes,source/structure_meshes/948.obj,948,948,cVIIIn,cochlear nerve,fiber tracts,933,bilateral,mesh_with_ontology,ontology_path=root > fiber tracts > cranial nerves > vestibulocochlear nerve > cochlear nerve
mouse,source/structure_graph_1.json;source/structure_meshes,source/structure_meshes/949.obj,949,949,von,vomeronasal nerve,fiber tracts,967,bilateral,mesh_with_ontology,ontology_path=root > fiber tracts > cranial nerves > vomeronasal nerve
mouse,source/structure_graph_1.json;source/structure_meshes,source/structure_meshes/950.obj,950,950,SSp-m4,"Primary somatosensory area, mouth, layer 4",Basic cell groups and regions,345,bilateral,mesh_with_ontology,"ontology_path=root > Basic cell groups and regions > Cerebrum > Cerebral cortex > Cortical plate > Isocortex > Somatosensory areas > Primary somatosensory area > Primary somatosensory area, mouth > Primary somatosensory area, mouth, layer 4"
mouse,source/structure_graph_1.json;source/structure_meshes,source/structure_meshes/951.obj,951,951,PYR,Pyramus (VIII),Basic cell groups and regions,645,bilateral,mesh_with_ontology,ontology_path=root > Basic cell groups and regions > Cerebellum > Cerebellar cortex > Vermal regions > Pyramus (VIII)
mouse,source/structure_graph_1.json;source/structure_meshes,source/structure_meshes/952.obj,952,952,EPd,"Endopiriform nucleus, dorsal part",Basic cell groups and regions,942,bilateral,mesh_with_ontology,"ontology_path=root > Basic cell groups and regions > Cerebrum > Cerebral cortex > Cortical subplate > Endopiriform nucleus > Endopiriform nucleus, dorsal part"
mouse,source/structure_graph_1.json;source/structure_meshes,source/structure_meshes/954.obj,954,954,AUDp6a,"Primary auditory area, layer 6a",Basic cell groups and regions,1002,bilateral,mesh_with_ontology,"ontology_path=root > Basic cell groups and regions > Cerebrum > Cerebral cortex > Cortical plate > Isocortex > Auditory areas > Primary auditory area > Primary auditory area, layer 6a"
mouse,source/structure_graph_1.json;source/structure_meshes,source/structure_meshes/955.obj,955,955,LRNm,"Lateral reticular nucleus, magnocellular part",Basic cell groups and regions,235,bilateral,mesh_with_ontology,"ontology_path=root > Basic cell groups and regions > Brain stem > Hindbrain > Medulla > Medulla, motor related > Lateral reticular nucleus > Lateral reticular nucleus, magnocellular part"
mouse,source/structure_graph_1.json;source/structure_meshes,source/structure_meshes/956.obj,956,956,fa,"corpus callosum, anterior forceps",fiber tracts,776,bilateral,mesh_with_ontology,"ontology_path=root > fiber tracts > lateral forebrain bundle system > corpus callosum > corpus callosum, anterior forceps"
mouse,source/structure_graph_1.json;source/structure_meshes,source/structure_meshes/957.obj,957,957,UVU,Uvula (IX),Basic cell groups and regions,645,bilateral,mesh_with_ontology,ontology_path=root > Basic cell groups and regions > Cerebellum > Cerebellar cortex > Vermal regions > Uvula (IX)
mouse,source/structure_graph_1.json;source/structure_meshes,source/structure_meshes/958.obj,958,958,EPI,Epithalamus,Basic cell groups and regions,856,bilateral,mesh_with_ontology,"ontology_path=root > Basic cell groups and regions > Brain stem > Interbrain > Thalamus > Thalamus, polymodal association cortex related > Epithalamus"
mouse,source/structure_graph_1.json;source/structure_meshes,source/structure_meshes/959.obj,959,959,AUDv1,"Ventral auditory area, layer 1",Basic cell groups and regions,1018,bilateral,mesh_with_ontology,"ontology_path=root > Basic cell groups and regions > Cerebrum > Cerebral cortex > Cortical plate > Isocortex > Auditory areas > Ventral auditory area > Ventral auditory area, layer 1"
mouse,source/structure_graph_1.json;source/structure_meshes,source/structure_meshes/960.obj,960,960,cbf,cerebellum related fiber tracts,fiber tracts,1009,bilateral,mesh_with_ontology,ontology_path=root > fiber tracts > cerebellum related fiber tracts
mouse,source/structure_graph_1.json;source/structure_meshes,source/structure_meshes/961.obj,961,961,PIR,Piriform area,Basic cell groups and regions,698,bilateral,mesh_with_ontology,ontology_path=root > Basic cell groups and regions > Cerebrum > Cerebral cortex > Cortical plate > Olfactory areas > Piriform area
mouse,source/structure_graph_1.json;source/structure_meshes,source/structure_meshes/962.obj,962,962,MOs2/3,"Secondary motor area, layer 2/3",Basic cell groups and regions,993,bilateral,mesh_with_ontology,"ontology_path=root > Basic cell groups and regions > Cerebrum > Cerebral cortex > Cortical plate > Isocortex > Somatomotor areas > Secondary motor area > Secondary motor area, layer 2/3"
mouse,source/structure_graph_1.json;source/structure_meshes,source/structure_meshes/963.obj,963,963,LRNp,"Lateral reticular nucleus, parvicellular part",Basic cell groups and regions,235,bilateral,mesh_with_ontology,"ontology_path=root > Basic cell groups and regions > Brain stem > Hindbrain > Medulla > Medulla, motor related > Lateral reticular nucleus > Lateral reticular nucleus, parvicellular part"
mouse,source/structure_graph_1.json;source/structure_meshes,source/structure_meshes/964.obj,964,964,ee,"corpus callosum, extreme capsule",fiber tracts,776,bilateral,mesh_with_ontology,"ontology_path=root > fiber tracts > lateral forebrain bundle system > corpus callosum > corpus callosum, extreme capsule"
mouse,source/structure_graph_1.json;source/structure_meshes,source/structure_meshes/965.obj,965,965,RSPagl2/3,"Retrosplenial area, lateral agranular part, layer 2/3",Basic cell groups and regions,894,bilateral,mesh_with_ontology,"ontology_path=root > Basic cell groups and regions > Cerebrum > Cerebral cortex > Cortical plate > Isocortex > Retrosplenial area > Retrosplenial area, lateral agranular part > Retrosplenial area, lateral agranular part, layer 2/3"
mouse,source/structure_graph_1.json;source/structure_meshes,source/structure_meshes/966.obj,966,966,EPv,"Endopiriform nucleus, ventral part",Basic cell groups and regions,942,bilateral,mesh_with_ontology,"ontology_path=root > Basic cell groups and regions > Cerebrum > Cerebral cortex > Cortical subplate > Endopiriform nucleus > Endopiriform nucleus, ventral part"
mouse,source/structure_graph_1.json;source/structure_meshes,source/structure_meshes/967.obj,967,967,cm,cranial nerves,fiber tracts,1009,bilateral,mesh_with_ontology,ontology_path=root > fiber tracts > cranial nerves
mouse,source/structure_graph_1.json;source/structure_meshes,source/structure_meshes/968.obj,968,968,NOD,Nodulus (X),Basic cell groups and regions,645,bilateral,mesh_with_ontology,ontology_path=root > Basic cell groups and regions > Cerebellum > Cerebellar cortex > Vermal regions > Nodulus (X)
mouse,source/structure_graph_1.json;source/structure_meshes,source/structure_meshes/969.obj,969,969,ORBvl1,"Orbital area, ventrolateral part, layer 1",Basic cell groups and regions,746,bilateral,mesh_with_ontology,"ontology_path=root > Basic cell groups and regions > Cerebrum > Cerebral cortex > Cortical plate > Isocortex > Orbital area > Orbital area, ventrolateral part > Orbital area, ventrolateral part, layer 1"
mouse,source/structure_graph_1.json;source/structure_meshes,source/structure_meshes/970.obj,970,970,PGRNd,"Paragigantocellular reticular nucleus, dorsal part",Basic cell groups and regions,938,bilateral,mesh_with_ontology,"ontology_path=root > Basic cell groups and regions > Brain stem > Hindbrain > Medulla > Medulla, motor related > Paragigantocellular reticular nucleus > Paragigantocellular reticular nucleus, dorsal part"
mouse,source/structure_graph_1.json;source/structure_meshes,source/structure_meshes/971.obj,971,971,fp,"corpus callosum, posterior forceps",fiber tracts,776,bilateral,mesh_with_ontology,"ontology_path=root > fiber tracts > lateral forebrain bundle system > corpus callosum > corpus callosum, posterior forceps"
mouse,source/structure_graph_1.json;source/structure_meshes,source/structure_meshes/972.obj,972,972,PL,Prelimbic area,Basic cell groups and regions,315,bilateral,mesh_with_ontology,ontology_path=root > Basic cell groups and regions > Cerebrum > Cerebral cortex > Cortical plate > Isocortex > Prelimbic area
mouse,source/structure_graph_1.json;source/structure_meshes,source/structure_meshes/973.obj,973,973,VISl2/3,"Lateral visual area, layer 2/3",Basic cell groups and regions,409,bilateral,mesh_with_ontology,"ontology_path=root > Basic cell groups and regions > Cerebrum > Cerebral cortex > Cortical plate > Isocortex > Visual areas > Lateral visual area > Lateral visual area, layer 2/3"
mouse,source/structure_graph_1.json;source/structure_meshes,source/structure_meshes/974.obj,974,974,SSp-m5,"Primary somatosensory area, mouth, layer 5",Basic cell groups and regions,345,bilateral,mesh_with_ontology,"ontology_path=root > Basic cell groups and regions > Cerebrum > Cerebral cortex > Cortical plate > Isocortex > Somatosensory areas > Primary somatosensory area > Primary somatosensory area, mouth > Primary somatosensory area, mouth, layer 5"
mouse,source/structure_graph_1.json;source/structure_meshes,source/structure_meshes/975.obj,975,975,EW,Edinger-Westphal nucleus,Basic cell groups and regions,323,bilateral,mesh_with_ontology,"ontology_path=root > Basic cell groups and regions > Brain stem > Midbrain > Midbrain, motor related > Edinger-Westphal nucleus"
mouse,source/structure_graph_1.json;source/structure_meshes,source/structure_meshes/976.obj,976,976,CENT2,Lobule II,Basic cell groups and regions,920,bilateral,mesh_with_ontology,ontology_path=root > Basic cell groups and regions > Cerebellum > Cerebellar cortex > Vermal regions > Central lobule > Lobule II
mouse,source/structure_graph_1.json;source/structure_meshes,source/structure_meshes/977.obj,977,977,ECT6a,Ectorhinal area/Layer 6a,Basic cell groups and regions,895,bilateral,mesh_with_ontology,ontology_path=root > Basic cell groups and regions > Cerebrum > Cerebral cortex > Cortical plate > Isocortex > Ectorhinal area > Ectorhinal area/Layer 6a
mouse,source/structure_graph_1.json;source/structure_meshes,source/structure_meshes/978.obj,978,978,PGRNl,"Paragigantocellular reticular nucleus, lateral part",Basic cell groups and regions,938,bilateral,mesh_with_ontology,"ontology_path=root > Basic cell groups and regions > Brain stem > Hindbrain > Medulla > Medulla, motor related > Paragigantocellular reticular nucleus > Paragigantocellular reticular nucleus, lateral part"
mouse,source/structure_graph_1.json;source/structure_meshes,source/structure_meshes/980.obj,980,980,PMd,Dorsal premammillary nucleus,Basic cell groups and regions,467,bilateral,mesh_with_ontology,ontology_path=root > Basic cell groups and regions > Brain stem > Interbrain > Hypothalamus > Hypothalamic medial zone > Dorsal premammillary nucleus
mouse,source/structure_graph_1.json;source/structure_meshes,source/structure_meshes/981.obj,981,981,SSp-bfd1,"Primary somatosensory area, barrel field, layer 1",Basic cell groups and regions,329,bilateral,mesh_with_ontology,"ontology_path=root > Basic cell groups and regions > Cerebrum > Cerebral cortex > Cortical plate > Isocortex > Somatosensory areas > Primary somatosensory area > Primary somatosensory area, barrel field > Primary somatosensory area, barrel field, layer 1"
mouse,source/structure_graph_1.json;source/structure_meshes,source/structure_meshes/982.obj,982,982,FC,Fasciola cinerea,Basic cell groups and regions,1080,bilateral,mesh_with_ontology,ontology_path=root > Basic cell groups and regions > Cerebrum > Cerebral cortex > Cortical plate > Hippocampal formation > Hippocampal region > Fasciola cinerea
mouse,source/structure_graph_1.json;source/structure_meshes,source/structure_meshes/983.obj,983,983,lfbs,lateral forebrain bundle system,fiber tracts,1009,bilateral,mesh_with_ontology,ontology_path=root > fiber tracts > lateral forebrain bundle system
mouse,source/structure_graph_1.json;source/structure_meshes,source/structure_meshes/984.obj,984,984,CENT3,Lobule III,Basic cell groups and regions,920,bilateral,mesh_with_ontology,ontology_path=root > Basic cell groups and regions > Cerebellum > Cerebellar cortex > Vermal regions > Central lobule > Lobule III
mouse,source/structure_graph_1.json;source/structure_meshes,source/structure_meshes/985.obj,985,985,MOp,Primary motor area,Basic cell groups and regions,500,bilateral,mesh_with_ontology,ontology_path=root > Basic cell groups and regions > Cerebrum > Cerebral cortex > Cortical plate > Isocortex > Somatomotor areas > Primary motor area
mouse,source/structure_graph_1.json;source/structure_meshes,source/structure_meshes/986.obj,986,986,ccs,"corpus callosum, splenium",fiber tracts,776,bilateral,mesh_with_ontology,"ontology_path=root > fiber tracts > lateral forebrain bundle system > corpus callosum > corpus callosum, splenium"
mouse,source/structure_graph_1.json;source/structure_meshes,source/structure_meshes/987.obj,987,987,P-mot,"Pons, motor related",Basic cell groups and regions,771,bilateral,mesh_with_ontology,"ontology_path=root > Basic cell groups and regions > Brain stem > Hindbrain > Pons > Pons, motor related"
mouse,source/structure_graph_1.json;source/structure_meshes,source/structure_meshes/988.obj,988,988,ECT5,Ectorhinal area/Layer 5,Basic cell groups and regions,895,bilateral,mesh_with_ontology,ontology_path=root > Basic cell groups and regions > Cerebrum > Cerebral cortex > Cortical plate > Isocortex > Ectorhinal area > Ectorhinal area/Layer 5
mouse,source/structure_graph_1.json;source/structure_meshes,source/structure_meshes/989.obj,989,989,FN,Fastigial nucleus,Basic cell groups and regions,519,bilateral,mesh_with_ontology,ontology_path=root > Basic cell groups and regions > Cerebellum > Cerebellar nuclei > Fastigial nucleus
mouse,source/structure_graph_1.json;source/structure_meshes,source/structure_meshes/990.obj,990,990,AUDv4,"Ventral auditory area, layer 4",Basic cell groups and regions,1018,bilateral,mesh_with_ontology,"ontology_path=root > Basic cell groups and regions > Cerebrum > Cerebral cortex > Cortical plate > Isocortex > Auditory areas > Ventral auditory area > Ventral auditory area, layer 4"
mouse,source/structure_graph_1.json;source/structure_meshes,source/structure_meshes/991.obj,991,991,mfbs,medial forebrain bundle system,fiber tracts,1009,bilateral,mesh_with_ontology,ontology_path=root > fiber tracts > medial forebrain bundle system
mouse,source/structure_graph_1.json;source/structure_meshes,source/structure_meshes/993.obj,993,993,MOs,Secondary motor area,Basic cell groups and regions,500,bilateral,mesh_with_ontology,ontology_path=root > Basic cell groups and regions > Cerebrum > Cerebral cortex > Cortical plate > Isocortex > Somatomotor areas > Secondary motor area
mouse,source/structure_graph_1.json;source/structure_meshes,source/structure_meshes/996.obj,996,996,AId1,"Agranular insular area, dorsal part, layer 1",Basic cell groups and regions,104,bilateral,mesh_with_ontology,"ontology_path=root > Basic cell groups and regions > Cerebrum > Cerebral cortex > Cortical plate > Isocortex > Agranular insular area > Agranular insular area, dorsal part > Agranular insular area, dorsal part, layer 1"
mouse,source/structure_graph_1.json;source/structure_meshes,source/structure_meshes/997.obj,997,997,root,root,,,bilateral,mesh_with_ontology,ontology_path=root
mouse,source/structure_graph_1.json;source/structure_meshes,source/structure_meshes/998.obj,998,998,FS,Fundus of striatum,Basic cell groups and regions,493,bilateral,mesh_with_ontology,ontology_path=root > Basic cell groups and regions > Cerebrum > Cerebral nuclei > Striatum > Striatum ventral region > Fundus of striatum
mouse,source/structure_graph_1.json;source/structure_meshes,source/structure_meshes/1000.obj,1000,1000,eps,extrapyramidal fiber systems,fiber tracts,1009,bilateral,mesh_with_ontology,ontology_path=root > fiber tracts > extrapyramidal fiber systems
mouse,source/structure_graph_1.json;source/structure_meshes,source/structure_meshes/1002.obj,1002,1002,AUDp,Primary auditory area,Basic cell groups and regions,247,bilateral,mesh_with_ontology,ontology_path=root > Basic cell groups and regions > Cerebrum > Cerebral cortex > Cortical plate > Isocortex > Auditory areas > Primary auditory area
mouse,source/structure_graph_1.json;source/structure_meshes,source/structure_meshes/1004.obj,1004,1004,PMv,Ventral premammillary nucleus,Basic cell groups and regions,467,bilateral,mesh_with_ontology,ontology_path=root > Basic cell groups and regions > Brain stem > Interbrain > Hypothalamus > Hypothalamic medial zone > Ventral premammillary nucleus
mouse,source/structure_graph_1.json;source/structure_meshes,source/structure_meshes/1005.obj,1005,1005,AUDp6b,"Primary auditory area, layer 6b",Basic cell groups and regions,1002,bilateral,mesh_with_ontology,"ontology_path=root > Basic cell groups and regions > Cerebrum > Cerebral cortex > Cortical plate > Isocortex > Auditory areas > Primary auditory area > Primary auditory area, layer 6b"
mouse,source/structure_graph_1.json;source/structure_meshes,source/structure_meshes/1006.obj,1006,1006,SSp-tr1,"Primary somatosensory area, trunk, layer 1",Basic cell groups and regions,361,bilateral,mesh_with_ontology,"ontology_path=root > Basic cell groups and regions > Cerebrum > Cerebral cortex > Cortical plate > Isocortex > Somatosensory areas > Primary somatosensory area > Primary somatosensory area, trunk > Primary somatosensory area, trunk, layer 1"
mouse,source/structure_graph_1.json;source/structure_meshes,source/structure_meshes/1007.obj,1007,1007,SIM,Simple lobule,Basic cell groups and regions,1073,bilateral,mesh_with_ontology,ontology_path=root > Basic cell groups and regions > Cerebellum > Cerebellar cortex > Hemispheric regions > Simple lobule
mouse,source/structure_graph_1.json;source/structure_meshes,source/structure_meshes/1008.obj,1008,1008,GENd,"Geniculate group, dorsal thalamus",Basic cell groups and regions,864,bilateral,mesh_with_ontology,"ontology_path=root > Basic cell groups and regions > Brain stem > Interbrain > Thalamus > Thalamus, sensory-motor cortex related > Geniculate group, dorsal thalamus"
mouse,source/structure_graph_1.json;source/structure_meshes,source/structure_meshes/1009.obj,1009,1009,fiber tracts,fiber tracts,fiber tracts,997,bilateral,mesh_with_ontology,ontology_path=root > fiber tracts
mouse,source/structure_graph_1.json;source/structure_meshes,source/structure_meshes/1010.obj,1010,1010,VISC4,"Visceral area, layer 4",Basic cell groups and regions,677,bilateral,mesh_with_ontology,"ontology_path=root > Basic cell groups and regions > Cerebrum > Cerebral cortex > Cortical plate > Isocortex > Visceral area > Visceral area, layer 4"
mouse,source/structure_graph_1.json;source/structure_meshes,source/structure_meshes/1011.obj,1011,1011,AUDd,Dorsal auditory area,Basic cell groups and regions,247,bilateral,mesh_with_ontology,ontology_path=root > Basic cell groups and regions > Cerebrum > Cerebral cortex > Cortical plate > Isocortex > Auditory areas > Dorsal auditory area
mouse,source/structure_graph_1.json;source/structure_meshes,source/structure_meshes/1014.obj,1014,1014,GENv,"Geniculate group, ventral thalamus",Basic cell groups and regions,856,bilateral,mesh_with_ontology,"ontology_path=root > Basic cell groups and regions > Brain stem > Interbrain > Thalamus > Thalamus, polymodal association cortex related > Geniculate group, ventral thalamus"
mouse,source/structure_graph_1.json;source/structure_meshes,source/structure_meshes/1015.obj,1015,1015,ACAd5,"Anterior cingulate area, dorsal part, layer 5",Basic cell groups and regions,39,bilateral,mesh_with_ontology,"ontology_path=root > Basic cell groups and regions > Cerebrum > Cerebral cortex > Cortical plate > Isocortex > Anterior cingulate area > Anterior cingulate area, dorsal part > Anterior cingulate area, dorsal part, layer 5"
mouse,source/structure_graph_1.json;source/structure_meshes,source/structure_meshes/1016.obj,1016,1016,onl,olfactory nerve layer of main olfactory bulb,fiber tracts,840,bilateral,mesh_with_ontology,ontology_path=root > fiber tracts > cranial nerves > olfactory nerve > olfactory nerve layer of main olfactory bulb
mouse,source/structure_graph_1.json;source/structure_meshes,source/structure_meshes/1017.obj,1017,1017,AN,Ansiform lobule,Basic cell groups and regions,1073,bilateral,mesh_with_ontology,ontology_path=root > Basic cell groups and regions > Cerebellum > Cerebellar cortex > Hemispheric regions > Ansiform lobule
mouse,source/structure_graph_1.json;source/structure_meshes,source/structure_meshes/1018.obj,1018,1018,AUDv,Ventral auditory area,Basic cell groups and regions,247,bilateral,mesh_with_ontology,ontology_path=root > Basic cell groups and regions > Cerebrum > Cerebral cortex > Cortical plate > Isocortex > Auditory areas > Ventral auditory area
mouse,source/structure_graph_1.json;source/structure_meshes,source/structure_meshes/1020.obj,1020,1020,PO,Posterior complex of the thalamus,Basic cell groups and regions,138,bilateral,mesh_with_ontology,"ontology_path=root > Basic cell groups and regions > Brain stem > Interbrain > Thalamus > Thalamus, polymodal association cortex related > Lateral group of the dorsal thalamus > Posterior complex of the thalamus"
mouse,source/structure_graph_1.json;source/structure_meshes,source/structure_meshes/1021.obj,1021,1021,MOs6a,"Secondary motor area, layer 6a",Basic cell groups and regions,993,bilateral,mesh_with_ontology,"ontology_path=root > Basic cell groups and regions > Cerebrum > Cerebral cortex > Cortical plate > Isocortex > Somatomotor areas > Secondary motor area > Secondary motor area, layer 6a"
mouse,source/structure_graph_1.json;source/structure_meshes,source/structure_meshes/1022.obj,1022,1022,GPe,"Globus pallidus, external segment",Basic cell groups and regions,818,bilateral,mesh_with_ontology,"ontology_path=root > Basic cell groups and regions > Cerebrum > Cerebral nuclei > Pallidum > Pallidum, dorsal region > Globus pallidus, external segment"
mouse,source/structure_graph_1.json;source/structure_meshes,source/structure_meshes/1023.obj,1023,1023,AUDv5,"Ventral auditory area, layer 5",Basic cell groups and regions,1018,bilateral,mesh_with_ontology,"ontology_path=root > Basic cell groups and regions > Cerebrum > Cerebral cortex > Cortical plate > Isocortex > Auditory areas > Ventral auditory area > Ventral auditory area, layer 5"
mouse,source/structure_graph_1.json;source/structure_meshes,source/structure_meshes/1025.obj,1025,1025,PRM,Paramedian lobule,Basic cell groups and regions,1073,bilateral,mesh_with_ontology,ontology_path=root > Basic cell groups and regions > Cerebellum > Cerebellar cortex > Hemispheric regions > Paramedian lobule
mouse,source/structure_graph_1.json;source/structure_meshes,source/structure_meshes/1026.obj,1026,1026,SSp-ul6b,"Primary somatosensory area, upper limb, layer 6b",Basic cell groups and regions,369,bilateral,mesh_with_ontology,"ontology_path=root > Basic cell groups and regions > Cerebrum > Cerebral cortex > Cortical plate > Isocortex > Somatosensory areas > Primary somatosensory area > Primary somatosensory area, upper limb > Primary somatosensory area, upper limb, layer 6b"
mouse,source/structure_graph_1.json;source/structure_meshes,source/structure_meshes/1027.obj,1027,1027,AUDpo,Posterior auditory area,Basic cell groups and regions,247,bilateral,mesh_with_ontology,ontology_path=root > Basic cell groups and regions > Cerebrum > Cerebral cortex > Cortical plate > Isocortex > Auditory areas > Posterior auditory area
mouse,source/structure_graph_1.json;source/structure_meshes,source/structure_meshes/1029.obj,1029,1029,POL,Posterior limiting nucleus of the thalamus,Basic cell groups and regions,138,bilateral,mesh_with_ontology,"ontology_path=root > Basic cell groups and regions > Brain stem > Interbrain > Thalamus > Thalamus, polymodal association cortex related > Lateral group of the dorsal thalamus > Posterior limiting nucleus of the thalamus"
mouse,source/structure_graph_1.json;source/structure_meshes,source/structure_meshes/1030.obj,1030,1030,SSp-ll1,"Primary somatosensory area, lower limb, layer 1",Basic cell groups and regions,337,bilateral,mesh_with_ontology,"ontology_path=root > Basic cell groups and regions > Cerebrum > Cerebral cortex > Cortical plate > Isocortex > Somatosensory areas > Primary somatosensory area > Primary somatosensory area, lower limb > Primary somatosensory area, lower limb, layer 1"
mouse,source/structure_graph_1.json;source/structure_meshes,source/structure_meshes/1031.obj,1031,1031,GPi,"Globus pallidus, internal segment",Basic cell groups and regions,818,bilateral,mesh_with_ontology,"ontology_path=root > Basic cell groups and regions > Cerebrum > Cerebral nuclei > Pallidum > Pallidum, dorsal region > Globus pallidus, internal segment"
mouse,source/structure_graph_1.json;source/structure_meshes,source/structure_meshes/1033.obj,1033,1033,COPY,Copula pyramidis,Basic cell groups and regions,1073,bilateral,mesh_with_ontology,ontology_path=root > Basic cell groups and regions > Cerebellum > Cerebellar cortex > Hemispheric regions > Copula pyramidis
mouse,source/structure_graph_1.json;source/structure_meshes,source/structure_meshes/1035.obj,1035,1035,SSs4,"Supplemental somatosensory area, layer 4",Basic cell groups and regions,378,bilateral,mesh_with_ontology,"ontology_path=root > Basic cell groups and regions > Cerebrum > Cerebral cortex > Cortical plate > Isocortex > Somatosensory areas > Supplemental somatosensory area > Supplemental somatosensory area, layer 4"
mouse,source/structure_graph_1.json;source/structure_meshes,source/structure_meshes/1037.obj,1037,1037,POST,Postsubiculum,Basic cell groups and regions,822,bilateral,mesh_with_ontology,ontology_path=root > Basic cell groups and regions > Cerebrum > Cerebral cortex > Cortical plate > Hippocampal formation > Retrohippocampal region > Postsubiculum
mouse,source/structure_graph_1.json;source/structure_meshes,source/structure_meshes/1038.obj,1038,1038,SSp-bfd6a,"Primary somatosensory area, barrel field, layer 6a",Basic cell groups and regions,329,bilateral,mesh_with_ontology,"ontology_path=root > Basic cell groups and regions > Cerebrum > Cerebral cortex > Cortical plate > Isocortex > Somatosensory areas > Primary somatosensory area > Primary somatosensory area, barrel field > Primary somatosensory area, barrel field, layer 6a"
mouse,source/structure_graph_1.json;source/structure_meshes,source/structure_meshes/1039.obj,1039,1039,GR,Gracile nucleus,Basic cell groups and regions,720,bilateral,mesh_with_ontology,"ontology_path=root > Basic cell groups and regions > Brain stem > Hindbrain > Medulla > Medulla, sensory related > Dorsal column nuclei > Gracile nucleus"
mouse,source/structure_graph_1.json;source/structure_meshes,source/structure_meshes/1041.obj,1041,1041,PFL,Paraflocculus,Basic cell groups and regions,1073,bilateral,mesh_with_ontology,ontology_path=root > Basic cell groups and regions > Cerebellum > Cerebellar cortex > Hemispheric regions > Paraflocculus
mouse,source/structure_graph_1.json;source/structure_meshes,source/structure_meshes/1043.obj,1043,1043,tspc,crossed tectospinal pathway,fiber tracts,877,bilateral,mesh_with_ontology,ontology_path=root > fiber tracts > extrapyramidal fiber systems > tectospinal pathway > crossed tectospinal pathway
mouse,source/structure_graph_1.json;source/structure_meshes,source/structure_meshes/1044.obj,1044,1044,PP,Peripeduncular nucleus,Basic cell groups and regions,864,bilateral,mesh_with_ontology,"ontology_path=root > Basic cell groups and regions > Brain stem > Interbrain > Thalamus > Thalamus, sensory-motor cortex related > Peripeduncular nucleus"
mouse,source/structure_graph_1.json;source/structure_meshes,source/structure_meshes/1045.obj,1045,1045,ECT6b,Ectorhinal area/Layer 6b,Basic cell groups and regions,895,bilateral,mesh_with_ontology,ontology_path=root > Basic cell groups and regions > Cerebrum > Cerebral cortex > Cortical plate > Isocortex > Ectorhinal area > Ectorhinal area/Layer 6b
mouse,source/structure_graph_1.json;source/structure_meshes,source/structure_meshes/1046.obj,1046,1046,VISam6a,"Anteromedial visual area, layer 6a",Basic cell groups and regions,394,bilateral,mesh_with_ontology,"ontology_path=root > Basic cell groups and regions > Cerebrum > Cerebral cortex > Cortical plate > Isocortex > Visual areas > Anteromedial visual area > Anteromedial visual area, layer 6a"
mouse,source/structure_graph_1.json;source/structure_meshes,source/structure_meshes/1047.obj,1047,1047,SSp-bfd4,"Primary somatosensory area, barrel field, layer 4",Basic cell groups and regions,329,bilateral,mesh_with_ontology,"ontology_path=root > Basic cell groups and regions > Cerebrum > Cerebral cortex > Cortical plate > Isocortex > Somatosensory areas > Primary somatosensory area > Primary somatosensory area, barrel field > Primary somatosensory area, barrel field, layer 4"
mouse,source/structure_graph_1.json;source/structure_meshes,source/structure_meshes/1048.obj,1048,1048,GRN,Gigantocellular reticular nucleus,Basic cell groups and regions,370,bilateral,mesh_with_ontology,"ontology_path=root > Basic cell groups and regions > Brain stem > Hindbrain > Medulla > Medulla, motor related > Gigantocellular reticular nucleus"
mouse,source/structure_graph_1.json;source/structure_meshes,source/structure_meshes/1049.obj,1049,1049,FL,Flocculus,Basic cell groups and regions,1073,bilateral,mesh_with_ontology,ontology_path=root > Basic cell groups and regions > Cerebellum > Cerebellar cortex > Hemispheric regions > Flocculus
mouse,source/structure_graph_1.json;source/structure_meshes,source/structure_meshes/1051.obj,1051,1051,tspd,direct tectospinal pathway,fiber tracts,877,bilateral,mesh_with_ontology,ontology_path=root > fiber tracts > extrapyramidal fiber systems > tectospinal pathway > direct tectospinal pathway
mouse,source/structure_graph_1.json;source/structure_meshes,source/structure_meshes/1052.obj,1052,1052,PPN,Pedunculopontine nucleus,Basic cell groups and regions,348,bilateral,mesh_with_ontology,"ontology_path=root > Basic cell groups and regions > Brain stem > Midbrain > Midbrain, behavioral state related > Pedunculopontine nucleus"
mouse,source/structure_graph_1.json;source/structure_meshes,source/structure_meshes/1054.obj,1054,1054,ILA6a,"Infralimbic area, layer 6a",Basic cell groups and regions,44,bilateral,mesh_with_ontology,"ontology_path=root > Basic cell groups and regions > Cerebrum > Cerebral cortex > Cortical plate > Isocortex > Infralimbic area > Infralimbic area, layer 6a"
mouse,source/structure_graph_1.json;source/structure_meshes,source/structure_meshes/1056.obj,1056,1056,ANcr1,Crus 1,Basic cell groups and regions,1017,bilateral,mesh_with_ontology,ontology_path=root > Basic cell groups and regions > Cerebellum > Cerebellar cortex > Hemispheric regions > Ansiform lobule > Crus 1
mouse,source/structure_graph_1.json;source/structure_meshes,source/structure_meshes/1057.obj,1057,1057,GU,Gustatory areas,Basic cell groups and regions,315,bilateral,mesh_with_ontology,ontology_path=root > Basic cell groups and regions > Cerebrum > Cerebral cortex > Cortical plate > Isocortex > Gustatory areas
mouse,source/structure_graph_1.json;source/structure_meshes,source/structure_meshes/1058.obj,1058,1058,VISC5,"Visceral area, layer 5",Basic cell groups and regions,677,bilateral,mesh_with_ontology,"ontology_path=root > Basic cell groups and regions > Cerebrum > Cerebral cortex > Cortical plate > Isocortex > Visceral area > Visceral area, layer 5"
mouse,source/structure_graph_1.json;source/structure_meshes,source/structure_meshes/1060.obj,1060,1060,dtd,doral tegmental decussation,fiber tracts,877,bilateral,mesh_with_ontology,ontology_path=root > fiber tracts > extrapyramidal fiber systems > tectospinal pathway > doral tegmental decussation
mouse,source/structure_graph_1.json;source/structure_meshes,source/structure_meshes/1061.obj,1061,1061,PPT,Posterior pretectal nucleus,Basic cell groups and regions,1100,bilateral,mesh_with_ontology,"ontology_path=root > Basic cell groups and regions > Brain stem > Midbrain > Midbrain, motor related > Pretectal region > Posterior pretectal nucleus"
mouse,source/structure_graph_1.json;source/structure_meshes,source/structure_meshes/1062.obj,1062,1062,SSp-bfd6b,"Primary somatosensory area, barrel field, layer 6b",Basic cell groups and regions,329,bilateral,mesh_with_ontology,"ontology_path=root > Basic cell groups and regions > Cerebrum > Cerebral cortex > Cortical plate > Isocortex > Somatosensory areas > Primary somatosensory area > Primary somatosensory area, barrel field > Primary somatosensory area, barrel field, layer 6b"
mouse,source/structure_graph_1.json;source/structure_meshes,source/structure_meshes/1064.obj,1064,1064,ANcr2,Crus 2,Basic cell groups and regions,1017,bilateral,mesh_with_ontology,ontology_path=root > Basic cell groups and regions > Cerebellum > Cerebellar cortex > Hemispheric regions > Ansiform lobule > Crus 2
mouse,source/structure_graph_1.json;source/structure_meshes,source/structure_meshes/1065.obj,1065,1065,HB,Hindbrain,Basic cell groups and regions,343,bilateral,mesh_with_ontology,ontology_path=root > Basic cell groups and regions > Brain stem > Hindbrain
mouse,source/structure_graph_1.json;source/structure_meshes,source/structure_meshes/1066.obj,1066,1066,VISam2/3,"Anteromedial visual area, layer 2/3",Basic cell groups and regions,394,bilateral,mesh_with_ontology,"ontology_path=root > Basic cell groups and regions > Cerebrum > Cerebral cortex > Cortical plate > Isocortex > Visual areas > Anteromedial visual area > Anteromedial visual area, layer 2/3"
mouse,source/structure_graph_1.json;source/structure_meshes,source/structure_meshes/1069.obj,1069,1069,PPY,Parapyramidal nucleus,Basic cell groups and regions,370,bilateral,mesh_with_ontology,"ontology_path=root > Basic cell groups and regions > Brain stem > Hindbrain > Medulla > Medulla, motor related > Parapyramidal nucleus"
mouse,source/structure_graph_1.json;source/structure_meshes,source/structure_meshes/1070.obj,1070,1070,SSp-bfd5,"Primary somatosensory area, barrel field, layer 5",Basic cell groups and regions,329,bilateral,mesh_with_ontology,"ontology_path=root > Basic cell groups and regions > Cerebrum > Cerebral cortex > Cortical plate > Isocortex > Somatosensory areas > Primary somatosensory area > Primary somatosensory area, barrel field > Primary somatosensory area, barrel field, layer 5"
mouse,source/structure_graph_1.json;source/structure_meshes,source/structure_meshes/1072.obj,1072,1072,MGd,"Medial geniculate complex, dorsal part",Basic cell groups and regions,475,bilateral,mesh_with_ontology,"ontology_path=root > Basic cell groups and regions > Brain stem > Interbrain > Thalamus > Thalamus, sensory-motor cortex related > Geniculate group, dorsal thalamus > Medial geniculate complex > Medial geniculate complex, dorsal part"
mouse,source/structure_graph_1.json;source/structure_meshes,source/structure_meshes/1073.obj,1073,1073,HEM,Hemispheric regions,Basic cell groups and regions,528,bilateral,mesh_with_ontology,ontology_path=root > Basic cell groups and regions > Cerebellum > Cerebellar cortex > Hemispheric regions
mouse,source/structure_graph_1.json;source/structure_meshes,source/structure_meshes/1074.obj,1074,1074,VISal1,"Anterolateral visual area, layer 1",Basic cell groups and regions,402,bilateral,mesh_with_ontology,"ontology_path=root > Basic cell groups and regions > Cerebrum > Cerebral cortex > Cortical plate > Isocortex > Visual areas > Anterolateral visual area > Anterolateral visual area, layer 1"
mouse,source/structure_graph_1.json;source/structure_meshes,source/structure_meshes/1077.obj,1077,1077,PR,Perireunensis nucleus,Basic cell groups and regions,444,bilateral,mesh_with_ontology,"ontology_path=root > Basic cell groups and regions > Brain stem > Interbrain > Thalamus > Thalamus, polymodal association cortex related > Medial group of the dorsal thalamus > Perireunensis nucleus"
mouse,source/structure_graph_1.json;source/structure_meshes,source/structure_meshes/1079.obj,1079,1079,MGv,"Medial geniculate complex, ventral part",Basic cell groups and regions,475,bilateral,mesh_with_ontology,"ontology_path=root > Basic cell groups and regions > Brain stem > Interbrain > Thalamus > Thalamus, sensory-motor cortex related > Geniculate group, dorsal thalamus > Medial geniculate complex > Medial geniculate complex, ventral part"
mouse,source/structure_graph_1.json;source/structure_meshes,source/structure_meshes/1080.obj,1080,1080,HIP,Hippocampal region,Basic cell groups and regions,1089,bilateral,mesh_with_ontology,ontology_path=root > Basic cell groups and regions > Cerebrum > Cerebral cortex > Cortical plate > Hippocampal formation > Hippocampal region
mouse,source/structure_graph_1.json;source/structure_meshes,source/structure_meshes/1081.obj,1081,1081,ILA6b,"Infralimbic area, layer 6b",Basic cell groups and regions,44,bilateral,mesh_with_ontology,"ontology_path=root > Basic cell groups and regions > Cerebrum > Cerebral cortex > Cortical plate > Isocortex > Infralimbic area > Infralimbic area, layer 6b"
mouse,source/structure_graph_1.json;source/structure_meshes,source/structure_meshes/1083.obj,1083,1083,mfbse,epithalamus related,fiber tracts,824,bilateral,mesh_with_ontology,ontology_path=root > fiber tracts > medial forebrain bundle system > hypothalamus related > epithalamus related
mouse,source/structure_graph_1.json;source/structure_meshes,source/structure_meshes/1084.obj,1084,1084,PRE,Presubiculum,Basic cell groups and regions,822,bilateral,mesh_with_ontology,ontology_path=root > Basic cell groups and regions > Cerebrum > Cerebral cortex > Cortical plate > Hippocampal formation > Retrohippocampal region > Presubiculum
mouse,source/structure_graph_1.json;source/structure_meshes,source/structure_meshes/1085.obj,1085,1085,MOs6b,"Secondary motor area, layer 6b",Basic cell groups and regions,993,bilateral,mesh_with_ontology,"ontology_path=root > Basic cell groups and regions > Cerebrum > Cerebral cortex > Cortical plate > Isocortex > Somatomotor areas > Secondary motor area > Secondary motor area, layer 6b"
mouse,source/structure_graph_1.json;source/structure_meshes,source/structure_meshes/1086.obj,1086,1086,SSp-tr4,"Primary somatosensory area, trunk, layer 4",Basic cell groups and regions,361,bilateral,mesh_with_ontology,"ontology_path=root > Basic cell groups and regions > Cerebrum > Cerebral cortex > Cortical plate > Isocortex > Somatosensory areas > Primary somatosensory area > Primary somatosensory area, trunk > Primary somatosensory area, trunk, layer 4"
mouse,source/structure_graph_1.json;source/structure_meshes,source/structure_meshes/1088.obj,1088,1088,MGm,"Medial geniculate complex, medial part",Basic cell groups and regions,475,bilateral,mesh_with_ontology,"ontology_path=root > Basic cell groups and regions > Brain stem > Interbrain > Thalamus > Thalamus, sensory-motor cortex related > Geniculate group, dorsal thalamus > Medial geniculate complex > Medial geniculate complex, medial part"
mouse,source/structure_graph_1.json;source/structure_meshes,source/structure_meshes/1089.obj,1089,1089,HPF,Hippocampal formation,Basic cell groups and regions,695,bilateral,mesh_with_ontology,ontology_path=root > Basic cell groups and regions > Cerebrum > Cerebral cortex > Cortical plate > Hippocampal formation
mouse,source/structure_graph_1.json;source/structure_meshes,source/structure_meshes/1090.obj,1090,1090,SSs5,"Supplemental somatosensory area, layer 5",Basic cell groups and regions,378,bilateral,mesh_with_ontology,"ontology_path=root > Basic cell groups and regions > Cerebrum > Cerebral cortex > Cortical plate > Isocortex > Somatosensory areas > Supplemental somatosensory area > Supplemental somatosensory area, layer 5"
mouse,source/structure_graph_1.json;source/structure_meshes,source/structure_meshes/1091.obj,1091,1091,"CUL4, 5",Lobules IV-V,Basic cell groups and regions,928,bilateral,mesh_with_ontology,ontology_path=root > Basic cell groups and regions > Cerebellum > Cerebellar cortex > Vermal regions > Culmen > Lobules IV-V
mouse,source/structure_graph_1.json;source/structure_meshes,source/structure_meshes/1092.obj,1092,1092,em,external medullary lamina of the thalamus,fiber tracts,896,bilateral,mesh_with_ontology,ontology_path=root > fiber tracts > lateral forebrain bundle system > thalamus related > external medullary lamina of the thalamus
mouse,source/structure_graph_1.json;source/structure_meshes,source/structure_meshes/1093.obj,1093,1093,PRNc,"Pontine reticular nucleus, caudal part",Basic cell groups and regions,987,bilateral,mesh_with_ontology,"ontology_path=root > Basic cell groups and regions > Brain stem > Hindbrain > Pons > Pons, motor related > Pontine reticular nucleus, caudal part"
mouse,source/structure_graph_1.json;source/structure_meshes,source/structure_meshes/1094.obj,1094,1094,SSp-ll4,"Primary somatosensory area, lower limb, layer 4",Basic cell groups and regions,337,bilateral,mesh_with_ontology,"ontology_path=root > Basic cell groups and regions > Cerebrum > Cerebral cortex > Cortical plate > Isocortex > Somatosensory areas > Primary somatosensory area > Primary somatosensory area, lower limb > Primary somatosensory area, lower limb, layer 4"
mouse,source/structure_graph_1.json;source/structure_meshes,source/structure_meshes/1096.obj,1096,1096,AMd,"Anteromedial nucleus, dorsal part",Basic cell groups and regions,127,bilateral,mesh_with_ontology,"ontology_path=root > Basic cell groups and regions > Brain stem > Interbrain > Thalamus > Thalamus, polymodal association cortex related > Anterior group of the dorsal thalamus > Anteromedial nucleus > Anteromedial nucleus, dorsal part"
mouse,source/structure_graph_1.json;source/structure_meshes,source/structure_meshes/1097.obj,1097,1097,HY,Hypothalamus,Basic cell groups and regions,1129,bilateral,mesh_with_ontology,ontology_path=root > Basic cell groups and regions > Brain stem > Interbrain > Hypothalamus
mouse,source/structure_graph_1.json;source/structure_meshes,source/structure_meshes/1098.obj,1098,1098,MDRNd,"Medullary reticular nucleus, dorsal part",Basic cell groups and regions,395,bilateral,mesh_with_ontology,"ontology_path=root > Basic cell groups and regions > Brain stem > Hindbrain > Medulla > Medulla, motor related > Medullary reticular nucleus > Medullary reticular nucleus, dorsal part"
mouse,source/structure_graph_1.json;source/structure_meshes,source/structure_meshes/1099.obj,1099,1099,fxs,fornix system,fiber tracts,768,bilateral,mesh_with_ontology,ontology_path=root > fiber tracts > medial forebrain bundle system > cerebrum related > fornix system
mouse,source/structure_graph_1.json;source/structure_meshes,source/structure_meshes/1100.obj,1100,1100,PRT,Pretectal region,Basic cell groups and regions,323,bilateral,mesh_with_ontology,"ontology_path=root > Basic cell groups and regions > Brain stem > Midbrain > Midbrain, motor related > Pretectal region"
mouse,source/structure_graph_1.json;source/structure_meshes,source/structure_meshes/1101.obj,1101,1101,AId5,"Agranular insular area, dorsal part, layer 5",Basic cell groups and regions,104,bilateral,mesh_with_ontology,"ontology_path=root > Basic cell groups and regions > Cerebrum > Cerebral cortex > Cortical plate > Isocortex > Agranular insular area > Agranular insular area, dorsal part > Agranular insular area, dorsal part, layer 5"
mouse,source/structure_graph_1.json;source/structure_meshes,source/structure_meshes/1102.obj,1102,1102,SSp-m6a,"Primary somatosensory area, mouth, layer 6a",Basic cell groups and regions,345,bilateral,mesh_with_ontology,"ontology_path=root > Basic cell groups and regions > Cerebrum > Cerebral cortex > Cortical plate > Isocortex > Somatosensory areas > Primary somatosensory area > Primary somatosensory area, mouth > Primary somatosensory area, mouth, layer 6a"
mouse,source/structure_graph_1.json;source/structure_meshes,source/structure_meshes/1104.obj,1104,1104,AMv,"Anteromedial nucleus, ventral part",Basic cell groups and regions,127,bilateral,mesh_with_ontology,"ontology_path=root > Basic cell groups and regions > Brain stem > Interbrain > Thalamus > Thalamus, polymodal association cortex related > Anterior group of the dorsal thalamus > Anteromedial nucleus > Anteromedial nucleus, ventral part"
mouse,source/structure_graph_1.json;source/structure_meshes,source/structure_meshes/1105.obj,1105,1105,IA,Intercalated amygdalar nucleus,Basic cell groups and regions,278,bilateral,mesh_with_ontology,ontology_path=root > Basic cell groups and regions > Cerebrum > Cerebral nuclei > Striatum > Striatum-like amygdalar nuclei > Intercalated amygdalar nucleus
mouse,source/structure_graph_1.json;source/structure_meshes,source/structure_meshes/1106.obj,1106,1106,VISC2/3,"Visceral area, layer 2/3",Basic cell groups and regions,677,bilateral,mesh_with_ontology,"ontology_path=root > Basic cell groups and regions > Cerebrum > Cerebral cortex > Cortical plate > Isocortex > Visceral area > Visceral area, layer 2/3"
mouse,source/structure_graph_1.json;source/structure_meshes,source/structure_meshes/1107.obj,1107,1107,MDRNv,"Medullary reticular nucleus, ventral part",Basic cell groups and regions,395,bilateral,mesh_with_ontology,"ontology_path=root > Basic cell groups and regions > Brain stem > Hindbrain > Medulla > Medulla, motor related > Medullary reticular nucleus > Medullary reticular nucleus, ventral part"
mouse,source/structure_graph_1.json;source/structure_meshes,source/structure_meshes/1108.obj,1108,1108,ccg,genu of corpus callosum,fiber tracts,776,bilateral,mesh_with_ontology,ontology_path=root > fiber tracts > lateral forebrain bundle system > corpus callosum > genu of corpus callosum
mouse,source/structure_graph_1.json;source/structure_meshes,source/structure_meshes/1109.obj,1109,1109,PS,Parastrial nucleus,Basic cell groups and regions,141,bilateral,mesh_with_ontology,ontology_path=root > Basic cell groups and regions > Brain stem > Interbrain > Hypothalamus > Periventricular region > Parastrial nucleus
mouse,source/structure_graph_1.json;source/structure_meshes,source/structure_meshes/1111.obj,1111,1111,SSp-tr5,"Primary somatosensory area, trunk, layer 5",Basic cell groups and regions,361,bilateral,mesh_with_ontology,"ontology_path=root > Basic cell groups and regions > Cerebrum > Cerebral cortex > Cortical plate > Isocortex > Somatosensory areas > Primary somatosensory area > Primary somatosensory area, trunk > Primary somatosensory area, trunk, layer 5"
mouse,source/structure_graph_1.json;source/structure_meshes,source/structure_meshes/1113.obj,1113,1113,IAD,Interanterodorsal nucleus of the thalamus,Basic cell groups and regions,239,bilateral,mesh_with_ontology,"ontology_path=root > Basic cell groups and regions > Brain stem > Interbrain > Thalamus > Thalamus, polymodal association cortex related > Anterior group of the dorsal thalamus > Interanterodorsal nucleus of the thalamus"
mouse,source/structure_graph_1.json;source/structure_meshes,source/structure_meshes/1114.obj,1114,1114,VISal4,"Anterolateral visual area, layer 4",Basic cell groups and regions,402,bilateral,mesh_with_ontology,"ontology_path=root > Basic cell groups and regions > Cerebrum > Cerebral cortex > Cortical plate > Isocortex > Visual areas > Anterolateral visual area > Anterolateral visual area, layer 4"
mouse,source/structure_graph_1.json;source/structure_meshes,source/structure_meshes/1116.obj,1116,1116,gVIIn,genu of the facial nerve,fiber tracts,798,bilateral,mesh_with_ontology,ontology_path=root > fiber tracts > cranial nerves > facial nerve > genu of the facial nerve
mouse,source/structure_graph_1.json;source/structure_meshes,source/structure_meshes/1117.obj,1117,1117,P-sat,"Pons, behavioral state related",Basic cell groups and regions,771,bilateral,mesh_with_ontology,"ontology_path=root > Basic cell groups and regions > Brain stem > Hindbrain > Pons > Pons, behavioral state related"
mouse,source/structure_graph_1.json;source/structure_meshes,source/structure_meshes/1120.obj,1120,1120,IAM,Interanteromedial nucleus of the thalamus,Basic cell groups and regions,239,bilateral,mesh_with_ontology,"ontology_path=root > Basic cell groups and regions > Brain stem > Interbrain > Thalamus > Thalamus, polymodal association cortex related > Anterior group of the dorsal thalamus > Interanteromedial nucleus of the thalamus"
mouse,source/structure_graph_1.json;source/structure_meshes,source/structure_meshes/1121.obj,1121,1121,ENTl1,"Entorhinal area, lateral part, layer 1",Basic cell groups and regions,918,bilateral,mesh_with_ontology,"ontology_path=root > Basic cell groups and regions > Cerebrum > Cerebral cortex > Cortical plate > Hippocampal formation > Retrohippocampal region > Entorhinal area > Entorhinal area, lateral part > Entorhinal area, lateral part, layer 1"
mouse,source/structure_graph_1.json;source/structure_meshes,source/structure_meshes/1123.obj,1123,1123,icp,inferior cerebellar peduncle,fiber tracts,752,bilateral,mesh_with_ontology,ontology_path=root > fiber tracts > cerebellum related fiber tracts > cerebellar peduncles > inferior cerebellar peduncle
mouse,source/structure_graph_1.json;source/structure_meshes,source/structure_meshes/1125.obj,1125,1125,ORBvl5,"Orbital area, ventrolateral part, layer 5",Basic cell groups and regions,746,bilateral,mesh_with_ontology,"ontology_path=root > Basic cell groups and regions > Cerebrum > Cerebral cortex > Cortical plate > Isocortex > Orbital area > Orbital area, ventrolateral part > Orbital area, ventrolateral part, layer 5"
mouse,source/structure_graph_1.json;source/structure_meshes,source/structure_meshes/1126.obj,1126,1126,TMd,"Tuberomammillary nucleus, dorsal part",Basic cell groups and regions,557,bilateral,mesh_with_ontology,"ontology_path=root > Basic cell groups and regions > Brain stem > Interbrain > Hypothalamus > Hypothalamic medial zone > Mammillary body > Tuberomammillary nucleus > Tuberomammillary nucleus, dorsal part"
mouse,source/structure_graph_1.json;source/structure_meshes,source/structure_meshes/1127.obj,1127,1127,TEa2/3,"Temporal association areas, layer 2/3",Basic cell groups and regions,541,bilateral,mesh_with_ontology,"ontology_path=root > Basic cell groups and regions > Cerebrum > Cerebral cortex > Cortical plate > Isocortex > Temporal association areas > Temporal association areas, layer 2/3"
mouse,source/structure_graph_1.json;source/structure_meshes,source/structure_meshes/1128.obj,1128,1128,SSp-ll5,"Primary somatosensory area, lower limb, layer 5",Basic cell groups and regions,337,bilateral,mesh_with_ontology,"ontology_path=root > Basic cell groups and regions > Cerebrum > Cerebral cortex > Cortical plate > Isocortex > Somatosensory areas > Primary somatosensory area > Primary somatosensory area, lower limb > Primary somatosensory area, lower limb, layer 5"
mouse,source/structure_graph_1.json;source/structure_meshes,source/structure_meshes/1129.obj,1129,1129,IB,Interbrain,Basic cell groups and regions,343,bilateral,mesh_with_ontology,ontology_path=root > Basic cell groups and regions > Brain stem > Interbrain
mouse,source/structure_graph_1.json;source/structure_meshes,source/structure_meshes/1132.obj,1132,1132,P-sen,"Pons, sensory related",Basic cell groups and regions,771,bilateral,mesh_with_ontology,"ontology_path=root > Basic cell groups and regions > Brain stem > Hindbrain > Pons > Pons, sensory related"
mouse,source/structure_graph_1.json;source/structure_meshes,source/structure_meshes/1139.obj,1139,1139,NLOT3,"Nucleus of the lateral olfactory tract, layer 3",Basic cell groups and regions,619,bilateral,mesh_with_ontology,"ontology_path=root > Basic cell groups and regions > Cerebrum > Cerebral cortex > Cortical plate > Olfactory areas > Nucleus of the lateral olfactory tract > Nucleus of the lateral olfactory tract, layer 3"
mouse,source/structure_graph_1.json;source/structure_meshes,source/structure_meshes/10671.obj,10671,10671,ME,Median eminence,Basic cell groups and regions,1097,bilateral,mesh_with_ontology,ontology_path=root > Basic cell groups and regions > Brain stem > Interbrain > Hypothalamus > Median eminence
mouse,source/structure_graph_1.json;source/structure_meshes,source/structure_meshes/10703.obj,10703,10703,DG-mo,"Dentate gyrus, molecular layer",Basic cell groups and regions,726,bilateral,mesh_with_ontology,"ontology_path=root > Basic cell groups and regions > Cerebrum > Cerebral cortex > Cortical plate > Hippocampal formation > Hippocampal region > Dentate gyrus > Dentate gyrus, molecular layer"
mouse,source/structure_graph_1.json;source/structure_meshes,source/structure_meshes/10704.obj,10704,10704,DG-po,"Dentate gyrus, polymorph layer",Basic cell groups and regions,726,bilateral,mesh_with_ontology,"ontology_path=root > Basic cell groups and regions > Cerebrum > Cerebral cortex > Cortical plate > Hippocampal formation > Hippocampal region > Dentate gyrus > Dentate gyrus, polymorph layer"
mouse,source/structure_graph_1.json;source/structure_meshes,source/structure_meshes/182305689.obj,182305689,182305689,SSp-un,"Primary somatosensory area, unassigned",Basic cell groups and regions,322,bilateral,mesh_with_ontology,"ontology_path=root > Basic cell groups and regions > Cerebrum > Cerebral cortex > Cortical plate > Isocortex > Somatosensory areas > Primary somatosensory area > Primary somatosensory area, unassigned"
mouse,source/structure_graph_1.json;source/structure_meshes,source/structure_meshes/182305693.obj,182305693,182305693,SSp-un1,"Primary somatosensory area, unassigned, layer 1",Basic cell groups and regions,182305689,bilateral,mesh_with_ontology,"ontology_path=root > Basic cell groups and regions > Cerebrum > Cerebral cortex > Cortical plate > Isocortex > Somatosensory areas > Primary somatosensory area > Primary somatosensory area, unassigned > Primary somatosensory area, unassigned, layer 1"
mouse,source/structure_graph_1.json;source/structure_meshes,source/structure_meshes/182305697.obj,182305697,182305697,SSp-un2/3,"Primary somatosensory area, unassigned, layer 2/3",Basic cell groups and regions,182305689,bilateral,mesh_with_ontology,"ontology_path=root > Basic cell groups and regions > Cerebrum > Cerebral cortex > Cortical plate > Isocortex > Somatosensory areas > Primary somatosensory area > Primary somatosensory area, unassigned > Primary somatosensory area, unassigned, layer 2/3"
mouse,source/structure_graph_1.json;source/structure_meshes,source/structure_meshes/182305701.obj,182305701,182305701,SSp-un4,"Primary somatosensory area, unassigned, layer 4",Basic cell groups and regions,182305689,bilateral,mesh_with_ontology,"ontology_path=root > Basic cell groups and regions > Cerebrum > Cerebral cortex > Cortical plate > Isocortex > Somatosensory areas > Primary somatosensory area > Primary somatosensory area, unassigned > Primary somatosensory area, unassigned, layer 4"
mouse,source/structure_graph_1.json;source/structure_meshes,source/structure_meshes/182305705.obj,182305705,182305705,SSp-un5,"Primary somatosensory area, unassigned, layer 5",Basic cell groups and regions,182305689,bilateral,mesh_with_ontology,"ontology_path=root > Basic cell groups and regions > Cerebrum > Cerebral cortex > Cortical plate > Isocortex > Somatosensory areas > Primary somatosensory area > Primary somatosensory area, unassigned > Primary somatosensory area, unassigned, layer 5"
mouse,source/structure_graph_1.json;source/structure_meshes,source/structure_meshes/182305709.obj,182305709,182305709,SSp-un6a,"Primary somatosensory area, unassigned, layer 6a",Basic cell groups and regions,182305689,bilateral,mesh_with_ontology,"ontology_path=root > Basic cell groups and regions > Cerebrum > Cerebral cortex > Cortical plate > Isocortex > Somatosensory areas > Primary somatosensory area > Primary somatosensory area, unassigned > Primary somatosensory area, unassigned, layer 6a"
mouse,source/structure_graph_1.json;source/structure_meshes,source/structure_meshes/182305713.obj,182305713,182305713,SSp-un6b,"Primary somatosensory area, unassigned, layer 6b",Basic cell groups and regions,182305689,bilateral,mesh_with_ontology,"ontology_path=root > Basic cell groups and regions > Cerebrum > Cerebral cortex > Cortical plate > Isocortex > Somatosensory areas > Primary somatosensory area > Primary somatosensory area, unassigned > Primary somatosensory area, unassigned, layer 6b"
mouse,source/structure_graph_1.json;source/structure_meshes,source/structure_meshes/312782546.obj,312782546,312782546,VISa,Anterior area,Basic cell groups and regions,22,bilateral,mesh_with_ontology,ontology_path=root > Basic cell groups and regions > Cerebrum > Cerebral cortex > Cortical plate > Isocortex > Posterior parietal association areas > Anterior area
mouse,source/structure_graph_1.json;source/structure_meshes,source/structure_meshes/312782550.obj,312782550,312782550,VISa1,"Anterior area, layer 1",Basic cell groups and regions,312782546,bilateral,mesh_with_ontology,"ontology_path=root > Basic cell groups and regions > Cerebrum > Cerebral cortex > Cortical plate > Isocortex > Posterior parietal association areas > Anterior area > Anterior area, layer 1"
mouse,source/structure_graph_1.json;source/structure_meshes,source/structure_meshes/312782554.obj,312782554,312782554,VISa2/3,"Anterior area, layer 2/3",Basic cell groups and regions,312782546,bilateral,mesh_with_ontology,"ontology_path=root > Basic cell groups and regions > Cerebrum > Cerebral cortex > Cortical plate > Isocortex > Posterior parietal association areas > Anterior area > Anterior area, layer 2/3"
mouse,source/structure_graph_1.json;source/structure_meshes,source/structure_meshes/312782558.obj,312782558,312782558,VISa4,"Anterior area, layer 4",Basic cell groups and regions,312782546,bilateral,mesh_with_ontology,"ontology_path=root > Basic cell groups and regions > Cerebrum > Cerebral cortex > Cortical plate > Isocortex > Posterior parietal association areas > Anterior area > Anterior area, layer 4"
mouse,source/structure_graph_1.json;source/structure_meshes,source/structure_meshes/312782562.obj,312782562,312782562,VISa5,"Anterior area, layer 5",Basic cell groups and regions,312782546,bilateral,mesh_with_ontology,"ontology_path=root > Basic cell groups and regions > Cerebrum > Cerebral cortex > Cortical plate > Isocortex > Posterior parietal association areas > Anterior area > Anterior area, layer 5"
mouse,source/structure_graph_1.json;source/structure_meshes,source/structure_meshes/312782566.obj,312782566,312782566,VISa6a,"Anterior area, layer 6a",Basic cell groups and regions,312782546,bilateral,mesh_with_ontology,"ontology_path=root > Basic cell groups and regions > Cerebrum > Cerebral cortex > Cortical plate > Isocortex > Posterior parietal association areas > Anterior area > Anterior area, layer 6a"
mouse,source/structure_graph_1.json;source/structure_meshes,source/structure_meshes/312782570.obj,312782570,312782570,VISa6b,"Anterior area, layer 6b",Basic cell groups and regions,312782546,bilateral,mesh_with_ontology,"ontology_path=root > Basic cell groups and regions > Cerebrum > Cerebral cortex > Cortical plate > Isocortex > Posterior parietal association areas > Anterior area > Anterior area, layer 6b"
mouse,source/structure_graph_1.json;source/structure_meshes,source/structure_meshes/312782574.obj,312782574,312782574,VISli,Laterointermediate area,Basic cell groups and regions,669,bilateral,mesh_with_ontology,ontology_path=root > Basic cell groups and regions > Cerebrum > Cerebral cortex > Cortical plate > Isocortex > Visual areas > Laterointermediate area
mouse,source/structure_graph_1.json;source/structure_meshes,source/structure_meshes/312782578.obj,312782578,312782578,VISli1,"Laterointermediate area, layer 1",Basic cell groups and regions,312782574,bilateral,mesh_with_ontology,"ontology_path=root > Basic cell groups and regions > Cerebrum > Cerebral cortex > Cortical plate > Isocortex > Visual areas > Laterointermediate area > Laterointermediate area, layer 1"
mouse,source/structure_graph_1.json;source/structure_meshes,source/structure_meshes/312782582.obj,312782582,312782582,VISli2/3,"Laterointermediate area, layer 2/3",Basic cell groups and regions,312782574,bilateral,mesh_with_ontology,"ontology_path=root > Basic cell groups and regions > Cerebrum > Cerebral cortex > Cortical plate > Isocortex > Visual areas > Laterointermediate area > Laterointermediate area, layer 2/3"
mouse,source/structure_graph_1.json;source/structure_meshes,source/structure_meshes/312782586.obj,312782586,312782586,VISli4,"Laterointermediate area, layer 4",Basic cell groups and regions,312782574,bilateral,mesh_with_ontology,"ontology_path=root > Basic cell groups and regions > Cerebrum > Cerebral cortex > Cortical plate > Isocortex > Visual areas > Laterointermediate area > Laterointermediate area, layer 4"
mouse,source/structure_graph_1.json;source/structure_meshes,source/structure_meshes/312782590.obj,312782590,312782590,VISli5,"Laterointermediate area, layer 5",Basic cell groups and regions,312782574,bilateral,mesh_with_ontology,"ontology_path=root > Basic cell groups and regions > Cerebrum > Cerebral cortex > Cortical plate > Isocortex > Visual areas > Laterointermediate area > Laterointermediate area, layer 5"
mouse,source/structure_graph_1.json;source/structure_meshes,source/structure_meshes/312782594.obj,312782594,312782594,VISli6a,"Laterointermediate area, layer 6a",Basic cell groups and regions,312782574,bilateral,mesh_with_ontology,"ontology_path=root > Basic cell groups and regions > Cerebrum > Cerebral cortex > Cortical plate > Isocortex > Visual areas > Laterointermediate area > Laterointermediate area, layer 6a"
mouse,source/structure_graph_1.json;source/structure_meshes,source/structure_meshes/312782598.obj,312782598,312782598,VISli6b,"Laterointermediate area, layer 6b",Basic cell groups and regions,312782574,bilateral,mesh_with_ontology,"ontology_path=root > Basic cell groups and regions > Cerebrum > Cerebral cortex > Cortical plate > Isocortex > Visual areas > Laterointermediate area > Laterointermediate area, layer 6b"
mouse,source/structure_graph_1.json;source/structure_meshes,source/structure_meshes/312782604.obj,312782604,312782604,VISrl1,"Rostrolateral area, layer 1",Basic cell groups and regions,417,bilateral,mesh_with_ontology,"ontology_path=root > Basic cell groups and regions > Cerebrum > Cerebral cortex > Cortical plate > Isocortex > Posterior parietal association areas > Rostrolateral visual area > Rostrolateral area, layer 1"
mouse,source/structure_graph_1.json;source/structure_meshes,source/structure_meshes/312782608.obj,312782608,312782608,VISrl2/3,"Rostrolateral area, layer 2/3",Basic cell groups and regions,417,bilateral,mesh_with_ontology,"ontology_path=root > Basic cell groups and regions > Cerebrum > Cerebral cortex > Cortical plate > Isocortex > Posterior parietal association areas > Rostrolateral visual area > Rostrolateral area, layer 2/3"
mouse,source/structure_graph_1.json;source/structure_meshes,source/structure_meshes/312782612.obj,312782612,312782612,VISrl4,"Rostrolateral area, layer 4",Basic cell groups and regions,417,bilateral,mesh_with_ontology,"ontology_path=root > Basic cell groups and regions > Cerebrum > Cerebral cortex > Cortical plate > Isocortex > Posterior parietal association areas > Rostrolateral visual area > Rostrolateral area, layer 4"
mouse,source/structure_graph_1.json;source/structure_meshes,source/structure_meshes/312782616.obj,312782616,312782616,VISrl5,"Rostrolateral area, layer 5",Basic cell groups and regions,417,bilateral,mesh_with_ontology,"ontology_path=root > Basic cell groups and regions > Cerebrum > Cerebral cortex > Cortical plate > Isocortex > Posterior parietal association areas > Rostrolateral visual area > Rostrolateral area, layer 5"
mouse,source/structure_graph_1.json;source/structure_meshes,source/structure_meshes/312782620.obj,312782620,312782620,VISrl6a,"Rostrolateral area, layer 6a",Basic cell groups and regions,417,bilateral,mesh_with_ontology,"ontology_path=root > Basic cell groups and regions > Cerebrum > Cerebral cortex > Cortical plate > Isocortex > Posterior parietal association areas > Rostrolateral visual area > Rostrolateral area, layer 6a"
mouse,source/structure_graph_1.json;source/structure_meshes,source/structure_meshes/312782624.obj,312782624,312782624,VISrl6b,"Rostrolateral area, layer 6b",Basic cell groups and regions,417,bilateral,mesh_with_ontology,"ontology_path=root > Basic cell groups and regions > Cerebrum > Cerebral cortex > Cortical plate > Isocortex > Posterior parietal association areas > Rostrolateral visual area > Rostrolateral area, layer 6b"
mouse,source/structure_graph_1.json;source/structure_meshes,source/structure_meshes/312782628.obj,312782628,312782628,VISpor,Postrhinal area,Basic cell groups and regions,669,bilateral,mesh_with_ontology,ontology_path=root > Basic cell groups and regions > Cerebrum > Cerebral cortex > Cortical plate > Isocortex > Visual areas > Postrhinal area
mouse,source/structure_graph_1.json;source/structure_meshes,source/structure_meshes/312782632.obj,312782632,312782632,VISpor1,"Postrhinal area, layer 1",Basic cell groups and regions,312782628,bilateral,mesh_with_ontology,"ontology_path=root > Basic cell groups and regions > Cerebrum > Cerebral cortex > Cortical plate > Isocortex > Visual areas > Postrhinal area > Postrhinal area, layer 1"
mouse,source/structure_graph_1.json;source/structure_meshes,source/structure_meshes/312782636.obj,312782636,312782636,VISpor2/3,"Postrhinal area, layer 2/3",Basic cell groups and regions,312782628,bilateral,mesh_with_ontology,"ontology_path=root > Basic cell groups and regions > Cerebrum > Cerebral cortex > Cortical plate > Isocortex > Visual areas > Postrhinal area > Postrhinal area, layer 2/3"
mouse,source/structure_graph_1.json;source/structure_meshes,source/structure_meshes/312782640.obj,312782640,312782640,VISpor4,"Postrhinal area, layer 4",Basic cell groups and regions,312782628,bilateral,mesh_with_ontology,"ontology_path=root > Basic cell groups and regions > Cerebrum > Cerebral cortex > Cortical plate > Isocortex > Visual areas > Postrhinal area > Postrhinal area, layer 4"
mouse,source/structure_graph_1.json;source/structure_meshes,source/structure_meshes/312782644.obj,312782644,312782644,VISpor5,"Postrhinal area, layer 5",Basic cell groups and regions,312782628,bilateral,mesh_with_ontology,"ontology_path=root > Basic cell groups and regions > Cerebrum > Cerebral cortex > Cortical plate > Isocortex > Visual areas > Postrhinal area > Postrhinal area, layer 5"
mouse,source/structure_graph_1.json;source/structure_meshes,source/structure_meshes/312782648.obj,312782648,312782648,VISpor6a,"Postrhinal area, layer 6a",Basic cell groups and regions,312782628,bilateral,mesh_with_ontology,"ontology_path=root > Basic cell groups and regions > Cerebrum > Cerebral cortex > Cortical plate > Isocortex > Visual areas > Postrhinal area > Postrhinal area, layer 6a"
mouse,source/structure_graph_1.json;source/structure_meshes,source/structure_meshes/312782652.obj,312782652,312782652,VISpor6b,"Postrhinal area, layer 6b",Basic cell groups and regions,312782628,bilateral,mesh_with_ontology,"ontology_path=root > Basic cell groups and regions > Cerebrum > Cerebral cortex > Cortical plate > Isocortex > Visual areas > Postrhinal area > Postrhinal area, layer 6b"
mouse,source/structure_graph_1.json;source/structure_meshes,source/structure_meshes/484682470.obj,484682470,484682470,ProS,Prosubiculum,Basic cell groups and regions,822,bilateral,mesh_with_ontology,ontology_path=root > Basic cell groups and regions > Cerebrum > Cerebral cortex > Cortical plate > Hippocampal formation > Retrohippocampal region > Prosubiculum
mouse,source/structure_graph_1.json;source/structure_meshes,source/structure_meshes/484682508.obj,484682508,484682508,APr,Area prostriata,Basic cell groups and regions,822,bilateral,mesh_with_ontology,ontology_path=root > Basic cell groups and regions > Cerebrum > Cerebral cortex > Cortical plate > Hippocampal formation > Retrohippocampal region > Area prostriata
mouse,source/structure_graph_1.json;source/structure_meshes,source/structure_meshes/484682512.obj,484682512,484682512,scwm,supra-callosal cerebral white matter,fiber tracts,1009,bilateral,mesh_with_ontology,ontology_path=root > fiber tracts > supra-callosal cerebral white matter
mouse,source/structure_graph_1.json;source/structure_meshes,source/structure_meshes/484682516.obj,484682516,484682516,ccb,"corpus callosum, body",fiber tracts,776,bilateral,mesh_with_ontology,"ontology_path=root > fiber tracts > lateral forebrain bundle system > corpus callosum > corpus callosum, body"
mouse,source/structure_graph_1.json;source/structure_meshes,source/structure_meshes/484682520.obj,484682520,484682520,or,optic radiation,fiber tracts,896,bilateral,mesh_with_ontology,ontology_path=root > fiber tracts > lateral forebrain bundle system > thalamus related > optic radiation
mouse,source/structure_graph_1.json;source/structure_meshes,source/structure_meshes/484682524.obj,484682524,484682524,ar,auditory radiation,fiber tracts,896,bilateral,mesh_with_ontology,ontology_path=root > fiber tracts > lateral forebrain bundle system > thalamus related > auditory radiation
mouse,source/structure_graph_1.json;source/structure_meshes,source/structure_meshes/484682528.obj,484682528,484682528,stc,commissural branch of stria terminalis,fiber tracts,301,bilateral,mesh_with_ontology,ontology_path=root > fiber tracts > medial forebrain bundle system > cerebrum related > stria terminalis > commissural branch of stria terminalis
mouse,source/structure_graph_1.json;source/structure_meshes,source/structure_meshes/496345664.obj,496345664,496345664,LGd-sh,"Dorsal part of the lateral geniculate complex, shell",Basic cell groups and regions,170,bilateral,mesh_with_ontology,"ontology_path=root > Basic cell groups and regions > Brain stem > Interbrain > Thalamus > Thalamus, sensory-motor cortex related > Geniculate group, dorsal thalamus > Dorsal part of the lateral geniculate complex > Dorsal part of the lateral geniculate complex, shell"
mouse,source/structure_graph_1.json;source/structure_meshes,source/structure_meshes/496345668.obj,496345668,496345668,LGd-co,"Dorsal part of the lateral geniculate complex, core",Basic cell groups and regions,170,bilateral,mesh_with_ontology,"ontology_path=root > Basic cell groups and regions > Brain stem > Interbrain > Thalamus > Thalamus, sensory-motor cortex related > Geniculate group, dorsal thalamus > Dorsal part of the lateral geniculate complex > Dorsal part of the lateral geniculate complex, core"
mouse,source/structure_graph_1.json;source/structure_meshes,source/structure_meshes/496345672.obj,496345672,496345672,LGd-ip,"Dorsal part of the lateral geniculate complex, ipsilateral zone",Basic cell groups and regions,170,bilateral,mesh_with_ontology,"ontology_path=root > Basic cell groups and regions > Brain stem > Interbrain > Thalamus > Thalamus, sensory-motor cortex related > Geniculate group, dorsal thalamus > Dorsal part of the lateral geniculate complex > Dorsal part of the lateral geniculate complex, ipsilateral zone"
mouse,source/structure_graph_1.json;source/structure_meshes,source/structure_meshes/526157192.obj,526157192,526157192,FRP5,"Frontal pole, layer 5",Basic cell groups and regions,184,bilateral,mesh_with_ontology,"ontology_path=root > Basic cell groups and regions > Cerebrum > Cerebral cortex > Cortical plate > Isocortex > Frontal pole, cerebral cortex > Frontal pole, layer 5"
mouse,source/structure_graph_1.json;source/structure_meshes,source/structure_meshes/526157196.obj,526157196,526157196,FRP6a,"Frontal pole, layer 6a",Basic cell groups and regions,184,bilateral,mesh_with_ontology,"ontology_path=root > Basic cell groups and regions > Cerebrum > Cerebral cortex > Cortical plate > Isocortex > Frontal pole, cerebral cortex > Frontal pole, layer 6a"
mouse,source/structure_graph_1.json;source/structure_meshes,source/structure_meshes/526322264.obj,526322264,526322264,FRP6b,"Frontal pole, layer 6b",Basic cell groups and regions,184,bilateral,mesh_with_ontology,"ontology_path=root > Basic cell groups and regions > Cerebrum > Cerebral cortex > Cortical plate > Isocortex > Frontal pole, cerebral cortex > Frontal pole, layer 6b"
mouse,source/structure_graph_1.json;source/structure_meshes,source/structure_meshes/527696977.obj,527696977,527696977,ORBm6b,"Orbital area, medial part, layer 6b",Basic cell groups and regions,731,bilateral,mesh_with_ontology,"ontology_path=root > Basic cell groups and regions > Cerebrum > Cerebral cortex > Cortical plate > Isocortex > Orbital area > Orbital area, medial part > Orbital area, medial part, layer 6b"
mouse,source/structure_graph_1.json;source/structure_meshes,source/structure_meshes/549009203.obj,549009203,549009203,RPF,Retroparafascicular nucleus,Basic cell groups and regions,1100,bilateral,mesh_with_ontology,"ontology_path=root > Basic cell groups and regions > Brain stem > Midbrain > Midbrain, motor related > Pretectal region > Retroparafascicular nucleus"
mouse,source/structure_graph_1.json;source/structure_meshes,source/structure_meshes/549009211.obj,549009211,549009211,MA3,Medial accesory oculomotor nucleus,Basic cell groups and regions,323,bilateral,mesh_with_ontology,"ontology_path=root > Basic cell groups and regions > Brain stem > Midbrain > Midbrain, motor related > Medial accesory oculomotor nucleus"
mouse,source/structure_graph_1.json;source/structure_meshes,source/structure_meshes/549009215.obj,549009215,549009215,P5,Peritrigeminal zone,Basic cell groups and regions,987,bilateral,mesh_with_ontology,"ontology_path=root > Basic cell groups and regions > Brain stem > Hindbrain > Pons > Pons, motor related > Peritrigeminal zone"
mouse,source/structure_graph_1.json;source/structure_meshes,source/structure_meshes/549009219.obj,549009219,549009219,Acs5,Accessory trigeminal nucleus,Basic cell groups and regions,987,bilateral,mesh_with_ontology,"ontology_path=root > Basic cell groups and regions > Brain stem > Hindbrain > Pons > Pons, motor related > Accessory trigeminal nucleus"
mouse,source/structure_graph_1.json;source/structure_meshes,source/structure_meshes/549009223.obj,549009223,549009223,PC5,Parvicellular motor 5 nucleus,Basic cell groups and regions,987,bilateral,mesh_with_ontology,"ontology_path=root > Basic cell groups and regions > Brain stem > Hindbrain > Pons > Pons, motor related > Parvicellular motor 5 nucleus"
mouse,source/structure_graph_1.json;source/structure_meshes,source/structure_meshes/549009227.obj,549009227,549009227,I5,Intertrigeminal nucleus,Basic cell groups and regions,987,bilateral,mesh_with_ontology,"ontology_path=root > Basic cell groups and regions > Brain stem > Hindbrain > Pons > Pons, motor related > Intertrigeminal nucleus"
mouse,source/structure_graph_1.json;source/structure_meshes,source/structure_meshes/560581551.obj,560581551,560581551,Eth,Ethmoid nucleus of the thalamus,Basic cell groups and regions,138,bilateral,mesh_with_ontology,"ontology_path=root > Basic cell groups and regions > Brain stem > Interbrain > Thalamus > Thalamus, polymodal association cortex related > Lateral group of the dorsal thalamus > Ethmoid nucleus of the thalamus"
mouse,source/structure_graph_1.json;source/structure_meshes,source/structure_meshes/560581559.obj,560581559,560581559,Xi,Xiphoid thalamic nucleus,Basic cell groups and regions,571,bilateral,mesh_with_ontology,"ontology_path=root > Basic cell groups and regions > Brain stem > Interbrain > Thalamus > Thalamus, polymodal association cortex related > Midline group of the dorsal thalamus > Xiphoid thalamic nucleus"
mouse,source/structure_graph_1.json;source/structure_meshes,source/structure_meshes/560581563.obj,560581563,560581563,PIL,Posterior intralaminar thalamic nucleus,Basic cell groups and regions,51,bilateral,mesh_with_ontology,"ontology_path=root > Basic cell groups and regions > Brain stem > Interbrain > Thalamus > Thalamus, polymodal association cortex related > Intralaminar nuclei of the dorsal thalamus > Posterior intralaminar thalamic nucleus"
mouse,source/structure_graph_1.json;source/structure_meshes,source/structure_meshes/563807435.obj,563807435,563807435,PoT,Posterior triangular thalamic nucleus,Basic cell groups and regions,637,bilateral,mesh_with_ontology,"ontology_path=root > Basic cell groups and regions > Brain stem > Interbrain > Thalamus > Thalamus, sensory-motor cortex related > Ventral group of the dorsal thalamus > Posterior triangular thalamic nucleus"
mouse,source/structure_graph_1.json;source/structure_meshes,source/structure_meshes/563807439.obj,563807439,563807439,IntG,Intermediate geniculate nucleus,Basic cell groups and regions,1014,bilateral,mesh_with_ontology,"ontology_path=root > Basic cell groups and regions > Brain stem > Interbrain > Thalamus > Thalamus, polymodal association cortex related > Geniculate group, ventral thalamus > Intermediate geniculate nucleus"
mouse,source/structure_graph_1.json;source/structure_meshes,source/structure_meshes/576073699.obj,576073699,576073699,VMPO,Ventromedial preoptic nucleus,Basic cell groups and regions,141,bilateral,mesh_with_ontology,ontology_path=root > Basic cell groups and regions > Brain stem > Interbrain > Hypothalamus > Periventricular region > Ventromedial preoptic nucleus
mouse,source/structure_graph_1.json;source/structure_meshes,source/structure_meshes/576073704.obj,576073704,576073704,PeF,Perifornical nucleus,Basic cell groups and regions,290,bilateral,mesh_with_ontology,ontology_path=root > Basic cell groups and regions > Brain stem > Interbrain > Hypothalamus > Hypothalamic lateral zone > Perifornical nucleus
mouse,source/structure_graph_1.json;source/structure_meshes,source/structure_meshes/589508447.obj,589508447,589508447,HATA,Hippocampo-amygdalar transition area,Basic cell groups and regions,822,bilateral,mesh_with_ontology,ontology_path=root > Basic cell groups and regions > Cerebrum > Cerebral cortex > Cortical plate > Hippocampal formation > Retrohippocampal region > Hippocampo-amygdalar transition area
mouse,source/structure_graph_1.json;source/structure_meshes,source/structure_meshes/589508451.obj,589508451,589508451,Pa5,Paratrigeminal nucleus,Basic cell groups and regions,386,bilateral,mesh_with_ontology,"ontology_path=root > Basic cell groups and regions > Brain stem > Hindbrain > Medulla > Medulla, sensory related > Paratrigeminal nucleus"
mouse,source/structure_graph_1.json;source/structure_meshes,source/structure_meshes/589508455.obj,589508455,589508455,VeCB,Vestibulocerebellar nucleus,Basic cell groups and regions,519,bilateral,mesh_with_ontology,ontology_path=root > Basic cell groups and regions > Cerebellum > Cerebellar nuclei > Vestibulocerebellar nucleus
mouse,source/structure_graph_1.json;source/structure_meshes,source/structure_meshes/599626923.obj,599626923,599626923,SCO,Subcommissural organ,Basic cell groups and regions,339,bilateral,mesh_with_ontology,"ontology_path=root > Basic cell groups and regions > Brain stem > Midbrain > Midbrain, sensory related > Subcommissural organ"
mouse,source/structure_graph_1.json;source/structure_meshes,source/structure_meshes/599626927.obj,599626927,599626927,PDTg,Posterodorsal tegmental nucleus,Basic cell groups and regions,987,bilateral,mesh_with_ontology,"ontology_path=root > Basic cell groups and regions > Brain stem > Hindbrain > Pons > Pons, motor related > Posterodorsal tegmental nucleus"
mouse,source/structure_graph_1.json;source/structure_meshes,source/structure_meshes/606826647.obj,606826647,606826647,MMl,"Medial mammillary nucleus, lateral part",Basic cell groups and regions,491,bilateral,mesh_with_ontology,"ontology_path=root > Basic cell groups and regions > Brain stem > Interbrain > Hypothalamus > Hypothalamic medial zone > Mammillary body > Medial mammillary nucleus > Medial mammillary nucleus, lateral part"
mouse,source/structure_graph_1.json;source/structure_meshes,source/structure_meshes/606826651.obj,606826651,606826651,MMm,"Medial mammillary nucleus, medial part",Basic cell groups and regions,491,bilateral,mesh_with_ontology,"ontology_path=root > Basic cell groups and regions > Brain stem > Interbrain > Hypothalamus > Hypothalamic medial zone > Mammillary body > Medial mammillary nucleus > Medial mammillary nucleus, medial part"
mouse,source/structure_graph_1.json;source/structure_meshes,source/structure_meshes/606826655.obj,606826655,606826655,MMp,"Medial mammillary nucleus, posterior part",Basic cell groups and regions,491,bilateral,mesh_with_ontology,"ontology_path=root > Basic cell groups and regions > Brain stem > Interbrain > Hypothalamus > Hypothalamic medial zone > Mammillary body > Medial mammillary nucleus > Medial mammillary nucleus, posterior part"
mouse,source/structure_graph_1.json;source/structure_meshes,source/structure_meshes/606826659.obj,606826659,606826659,MMd,"Medial mammillary nucleus, dorsal part",Basic cell groups and regions,491,bilateral,mesh_with_ontology,"ontology_path=root > Basic cell groups and regions > Brain stem > Interbrain > Hypothalamus > Hypothalamic medial zone > Mammillary body > Medial mammillary nucleus > Medial mammillary nucleus, dorsal part"
mouse,source/structure_graph_1.json;source/structure_meshes,source/structure_meshes/606826663.obj,606826663,606826663,Pa4,Paratrochlear nucleus,Basic cell groups and regions,323,bilateral,mesh_with_ontology,"ontology_path=root > Basic cell groups and regions > Brain stem > Midbrain > Midbrain, motor related > Paratrochlear nucleus"
mouse,source/structure_graph_1.json;source/structure_meshes,source/structure_meshes/607344830.obj,607344830,607344830,PN,Paranigral nucleus,Basic cell groups and regions,323,bilateral,mesh_with_ontology,"ontology_path=root > Basic cell groups and regions > Brain stem > Midbrain > Midbrain, motor related > Paranigral nucleus"
mouse,source/structure_graph_1.json;source/structure_meshes,source/structure_meshes/607344834.obj,607344834,607344834,IPR,"Interpeduncular nucleus, rostral",Basic cell groups and regions,100,bilateral,mesh_with_ontology,"ontology_path=root > Basic cell groups and regions > Brain stem > Midbrain > Midbrain, behavioral state related > Midbrain raphe nuclei > Interpeduncular nucleus > Interpeduncular nucleus, rostral"
mouse,source/structure_graph_1.json;source/structure_meshes,source/structure_meshes/607344838.obj,607344838,607344838,IPC,"Interpeduncular nucleus, caudal",Basic cell groups and regions,100,bilateral,mesh_with_ontology,"ontology_path=root > Basic cell groups and regions > Brain stem > Midbrain > Midbrain, behavioral state related > Midbrain raphe nuclei > Interpeduncular nucleus > Interpeduncular nucleus, caudal"
mouse,source/structure_graph_1.json;source/structure_meshes,source/structure_meshes/607344842.obj,607344842,607344842,IPA,"Interpeduncular nucleus, apical",Basic cell groups and regions,100,bilateral,mesh_with_ontology,"ontology_path=root > Basic cell groups and regions > Brain stem > Midbrain > Midbrain, behavioral state related > Midbrain raphe nuclei > Interpeduncular nucleus > Interpeduncular nucleus, apical"
mouse,source/structure_graph_1.json;source/structure_meshes,source/structure_meshes/607344846.obj,607344846,607344846,IPL,"Interpeduncular nucleus, lateral",Basic cell groups and regions,100,bilateral,mesh_with_ontology,"ontology_path=root > Basic cell groups and regions > Brain stem > Midbrain > Midbrain, behavioral state related > Midbrain raphe nuclei > Interpeduncular nucleus > Interpeduncular nucleus, lateral"
mouse,source/structure_graph_1.json;source/structure_meshes,source/structure_meshes/607344850.obj,607344850,607344850,IPI,"Interpeduncular nucleus, intermediate",Basic cell groups and regions,100,bilateral,mesh_with_ontology,"ontology_path=root > Basic cell groups and regions > Brain stem > Midbrain > Midbrain, behavioral state related > Midbrain raphe nuclei > Interpeduncular nucleus > Interpeduncular nucleus, intermediate"
mouse,source/structure_graph_1.json;source/structure_meshes,source/structure_meshes/607344854.obj,607344854,607344854,IPDM,"Interpeduncular nucleus, dorsomedial",Basic cell groups and regions,100,bilateral,mesh_with_ontology,"ontology_path=root > Basic cell groups and regions > Brain stem > Midbrain > Midbrain, behavioral state related > Midbrain raphe nuclei > Interpeduncular nucleus > Interpeduncular nucleus, dorsomedial"
mouse,source/structure_graph_1.json;source/structure_meshes,source/structure_meshes/607344858.obj,607344858,607344858,IPDL,"Interpeduncular nucleus, dorsolateral",Basic cell groups and regions,100,bilateral,mesh_with_ontology,"ontology_path=root > Basic cell groups and regions > Brain stem > Midbrain > Midbrain, behavioral state related > Midbrain raphe nuclei > Interpeduncular nucleus > Interpeduncular nucleus, dorsolateral"
mouse,source/structure_graph_1.json;source/structure_meshes,source/structure_meshes/607344862.obj,607344862,607344862,IPRL,"Interpeduncular nucleus, rostrolateral",Basic cell groups and regions,100,bilateral,mesh_with_ontology,"ontology_path=root > Basic cell groups and regions > Brain stem > Midbrain > Midbrain, behavioral state related > Midbrain raphe nuclei > Interpeduncular nucleus > Interpeduncular nucleus, rostrolateral"
mouse,source/structure_graph_1.json;source/structure_meshes,source/structure_meshes/614454277.obj,614454277,614454277,Su3,Supraoculomotor periaqueductal gray,Basic cell groups and regions,795,bilateral,mesh_with_ontology,"ontology_path=root > Basic cell groups and regions > Brain stem > Midbrain > Midbrain, motor related > Periaqueductal gray > Supraoculomotor periaqueductal gray"
