{
  "label": "Task #4 \u2014 10k HMM eval: D-template, D-raw, D-shape vs A/A'/C per network",
  "design": {
    "n_trials": 10000,
    "batch_size": 16,
    "seed": 42,
    "readout_window": [
      9,
      11
    ]
  },
  "per_network": {
    "r1r2": {
      "D_raw": {
        "top1": 0.3634,
        "within1": 0.8276,
        "within2": 0.9496,
        "mae_ch": 1.0824,
        "n": 10000
      },
      "D_shape": {
        "top1": 0.3726,
        "within1": 0.8232,
        "within2": 0.943,
        "mae_ch": 1.091,
        "n": 10000
      },
      "A": {
        "top1": 0.5413,
        "within1": 0.8871,
        "within2": 0.9407,
        "mae_ch": 0.8203,
        "n": 10000
      },
      "Ap": {
        "top1": 0.5486,
        "within1": 0.896,
        "within2": 0.9421,
        "mae_ch": 0.79,
        "n": 10000
      },
      "C": {
        "top1": 0.5345,
        "within1": 0.896,
        "within2": 0.9559,
        "mae_ch": 0.8622,
        "n": 10000
      },
      "elapsed_s": 246.01521682739258,
      "n_trials": 10000
    },
    "a1": {
      "D_raw": {
        "top1": 0.413,
        "within1": 0.7626,
        "within2": 0.8374,
        "mae_ch": 2.0698,
        "n": 10000
      },
      "D_shape": {
        "top1": 0.5396,
        "within1": 0.8509,
        "within2": 0.9175,
        "mae_ch": 1.1204,
        "n": 10000
      },
      "A": {
        "top1": 0.5907,
        "within1": 0.8444,
        "within2": 0.9103,
        "mae_ch": 1.0996,
        "n": 10000
      },
      "C": {
        "top1": 0.505,
        "within1": 0.837,
        "within2": 0.9054,
        "mae_ch": 1.3291,
        "n": 10000
      },
      "elapsed_s": 236.8753547668457,
      "n_trials": 10000
    },
    "b1": {
      "D_raw": {
        "top1": 0.408,
        "within1": 0.7288,
        "within2": 0.7972,
        "mae_ch": 2.3897,
        "n": 10000
      },
      "D_shape": {
        "top1": 0.5652,
        "within1": 0.8471,
        "within2": 0.908,
        "mae_ch": 1.2861,
        "n": 10000
      },
      "A": {
        "top1": 0.583,
        "within1": 0.8357,
        "within2": 0.898,
        "mae_ch": 1.2965,
        "n": 10000
      },
      "C": {
        "top1": 0.5028,
        "within1": 0.832,
        "within2": 0.8987,
        "mae_ch": 1.4498,
        "n": 10000
      },
      "elapsed_s": 243.50943040847778,
      "n_trials": 10000
    },
    "c1": {
      "D_raw": {
        "top1": 0.3848,
        "within1": 0.8016,
        "within2": 0.9041,
        "mae_ch": 1.404,
        "n": 10000
      },
      "D_shape": {
        "top1": 0.3597,
        "within1": 0.8034,
        "within2": 0.9152,
        "mae_ch": 1.3836,
        "n": 10000
      },
      "A": {
        "top1": 0.4476,
        "within1": 0.847,
        "within2": 0.9183,
        "mae_ch": 1.2439,
        "n": 10000
      },
      "C": {
        "top1": 0.451,
        "within1": 0.8686,
        "within2": 0.9329,
        "mae_ch": 1.2175,
        "n": 10000
      },
      "elapsed_s": 239.54445433616638,
      "n_trials": 10000
    },
    "e1": {
      "D_raw": {
        "top1": 0.4074,
        "within1": 0.8325,
        "within2": 0.9183,
        "mae_ch": 1.2948,
        "n": 10000
      },
      "D_shape": {
        "top1": 0.3995,
        "within1": 0.8358,
        "within2": 0.9241,
        "mae_ch": 1.2813,
        "n": 10000
      },
      "A": {
        "top1": 0.4887,
        "within1": 0.8695,
        "within2": 0.924,
        "mae_ch": 1.1507,
        "n": 10000
      },
      "C": {
        "top1": 0.4647,
        "within1": 0.8767,
        "within2": 0.9363,
        "mae_ch": 1.1741,
        "n": 10000
      },
      "elapsed_s": 238.14434242248535,
      "n_trials": 10000
    }
  }
}