{
  "design": {
    "n_trials": 10000,
    "batch_size": 16,
    "seed": 42,
    "ckpt": "/tmp/remote_ckpts/e1/checkpoint.pt",
    "decoder_a_prime": "checkpoints/decoder_d_20k_raw_e1.pt",
    "decoder_c": "/mnt/c/Users/User/codingproj/freshstart/checkpoints/decoder_c.pt",
    "config": "/mnt/c/Users/User/codingproj/freshstart/config/sweep/sweep_e1.yaml",
    "readout_window": [
      9,
      11
    ],
    "step_deg": 5.0,
    "n_ori": 36
  },
  "overall": {
    "decA": {
      "top1": 0.4887,
      "within1": 0.8695,
      "within2": 0.924,
      "within3": 0.9491,
      "mae_ch": 1.1507,
      "std_ch": 2.66319160219463,
      "n": 10000
    },
    "decA_prime": {
      "top1": 0.3803,
      "within1": 0.806,
      "within2": 0.9066,
      "within3": 0.9342,
      "mae_ch": 1.3609,
      "std_ch": 2.652819479346456,
      "n": 10000
    },
    "decC": {
      "top1": 0.4647,
      "within1": 0.8767,
      "within2": 0.9363,
      "within3": 0.9421,
      "mae_ch": 1.1741,
      "std_ch": 2.678915674298092,
      "n": 10000
    }
  },
  "agreement": {
    "frac_same_pred_A_vs_Ap": 0.4363,
    "frac_same_pred_A_vs_C": 0.5433,
    "frac_same_pred_Ap_vs_C": 0.5279,
    "mean_circ_dist_A_Ap_ch": 0.7868,
    "mean_circ_dist_A_C_ch": 0.5414,
    "mean_circ_dist_Ap_C_ch": 0.6684
  },
  "strata_thresholds": {
    "pi_q1": 0.06858640909194946,
    "pi_q3": 0.12611734867095947,
    "jump_threshold_deg": 30.0,
    "low_pred_err_threshold_deg": 5.0,
    "high_pred_err_threshold_deg": 20.0
  },
  "strata": {
    "ambiguous": {
      "n": 2960,
      "decA": {
        "top1": 0.22668918918918918,
        "within1": 0.6641891891891892,
        "within2": 0.8070945945945946,
        "within3": 0.8746621621621622,
        "mae_ch": 2.3628378378378376,
        "std_ch": 3.835569311937461,
        "n": 2960
      },
      "decA_prime": {
        "top1": 0.19425675675675674,
        "within1": 0.5533783783783783,
        "within2": 0.7695945945945946,
        "within3": 0.8429054054054054,
        "mae_ch": 2.5486486486486486,
        "std_ch": 3.7249612094204907,
        "n": 2960
      },
      "decC": {
        "top1": 0.22736486486486487,
        "within1": 0.6814189189189189,
        "within2": 0.8429054054054054,
        "within3": 0.8591216216216216,
        "mae_ch": 2.314527027027027,
        "std_ch": 3.8019454185305923,
        "n": 2960
      }
    },
    "clean": {
      "n": 7040,
      "decA": {
        "top1": 0.5988636363636364,
        "within1": 0.9558238636363636,
        "within2": 0.9731534090909091,
        "within3": 0.9803977272727272,
        "mae_ch": 0.6410511363636363,
        "std_ch": 1.7354073492525086,
        "n": 7040
      },
      "decA_prime": {
        "top1": 0.45852272727272725,
        "within1": 0.9122159090909091,
        "within2": 0.9642045454545455,
        "within3": 0.9725852272727272,
        "mae_ch": 0.8615056818181818,
        "std_ch": 1.8220542867410272,
        "n": 7040
      },
      "decC": {
        "top1": 0.5644886363636363,
        "within1": 0.9588068181818182,
        "within2": 0.9755681818181818,
        "within3": 0.9769886363636363,
        "mae_ch": 0.6946022727272727,
        "std_ch": 1.8274809913187053,
        "n": 7040
      }
    },
    "pi_low_Q1": {
      "n": 2500,
      "decA": {
        "top1": 0.4132,
        "within1": 0.8676,
        "within2": 0.9236,
        "within3": 0.9448,
        "mae_ch": 1.306,
        "std_ch": 2.8858905038133376,
        "n": 2500
      },
      "decA_prime": {
        "top1": 0.3988,
        "within1": 0.8352,
        "within2": 0.9076,
        "within3": 0.9328,
        "mae_ch": 1.3892,
        "std_ch": 2.8772423186099565,
        "n": 2500
      },
      "decC": {
        "top1": 0.4544,
        "within1": 0.8796,
        "within2": 0.9316,
        "within3": 0.9364,
        "mae_ch": 1.2796,
        "std_ch": 2.954830594128875,
        "n": 2500
      }
    },
    "pi_high_Q4": {
      "n": 2500,
      "decA": {
        "top1": 0.5708,
        "within1": 0.8848,
        "within2": 0.92,
        "within3": 0.9456,
        "mae_ch": 1.12,
        "std_ch": 2.874021572639983,
        "n": 2500
      },
      "decA_prime": {
        "top1": 0.3828,
        "within1": 0.7952,
        "within2": 0.8912,
        "within3": 0.924,
        "mae_ch": 1.4144,
        "std_ch": 2.73032464003825,
        "n": 2500
      },
      "decC": {
        "top1": 0.5488,
        "within1": 0.8832,
        "within2": 0.9352,
        "within3": 0.9396,
        "mae_ch": 1.1308,
        "std_ch": 2.823489217262924,
        "n": 2500
      }
    },
    "low_pred_err_le5deg": {
      "n": 5517,
      "decA": {
        "top1": 0.476889613920609,
        "within1": 0.9398223672285663,
        "within2": 0.9963748413993112,
        "within3": 1.0,
        "mae_ch": 0.5869131774515135,
        "std_ch": 0.6142491347416814,
        "n": 5517
      },
      "decA_prime": {
        "top1": 0.4085553742976255,
        "within1": 0.8640565524741708,
        "within2": 0.9686423781040421,
        "within3": 0.9922059090085191,
        "mae_ch": 0.7679898495559181,
        "std_ch": 0.8009224117871984,
        "n": 5517
      },
      "decC": {
        "top1": 0.5131411999274968,
        "within1": 0.9632046402030089,
        "within2": 0.9996374841399311,
        "within3": 1.0,
        "mae_ch": 0.5240166757295631,
        "std_ch": 0.5696173999459275,
        "n": 5517
      }
    },
    "high_pred_err_gt20deg": {
      "n": 1658,
      "decA": {
        "top1": 0.586248492159228,
        "within1": 0.6079613992762364,
        "within2": 0.623642943305187,
        "within3": 0.6996381182147166,
        "mae_ch": 3.7804583835946923,
        "std_ch": 5.6657014579513785,
        "n": 1658
      },
      "decA_prime": {
        "top1": 0.28407720144752713,
        "within1": 0.583232810615199,
        "within2": 0.6477683956574186,
        "within3": 0.6688781664656213,
        "mae_ch": 4.134499396863691,
        "std_ch": 5.430502170201811,
        "n": 1658
      },
      "decC": {
        "top1": 0.33896260554885405,
        "within1": 0.5880579010856454,
        "within2": 0.658021712907117,
        "within3": 0.6652593486127865,
        "mae_ch": 4.121230398069963,
        "std_ch": 5.5407598501034725,
        "n": 1658
      }
    },
    "focused": {
      "n": 5000,
      "decA": {
        "top1": 0.4938,
        "within1": 0.8704,
        "within2": 0.9246,
        "within3": 0.9516,
        "mae_ch": 1.1142,
        "std_ch": 2.5683376647162266,
        "n": 5000
      },
      "decA_prime": {
        "top1": 0.387,
        "within1": 0.8104,
        "within2": 0.9066,
        "within3": 0.9358,
        "mae_ch": 1.325,
        "std_ch": 2.5802664591084388,
        "n": 5000
      },
      "decC": {
        "top1": 0.4662,
        "within1": 0.8804,
        "within2": 0.9384,
        "within3": 0.9438,
        "mae_ch": 1.138,
        "std_ch": 2.5992606641120086,
        "n": 5000
      }
    },
    "routine": {
      "n": 5000,
      "decA": {
        "top1": 0.4836,
        "within1": 0.8686,
        "within2": 0.9234,
        "within3": 0.9466,
        "mae_ch": 1.1872,
        "std_ch": 2.7542977616808244,
        "n": 5000
      },
      "decA_prime": {
        "top1": 0.3736,
        "within1": 0.8016,
        "within2": 0.9066,
        "within3": 0.9326,
        "mae_ch": 1.3968,
        "std_ch": 2.7229670875719374,
        "n": 5000
      },
      "decC": {
        "top1": 0.4632,
        "within1": 0.873,
        "within2": 0.9342,
        "within3": 0.9404,
        "mae_ch": 1.2102,
        "std_ch": 2.7557967922181783,
        "n": 5000
      }
    },
    "march_smooth": {
      "n": 8645,
      "decA": {
        "top1": 0.46593406593406594,
        "within1": 0.9064198958935801,
        "within2": 0.9694621168305378,
        "within3": 0.9927125506072875,
        "mae_ch": 0.6777327935222672,
        "std_ch": 0.8265521048560663,
        "n": 8645
      },