{
  "design": {
    "n_trials": 10000,
    "batch_size": 16,
    "seed": 42,
    "ckpt": "/tmp/remote_ckpts/c1/checkpoint.pt",
    "decoder_a_prime": "checkpoints/decoder_d_20k_raw_c1.pt",
    "decoder_c": "/mnt/c/Users/User/codingproj/freshstart/checkpoints/decoder_c.pt",
    "config": "/mnt/c/Users/User/codingproj/freshstart/config/sweep/sweep_c1.yaml",
    "readout_window": [
      9,
      11
    ],
    "step_deg": 5.0,
    "n_ori": 36
  },
  "overall": {
    "decA": {
      "top1": 0.4476,
      "within1": 0.847,
      "within2": 0.9183,
      "within3": 0.9467,
      "mae_ch": 1.2439,
      "std_ch": 2.7252179344045127,
      "n": 10000
    },
    "decA_prime": {
      "top1": 0.3558,
      "within1": 0.7814,
      "within2": 0.8937,
      "within3": 0.9273,
      "mae_ch": 1.4758,
      "std_ch": 2.786110974099919,
      "n": 10000
    },
    "decC": {
      "top1": 0.451,
      "within1": 0.8686,
      "within2": 0.9329,
      "within3": 0.9402,
      "mae_ch": 1.2175,
      "std_ch": 2.7280384436440777,
      "n": 10000
    }
  },
  "agreement": {
    "frac_same_pred_A_vs_Ap": 0.3697,
    "frac_same_pred_A_vs_C": 0.4307,
    "frac_same_pred_Ap_vs_C": 0.4983,
    "mean_circ_dist_A_Ap_ch": 0.9473,
    "mean_circ_dist_A_C_ch": 0.653,
    "mean_circ_dist_Ap_C_ch": 0.7473
  },
  "strata_thresholds": {
    "pi_q1": 0.06523128598928452,
    "pi_q3": 0.13578617572784424,
    "jump_threshold_deg": 30.0,
    "low_pred_err_threshold_deg": 5.0,
    "high_pred_err_threshold_deg": 20.0
  },
  "strata": {
    "ambiguous": {
      "n": 2960,
      "decA": {
        "top1": 0.21114864864864866,
        "within1": 0.6121621621621621,
        "within2": 0.7945945945945946,
        "within3": 0.8672297297297298,
        "mae_ch": 2.5114864864864863,
        "std_ch": 3.925299500514108,
        "n": 2960
      },
      "decA_prime": {
        "top1": 0.18344594594594596,
        "within1": 0.5381756756756757,
        "within2": 0.7429054054054054,
        "within3": 0.8287162162162162,
        "mae_ch": 2.6986486486486485,
        "std_ch": 3.845723958950267,
        "n": 2960
      },
      "decC": {
        "top1": 0.21621621621621623,
        "within1": 0.6621621621621622,
        "within2": 0.8324324324324325,
        "within3": 0.8533783783783784,
        "mae_ch": 2.410135135135135,
        "std_ch": 3.879175864425832,
        "n": 2960
      }
    },
    "clean": {
      "n": 7040,
      "decA": {
        "top1": 0.5470170454545454,
        "within1": 0.9457386363636363,
        "within2": 0.9703125,
        "within3": 0.9801136363636364,
        "mae_ch": 0.7109375,
        "std_ch": 1.7639363027571768,
        "n": 7040
      },
      "decA_prime": {
        "top1": 0.42826704545454547,
        "within1": 0.8836647727272727,
        "within2": 0.9571022727272728,
        "within3": 0.96875,
        "mae_ch": 0.9616477272727273,
        "std_ch": 1.9785657140956514,
        "n": 7040
      },
      "decC": {
        "top1": 0.5497159090909091,
        "within1": 0.9553977272727273,
        "within2": 0.9751420454545454,
        "within3": 0.9767045454545454,
        "mae_ch": 0.7160511363636364,
        "std_ch": 1.842498081193914,
        "n": 7040
      }
    },
    "pi_low_Q1": {
      "n": 2500,
      "decA": {
        "top1": 0.4072,
        "within1": 0.8544,
        "within2": 0.9312,
        "within3": 0.952,
        "mae_ch": 1.2692,
        "std_ch": 2.8008447582827576,
        "n": 2500
      },
      "decA_prime": {
        "top1": 0.218,
        "within1": 0.6908,
        "within2": 0.8548,
        "within3": 0.9076,
        "mae_ch": 1.8868,
        "std_ch": 3.095736707150658,
        "n": 2500
      },
      "decC": {
        "top1": 0.4248,
        "within1": 0.8696,
        "within2": 0.9304,
        "within3": 0.9412,
        "mae_ch": 1.2852,
        "std_ch": 2.882891076679797,
        "n": 2500
      }
    },
    "pi_high_Q4": {
      "n": 2500,
      "decA": {
        "top1": 0.5416,
        "within1": 0.8752,
        "within2": 0.926,
        "within3": 0.952,
        "mae_ch": 1.098,
        "std_ch": 2.719925734280258,
        "n": 2500
      },
      "decA_prime": {
        "top1": 0.4144,
        "within1": 0.8452,
        "within2": 0.912,
        "within3": 0.9452,
        "mae_ch": 1.1964,
        "std_ch": 2.4366015349252326,
        "n": 2500
      },
      "decC": {
        "top1": 0.522,
        "within1": 0.8928,
        "within2": 0.946,
        "within3": 0.9496,
        "mae_ch": 1.0704,
        "std_ch": 2.6594442727757994,
        "n": 2500
      }
    },
    "low_pred_err_le5deg": {
      "n": 5135,
      "decA": {
        "top1": 0.41908471275559883,
        "within1": 0.9078870496592015,
        "within2": 0.9922103213242454,
        "within3": 0.9998052580331062,
        "mae_ch": 0.6810126582278481,
        "std_ch": 0.6586254510321226,
        "n": 5135
      },
      "decA_prime": {
        "top1": 0.38091528724440116,
        "within1": 0.8218111002921129,
        "within2": 0.9567672833495618,
        "within3": 0.9890944498539436,
        "mae_ch": 0.8761441090555014,
        "std_ch": 1.0483192513948427,
        "n": 5135
      },
      "decC": {
        "top1": 0.4810126582278481,
        "within1": 0.9390457643622201,
        "within2": 0.9945472249269718,
        "within3": 0.9994157740993184,
        "mae_ch": 0.5892891918208374,
        "std_ch": 0.6638254638500429,
        "n": 5135
      }
    },
    "high_pred_err_gt20deg": {
      "n": 1713,
      "decA": {
        "top1": 0.5761821366024519,
        "within1": 0.6094570928196147,
        "within2": 0.6228838295388208,
        "within3": 0.6958552247518972,
        "mae_ch": 3.8441330998248686,
        "std_ch": 5.716976467380069,
        "n": 1713
      },
      "decA_prime": {
        "top1": 0.2720373613543491,
        "within1": 0.5761821366024519,
        "within2": 0.6392294220665499,
        "within3": 0.658493870402802,
        "mae_ch": 4.270286047869235,
        "std_ch": 5.523069357816638,
        "n": 1713
      },
      "decC": {
        "top1": 0.3134851138353765,
        "within1": 0.6012842965557501,
        "within2": 0.6666666666666666,
        "within3": 0.6713368359603036,
        "mae_ch": 4.122591943957969,
        "std_ch": 5.548504775985629,
        "n": 1713
      }
    },
    "focused": {
      "n": 5000,
      "decA": {
        "top1": 0.4594,
        "within1": 0.851,
        "within2": 0.919,
        "within3": 0.948,
        "mae_ch": 1.207,
        "std_ch": 2.6582232788086104,
        "n": 5000
      },
      "decA_prime": {
        "top1": 0.3542,
        "within1": 0.7836,
        "within2": 0.8972,
        "within3": 0.9296,
        "mae_ch": 1.4444,
        "std_ch": 2.7063090436977078,
        "n": 5000
      },
      "decC": {
        "top1": 0.451,
        "within1": 0.873,
        "within2": 0.934,
        "within3": 0.9398,
        "mae_ch": 1.1904,
        "std_ch": 2.6573196721508685,
        "n": 5000
      }
    },
    "routine": {
      "n": 5000,
      "decA": {
        "top1": 0.4358,
        "within1": 0.843,
        "within2": 0.9176,
        "within3": 0.9454,
        "mae_ch": 1.2808,
        "std_ch": 2.790116728740932,
        "n": 5000
      },
      "decA_prime": {
        "top1": 0.3574,
        "within1": 0.7792,
        "within2": 0.8902,
        "within3": 0.925,
        "mae_ch": 1.5072,
        "std_ch": 2.863345623566949,
        "n": 5000
      },
      "decC": {
        "top1": 0.451,
        "within1": 0.8642,
        "within2": 0.9318,
        "within3": 0.9406,
        "mae_ch": 1.2446,
        "std_ch": 2.7967071423372163,
        "n": 5000
      }
    },
    "march_smooth": {
      "n": 8645,
      "decA": {
        "top1": 0.4197802197802198,
        "within1": 0.8817813765182186,
        "within2": 0.9642567958357432,
        "within3": 0.9924812030075187,
        "mae_ch": 0.7544245228455755,
        "std_ch": 0.8518780166399257,
        "n": 8645
      },