{
  "design": {
    "n_trials": 10000,
    "batch_size": 16,
    "seed": 42,
    "ckpt": "/mnt/c/Users/User/codingproj/freshstart/results/simple_dual/emergent_seed42/checkpoint.pt",
    "decoder_a_prime": "checkpoints/decoder_a_prime_20k_r1r2.pt",
    "decoder_c": "/mnt/c/Users/User/codingproj/freshstart/checkpoints/decoder_c.pt",
    "config": "/mnt/c/Users/User/codingproj/freshstart/config/sweep/sweep_rescue_1_2.yaml",
    "readout_window": [
      9,
      11
    ],
    "step_deg": 5.0,
    "n_ori": 36
  },
  "overall": {
    "decA": {
      "top1": 0.5413,
      "within1": 0.8871,
      "within2": 0.9407,
      "within3": 0.9741,
      "mae_ch": 0.8203,
      "std_ch": 1.8379357741771067,
      "n": 10000
    },
    "decA_prime": {
      "top1": 0.5729,
      "within1": 0.9106,
      "within2": 0.9487,
      "within3": 0.9778,
      "mae_ch": 0.7314,
      "std_ch": 1.7230943212720538,
      "n": 10000
    },
    "decC": {
      "top1": 0.5345,
      "within1": 0.896,
      "within2": 0.9559,
      "within3": 0.965,
      "mae_ch": 0.8622,
      "std_ch": 2.0305691714393777,
      "n": 10000
    }
  },
  "agreement": {
    "frac_same_pred_A_vs_Ap": 0.7699,
    "frac_same_pred_A_vs_C": 0.6691,
    "frac_same_pred_Ap_vs_C": 0.6892,
    "mean_circ_dist_A_Ap_ch": 0.3353,
    "mean_circ_dist_A_C_ch": 0.4261,
    "mean_circ_dist_Ap_C_ch": 0.4586
  },
  "strata_thresholds": {
    "pi_q1": 0.8236681818962097,
    "pi_q3": 2.361539363861084,
    "jump_threshold_deg": 30.0,
    "low_pred_err_threshold_deg": 5.0,
    "high_pred_err_threshold_deg": 20.0
  },
  "strata": {
    "ambiguous": {
      "n": 2960,
      "decA": {
        "top1": 0.2577702702702703,
        "within1": 0.7030405405405405,
        "within2": 0.8476351351351351,
        "within3": 0.9347972972972973,
        "mae_ch": 1.6638513513513513,
        "std_ch": 2.6507604782474625,
        "n": 2960
      },
      "decA_prime": {
        "top1": 0.24695945945945946,
        "within1": 0.7418918918918919,
        "within2": 0.8581081081081081,
        "within3": 0.9398648648648649,
        "mae_ch": 1.600337837837838,
        "std_ch": 2.594055031699832,
        "n": 2960
      },
      "decC": {
        "top1": 0.2304054054054054,
        "within1": 0.7253378378378378,
        "within2": 0.8925675675675676,
        "within3": 0.9195945945945946,
        "mae_ch": 1.7152027027027028,
        "std_ch": 2.824298279169965,
        "n": 2960
      }
    },
    "clean": {
      "n": 7040,
      "decA": {
        "top1": 0.6605113636363636,
        "within1": 0.9644886363636364,
        "within2": 0.9798295454545455,
        "within3": 0.990625,
        "mae_ch": 0.465625,
        "std_ch": 1.191213168967022,
        "n": 7040
      },
      "decA_prime": {
        "top1": 0.7099431818181818,
        "within1": 0.9815340909090909,
        "within2": 0.9867897727272728,
        "within3": 0.99375,
        "mae_ch": 0.36605113636363634,
        "std_ch": 0.9680761014993415,
        "n": 7040
      },
      "decC": {
        "top1": 0.6623579545454545,
        "within1": 0.9677556818181818,
        "within2": 0.9825284090909091,
        "within3": 0.9840909090909091,
        "mae_ch": 0.5035511363636364,
        "std_ch": 1.438211840627602,
        "n": 7040
      }
    },
    "pi_low_Q1": {
      "n": 2500,
      "decA": {
        "top1": 0.464,
        "within1": 0.8712,
        "within2": 0.9316,
        "within3": 0.9612,
        "mae_ch": 1.0248,
        "std_ch": 2.20222273169632,
        "n": 2500
      },
      "decA_prime": {
        "top1": 0.4728,
        "within1": 0.9144,
        "within2": 0.9464,
        "within3": 0.9692,
        "mae_ch": 0.8892,
        "std_ch": 1.9252333261192003,
        "n": 2500
      },
      "decC": {
        "top1": 0.502,
        "within1": 0.886,
        "within2": 0.936,
        "within3": 0.9428,
        "mae_ch": 1.106,
        "std_ch": 2.5894331426009054,
        "n": 2500
      }
    },
    "pi_high_Q4": {
      "n": 2500,
      "decA": {
        "top1": 0.6208,
        "within1": 0.9088,
        "within2": 0.9452,
        "within3": 0.9884,
        "mae_ch": 0.59,
        "std_ch": 1.210082641805922,
        "n": 2500
      },
      "decA_prime": {
        "top1": 0.6624,
        "within1": 0.9096,
        "within2": 0.9436,
        "within3": 0.992,
        "mae_ch": 0.5292,
        "std_ch": 1.0988845981266642,
        "n": 2500
      },
      "decC": {
        "top1": 0.562,
        "within1": 0.8996,
        "within2": 0.9708,
        "within3": 0.9812,
        "mae_ch": 0.6908,
        "std_ch": 1.5165735590468403,
        "n": 2500
      }
    },
    "low_pred_err_le5deg": {
      "n": 2383,
      "decA": {
        "top1": 0.5237096097356274,
        "within1": 0.956357532522031,
        "within2": 0.9890893831305078,
        "within3": 0.9966428871170793,
        "mae_ch": 0.5501468736886278,
        "std_ch": 0.7794457311144251,
        "n": 2383
      },
      "decA_prime": {
        "top1": 0.5077633235417541,
        "within1": 0.9597146454049518,
        "within2": 0.9911875786823332,
        "within3": 0.9979018044481746,
        "mae_ch": 0.550986151909358,
        "std_ch": 0.6835870874620007,
        "n": 2383
      },
      "decC": {
        "top1": 0.5451112043642468,
        "within1": 0.9521611414183802,
        "within2": 0.9920268569030634,
        "within3": 0.9941250524548888,
        "mae_ch": 0.5438522870331515,
        "std_ch": 0.8789913906736059,
        "n": 2383
      }
    },
    "high_pred_err_gt20deg": {
      "n": 4870,
      "decA": {
        "top1": 0.6030800821355237,
        "within1": 0.8570841889117043,
        "within2": 0.9084188911704312,
        "within3": 0.9560574948665298,
        "mae_ch": 0.9767967145790555,
        "std_ch": 2.4141258670586185,
        "n": 4870
      },
      "decA_prime": {
        "top1": 0.6503080082135524,
        "within1": 0.8796714579055441,
        "within2": 0.9193018480492813,
        "within3": 0.962217659137577,
        "mae_ch": 0.8521560574948666,
        "std_ch": 2.2812309963269692,
        "n": 4870
      },
      "decC": {
        "top1": 0.5482546201232033,
        "within1": 0.8636550308008214,
        "within2": 0.9330595482546201,
        "within3": 0.94435318275154,
        "mae_ch": 1.086652977412731,
        "std_ch": 2.625394560883096,
        "n": 4870
      }
    },
    "focused": {
      "n": 5000,
      "decA": {
        "top1": 0.6512,
        "within1": 0.9174,
        "within2": 0.959,
        "within3": 0.9926,
        "mae_ch": 0.514,
        "std_ch": 1.0464243880950022,
        "n": 5000
      },
      "decA_prime": {
        "top1": 0.6728,
        "within1": 0.9218,
        "within2": 0.9594,
        "within3": 0.9952,
        "mae_ch": 0.4674,
        "std_ch": 0.8920410528669631,
        "n": 5000
      },
      "decC": {
        "top1": 0.6164,
        "within1": 0.9142,
        "within2": 0.9726,
        "within3": 0.9834,
        "mae_ch": 0.59,
        "std_ch": 1.3402611685787214,
        "n": 5000
      }
    },
    "routine": {
      "n": 5000,
      "decA": {
        "top1": 0.4314,
        "within1": 0.8568,
        "within2": 0.9224,
        "within3": 0.9556,
        "mae_ch": 1.1266,
        "std_ch": 2.339523977222717,
        "n": 5000
      },
      "decA_prime": {
        "top1": 0.473,
        "within1": 0.8994,
        "within2": 0.938,
        "within3": 0.9604,
        "mae_ch": 0.9954,
        "std_ch": 2.2367339671941315,
        "n": 5000
      },
      "decC": {
        "top1": 0.4526,
        "within1": 0.8778,
        "within2": 0.9392,
        "within3": 0.9466,
        "mae_ch": 1.1344,
        "std_ch": 2.510365837881005,
        "n": 5000
      }
    },
    "march_smooth": {
      "n": 8645,
      "decA": {
        "top1": 0.5097744360902255,
        "within1": 0.9097744360902256,
        "within2": 0.9717755928282245,
        "within3": 0.9947946790052054,
        "mae_ch": 0.6213996529786003,