{
  "design": {
    "n_trials": 10000,
    "batch_size": 16,
    "seed": 42,
    "ckpt": "/tmp/remote_ckpts/a1/checkpoint.pt",
    "decoder_a_prime": "checkpoints/decoder_d_20k_raw_a1.pt",
    "decoder_c": "/mnt/c/Users/User/codingproj/freshstart/checkpoints/decoder_c.pt",
    "config": "/mnt/c/Users/User/codingproj/freshstart/config/sweep/sweep_a1.yaml",
    "readout_window": [
      9,
      11
    ],
    "step_deg": 5.0,
    "n_ori": 36
  },
  "overall": {
    "decA": {
      "top1": 0.5907,
      "within1": 0.8444,
      "within2": 0.9103,
      "within3": 0.9329,
      "mae_ch": 1.0996,
      "std_ch": 2.662833047714407,
      "n": 10000
    },
    "decA_prime": {
      "top1": 0.4606,
      "within1": 0.795,
      "within2": 0.8671,
      "within3": 0.8941,
      "mae_ch": 1.7524,
      "std_ch": 3.63734714318004,
      "n": 10000
    },
    "decC": {
      "top1": 0.505,
      "within1": 0.837,
      "within2": 0.9054,
      "within3": 0.9206,
      "mae_ch": 1.3291,
      "std_ch": 2.9585119891594154,
      "n": 10000
    }
  },
  "agreement": {
    "frac_same_pred_A_vs_Ap": 0.5267,
    "frac_same_pred_A_vs_C": 0.5753,
    "frac_same_pred_Ap_vs_C": 0.4598,
    "mean_circ_dist_A_Ap_ch": 1.5464,
    "mean_circ_dist_A_C_ch": 0.9079,
    "mean_circ_dist_Ap_C_ch": 1.3333
  },
  "strata_thresholds": {
    "pi_q1": 0.05770190805196762,
    "pi_q3": 0.11390478163957596,
    "jump_threshold_deg": 30.0,
    "low_pred_err_threshold_deg": 5.0,
    "high_pred_err_threshold_deg": 20.0
  },
  "strata": {
    "ambiguous": {
      "n": 2960,
      "decA": {
        "top1": 0.20439189189189189,
        "within1": 0.5489864864864865,
        "within2": 0.7320945945945946,
        "within3": 0.8037162162162163,
        "mae_ch": 2.8013513513513515,
        "std_ch": 3.994133983976706,
        "n": 2960
      },
      "decA_prime": {
        "top1": 0.1516891891891892,
        "within1": 0.43614864864864866,
        "within2": 0.6236486486486487,
        "within3": 0.7043918918918919,
        "mae_ch": 4.201013513513513,
        "std_ch": 5.178613667124717,
        "n": 2960
      },
      "decC": {
        "top1": 0.20304054054054055,
        "within1": 0.5283783783783784,
        "within2": 0.7212837837837838,
        "within3": 0.7682432432432432,
        "mae_ch": 3.1898648648648646,
        "std_ch": 4.378128068837628,
        "n": 2960
      }
    },
    "clean": {
      "n": 7040,
      "decA": {
        "top1": 0.753125,
        "within1": 0.9686079545454546,
        "within2": 0.9852272727272727,
        "within3": 0.9872159090909091,
        "mae_ch": 0.3840909090909091,
        "std_ch": 1.278616649817326,
        "n": 7040
      },
      "decA_prime": {
        "top1": 0.5904829545454545,
        "within1": 0.9458806818181819,
        "within2": 0.9694602272727273,
        "within3": 0.9738636363636364,
        "mae_ch": 0.7228693181818182,
        "std_ch": 1.9840385108328207,
        "n": 7040
      },
      "decC": {
        "top1": 0.6319602272727273,
        "within1": 0.9667613636363637,
        "within2": 0.9828125,
        "within3": 0.9846590909090909,
        "mae_ch": 0.5467329545454546,
        "std_ch": 1.5184763996895039,
        "n": 7040
      }
    },
    "pi_low_Q1": {
      "n": 2500,
      "decA": {
        "top1": 0.5904,
        "within1": 0.8848,
        "within2": 0.9364,
        "within3": 0.9508,
        "mae_ch": 1.0004,
        "std_ch": 2.7109407665974556,
        "n": 2500
      },
      "decA_prime": {
        "top1": 0.6316,
        "within1": 0.9032,
        "within2": 0.9464,
        "within3": 0.9596,
        "mae_ch": 0.9776,
        "std_ch": 2.8958415426262536,
        "n": 2500
      },
      "decC": {
        "top1": 0.5588,
        "within1": 0.8988,
        "within2": 0.938,
        "within3": 0.946,
        "mae_ch": 1.0268,
        "std_ch": 2.5917719344108963,
        "n": 2500
      }
    },
    "pi_high_Q4": {
      "n": 2500,
      "decA": {
        "top1": 0.702,
        "within1": 0.908,
        "within2": 0.9448,
        "within3": 0.964,
        "mae_ch": 0.6232,
        "std_ch": 1.7367848916892383,
        "n": 2500
      },
      "decA_prime": {
        "top1": 0.3684,
        "within1": 0.834,
        "within2": 0.904,
        "within3": 0.924,
        "mae_ch": 1.5476,
        "std_ch": 3.090199708756701,
        "n": 2500
      },
      "decC": {
        "top1": 0.5364,
        "within1": 0.894,
        "within2": 0.9464,
        "within3": 0.9628,
        "mae_ch": 0.8216,
        "std_ch": 1.8194981286057978,
        "n": 2500
      }
    },
    "low_pred_err_le5deg": {
      "n": 5882,
      "decA": {
        "top1": 0.6171370282216933,
        "within1": 0.9015640938456307,
        "within2": 0.9532471948316898,
        "within3": 0.9683781026861612,
        "mae_ch": 0.7143828629717783,
        "std_ch": 1.8101945624506708,
        "n": 5882
      },
      "decA_prime": {
        "top1": 0.5144508670520231,
        "within1": 0.8537912274736484,
        "within2": 0.9219653179190751,
        "within3": 0.9364161849710982,
        "mae_ch": 1.2628357701462087,
        "std_ch": 2.9869276534758247,
        "n": 5882
      },
      "decC": {
        "top1": 0.5715742944576675,
        "within1": 0.8884733083985039,
        "within2": 0.944406664399864,
        "within3": 0.9566473988439307,
        "mae_ch": 0.9160149608976539,
        "std_ch": 2.2719147502083166,
        "n": 5882
      }
    },
    "high_pred_err_gt20deg": {
      "n": 1642,
      "decA": {
        "top1": 0.5651644336175395,
        "within1": 0.7149817295980512,
        "within2": 0.784409257003654,
        "within3": 0.8032886723507917,
        "mae_ch": 2.473812423873325,
        "std_ch": 4.577880271443884,
        "n": 1642
      },
      "decA_prime": {
        "top1": 0.44397076735688185,
        "within1": 0.7021924482338612,
        "within2": 0.7539585870889159,
        "within3": 0.7850182704019488,
        "mae_ch": 2.8635809987819734,
        "std_ch": 4.83500243691751,
        "n": 1642
      },
      "decC": {
        "top1": 0.35505481120584653,
        "within1": 0.7235079171741778,
        "within2": 0.7965895249695494,
        "within3": 0.8032886723507917,
        "mae_ch": 2.67904993909866,
        "std_ch": 4.4952173338048365,
        "n": 1642
      }
    },
    "focused": {
      "n": 5000,
      "decA": {
        "top1": 0.5956,
        "within1": 0.846,
        "within2": 0.913,
        "within3": 0.9356,
        "mae_ch": 1.073,
        "std_ch": 2.6101476969704223,
        "n": 5000
      },
      "decA_prime": {
        "top1": 0.4568,
        "within1": 0.791,
        "within2": 0.8662,
        "within3": 0.8938,
        "mae_ch": 1.7552,
        "std_ch": 3.630767544197783,
        "n": 5000
      },
      "decC": {
        "top1": 0.5012,
        "within1": 0.8408,
        "within2": 0.9068,
        "within3": 0.9208,
        "mae_ch": 1.3182,
        "std_ch": 2.9216003765059995,
        "n": 5000
      }
    },
    "routine": {
      "n": 5000,
      "decA": {
        "top1": 0.5858,
        "within1": 0.8428,
        "within2": 0.9076,
        "within3": 0.9302,
        "mae_ch": 1.1262,
        "std_ch": 2.7142353545704174,
        "n": 5000
      },
      "decA_prime": {
        "top1": 0.4644,
        "within1": 0.799,
        "within2": 0.868,
        "within3": 0.8944,
        "mae_ch": 1.7496,
        "std_ch": 3.643912710260771,
        "n": 5000
      },
      "decC": {
        "top1": 0.5088,
        "within1": 0.8332,
        "within2": 0.904,
        "within3": 0.9204,
        "mae_ch": 1.34,
        "std_ch": 2.994929047573582,
        "n": 5000
      }
    },
    "march_smooth": {
      "n": 8645,
      "decA": {
        "top1": 0.5895893580104107,
        "within1": 0.8616541353383459,
        "within2": 0.9282822440717178,
        "within3": 0.9519953730480046,
        "mae_ch": 0.8636205899363794,
        "std_ch": 2.004858433075174,
        "n": 8645
      },