{
  "design": {
    "n_trials": 10000,
    "batch_size": 16,
    "seed": 42,
    "ckpt": "/tmp/remote_ckpts/e1/checkpoint.pt",
    "decoder_a_prime": "checkpoints/decoder_a_prime_20k_e1.pt",
    "decoder_c": "/mnt/c/Users/User/codingproj/freshstart/checkpoints/decoder_c.pt",
    "config": "/mnt/c/Users/User/codingproj/freshstart/config/sweep/sweep_e1.yaml",
    "readout_window": [
      9,
      11
    ],
    "step_deg": 5.0,
    "n_ori": 36
  },
  "overall": {
    "decA": {
      "top1": 0.4887,
      "within1": 0.8695,
      "within2": 0.924,
      "within3": 0.9491,
      "mae_ch": 1.1507,
      "std_ch": 2.66319160219463,
      "n": 10000
    },
    "decA_prime": {
      "top1": 0.5319,
      "within1": 0.9045,
      "within2": 0.9337,
      "within3": 0.9502,
      "mae_ch": 1.0357,
      "std_ch": 2.57235796692451,
      "n": 10000
    },
    "decC": {
      "top1": 0.4647,
      "within1": 0.8767,
      "within2": 0.9363,
      "within3": 0.9421,
      "mae_ch": 1.1741,
      "std_ch": 2.678915674298092,
      "n": 10000
    }
  },
  "agreement": {
    "frac_same_pred_A_vs_Ap": 0.6743,
    "frac_same_pred_A_vs_C": 0.5433,
    "frac_same_pred_Ap_vs_C": 0.622,
    "mean_circ_dist_A_Ap_ch": 0.426,
    "mean_circ_dist_A_C_ch": 0.5414,
    "mean_circ_dist_Ap_C_ch": 0.5304
  },
  "strata_thresholds": {
    "pi_q1": 0.06858640909194946,
    "pi_q3": 0.12611734867095947,
    "jump_threshold_deg": 30.0,
    "low_pred_err_threshold_deg": 5.0,
    "high_pred_err_threshold_deg": 20.0
  },
  "strata": {
    "ambiguous": {
      "n": 2960,
      "decA": {
        "top1": 0.22668918918918918,
        "within1": 0.6641891891891892,
        "within2": 0.8070945945945946,
        "within3": 0.8746621621621622,
        "mae_ch": 2.3628378378378376,
        "std_ch": 3.835569311937461,
        "n": 2960
      },
      "decA_prime": {
        "top1": 0.22466216216216217,
        "within1": 0.7425675675675676,
        "within2": 0.8280405405405405,
        "within3": 0.8722972972972973,
        "mae_ch": 2.2429054054054056,
        "std_ch": 3.786638628012973,
        "n": 2960
      },
      "decC": {
        "top1": 0.22736486486486487,
        "within1": 0.6814189189189189,
        "within2": 0.8429054054054054,
        "within3": 0.8591216216216216,
        "mae_ch": 2.314527027027027,
        "std_ch": 3.8019454185305923,
        "n": 2960
      }
    },
    "clean": {
      "n": 7040,
      "decA": {
        "top1": 0.5988636363636364,
        "within1": 0.9558238636363636,
        "within2": 0.9731534090909091,
        "within3": 0.9803977272727272,
        "mae_ch": 0.6410511363636363,
        "std_ch": 1.7354073492525086,
        "n": 7040
      },
      "decA_prime": {
        "top1": 0.6610795454545455,
        "within1": 0.9725852272727272,
        "within2": 0.978125,
        "within3": 0.9829545454545454,
        "mae_ch": 0.528125,
        "std_ch": 1.581158201162133,
        "n": 7040
      },
      "decC": {
        "top1": 0.5644886363636363,
        "within1": 0.9588068181818182,
        "within2": 0.9755681818181818,
        "within3": 0.9769886363636363,
        "mae_ch": 0.6946022727272727,
        "std_ch": 1.8274809913187053,
        "n": 7040
      }
    },
    "pi_low_Q1": {
      "n": 2500,
      "decA": {
        "top1": 0.4132,
        "within1": 0.8676,
        "within2": 0.9236,
        "within3": 0.9448,
        "mae_ch": 1.306,
        "std_ch": 2.8858905038133376,
        "n": 2500
      },
      "decA_prime": {
        "top1": 0.5672,
        "within1": 0.9176,
        "within2": 0.9404,
        "within3": 0.9516,
        "mae_ch": 1.0144,
        "std_ch": 2.7286246792111224,
        "n": 2500
      },
      "decC": {
        "top1": 0.4544,
        "within1": 0.8796,
        "within2": 0.9316,
        "within3": 0.9364,
        "mae_ch": 1.2796,
        "std_ch": 2.954830594128875,
        "n": 2500
      }
    },
    "pi_high_Q4": {
      "n": 2500,
      "decA": {
        "top1": 0.5708,
        "within1": 0.8848,
        "within2": 0.92,
        "within3": 0.9456,
        "mae_ch": 1.12,
        "std_ch": 2.874021572639983,
        "n": 2500
      },
      "decA_prime": {
        "top1": 0.622,
        "within1": 0.9016,
        "within2": 0.9232,
        "within3": 0.938,
        "mae_ch": 1.106,
        "std_ch": 3.006852839764527,
        "n": 2500
      },
      "decC": {
        "top1": 0.5488,
        "within1": 0.8832,
        "within2": 0.9352,
        "within3": 0.9396,
        "mae_ch": 1.1308,
        "std_ch": 2.823489217262924,
        "n": 2500
      }
    },
    "low_pred_err_le5deg": {
      "n": 5517,
      "decA": {
        "top1": 0.476889613920609,
        "within1": 0.9398223672285663,
        "within2": 0.9963748413993112,
        "within3": 1.0,
        "mae_ch": 0.5869131774515135,
        "std_ch": 0.6142491347416814,
        "n": 5517
      },
      "decA_prime": {
        "top1": 0.5381547942722494,
        "within1": 0.9840493021569694,
        "within2": 0.9996374841399311,
        "within3": 1.0,
        "mae_ch": 0.4781584194308501,
        "std_ch": 0.5318593841275888,
        "n": 5517
      },
      "decC": {
        "top1": 0.5131411999274968,
        "within1": 0.9632046402030089,
        "within2": 0.9996374841399311,
        "within3": 1.0,
        "mae_ch": 0.5240166757295631,
        "std_ch": 0.5696173999459275,
        "n": 5517
      }
    },
    "high_pred_err_gt20deg": {
      "n": 1658,
      "decA": {
        "top1": 0.586248492159228,
        "within1": 0.6079613992762364,
        "within2": 0.623642943305187,
        "within3": 0.6996381182147166,
        "mae_ch": 3.7804583835946923,
        "std_ch": 5.6657014579513785,
        "n": 1658
      },
      "decA_prime": {
        "top1": 0.6272617611580217,
        "within1": 0.6399276236429433,
        "within2": 0.649577804583836,
        "within3": 0.7086851628468034,
        "mae_ch": 3.5126658624849214,
        "std_ch": 5.526459766377524,
        "n": 1658
      },
      "decC": {
        "top1": 0.33896260554885405,
        "within1": 0.5880579010856454,
        "within2": 0.658021712907117,
        "within3": 0.6652593486127865,
        "mae_ch": 4.121230398069963,
        "std_ch": 5.5407598501034725,
        "n": 1658
      }
    },
    "focused": {
      "n": 5000,
      "decA": {
        "top1": 0.4938,
        "within1": 0.8704,
        "within2": 0.9246,
        "within3": 0.9516,
        "mae_ch": 1.1142,
        "std_ch": 2.5683376647162266,
        "n": 5000
      },
      "decA_prime": {
        "top1": 0.5372,
        "within1": 0.9042,
        "within2": 0.9334,
        "within3": 0.9506,
        "mae_ch": 1.0186,
        "std_ch": 2.5293188885547826,
        "n": 5000
      },
      "decC": {
        "top1": 0.4662,
        "within1": 0.8804,
        "within2": 0.9384,
        "within3": 0.9438,
        "mae_ch": 1.138,
        "std_ch": 2.5992606641120086,
        "n": 5000
      }
    },
    "routine": {
      "n": 5000,
      "decA": {
        "top1": 0.4836,
        "within1": 0.8686,
        "within2": 0.9234,
        "within3": 0.9466,
        "mae_ch": 1.1872,
        "std_ch": 2.7542977616808244,
        "n": 5000
      },
      "decA_prime": {
        "top1": 0.5266,
        "within1": 0.9048,
        "within2": 0.934,
        "within3": 0.9498,
        "mae_ch": 1.0528,
        "std_ch": 2.614576860602878,
        "n": 5000
      },
      "decC": {
        "top1": 0.4632,
        "within1": 0.873,
        "within2": 0.9342,
        "within3": 0.9404,
        "mae_ch": 1.2102,
        "std_ch": 2.7557967922181783,
        "n": 5000
      }
    },
    "march_smooth": {
      "n": 8645,
      "decA": {
        "top1": 0.46593406593406594,
        "within1": 0.9064198958935801,
        "within2": 0.9694621168305378,
        "within3": 0.9927125506072875,
        "mae_ch": 0.6777327935222672,
        "std_ch": 0.8265521048560663,
        "n": 8645
      },