{
  "design": {
    "n_trials": 10000,
    "batch_size": 16,
    "seed": 42,
    "ckpt": "/tmp/remote_ckpts/b1/checkpoint.pt",
    "decoder_a_prime": "checkpoints/decoder_a_prime_20k_b1.pt",
    "decoder_c": "/mnt/c/Users/User/codingproj/freshstart/checkpoints/decoder_c.pt",
    "config": "/mnt/c/Users/User/codingproj/freshstart/config/sweep/sweep_b1.yaml",
    "readout_window": [
      9,
      11
    ],
    "step_deg": 5.0,
    "n_ori": 36
  },
  "overall": {
    "decA": {
      "top1": 0.583,
      "within1": 0.8357,
      "within2": 0.898,
      "within3": 0.9175,
      "mae_ch": 1.2965,
      "std_ch": 3.112328348680454,
      "n": 10000
    },
    "decA_prime": {
      "top1": 0.6625,
      "within1": 0.877,
      "within2": 0.9185,
      "within3": 0.9522,
      "mae_ch": 0.9027,
      "std_ch": 2.4873746621689303,
      "n": 10000
    },
    "decC": {
      "top1": 0.5028,
      "within1": 0.832,
      "within2": 0.8987,
      "within3": 0.9126,
      "mae_ch": 1.4498,
      "std_ch": 3.2334006803982707,
      "n": 10000
    }
  },
  "agreement": {
    "frac_same_pred_A_vs_Ap": 0.6265,
    "frac_same_pred_A_vs_C": 0.5567,
    "frac_same_pred_Ap_vs_C": 0.4769,
    "mean_circ_dist_A_Ap_ch": 0.8784,
    "mean_circ_dist_A_C_ch": 1.1289,
    "mean_circ_dist_Ap_C_ch": 1.2131
  },
  "strata_thresholds": {
    "pi_q1": 0.03520653396844864,
    "pi_q3": 0.0737658217549324,
    "jump_threshold_deg": 30.0,
    "low_pred_err_threshold_deg": 5.0,
    "high_pred_err_threshold_deg": 20.0
  },
  "strata": {
    "ambiguous": {
      "n": 2960,
      "decA": {
        "top1": 0.19155405405405404,
        "within1": 0.533445945945946,
        "within2": 0.7013513513513514,
        "within3": 0.7618243243243243,
        "mae_ch": 3.3324324324324324,
        "std_ch": 4.61295496864341,
        "n": 2960
      },
      "decA_prime": {
        "top1": 0.18614864864864866,
        "within1": 0.6260135135135135,
        "within2": 0.7496621621621622,
        "within3": 0.8567567567567568,
        "mae_ch": 2.510472972972973,
        "std_ch": 3.805919790533195,
        "n": 2960
      },
      "decC": {
        "top1": 0.20270270270270271,
        "within1": 0.5179054054054054,
        "within2": 0.7050675675675676,
        "within3": 0.7456081081081081,
        "mae_ch": 3.5175675675675677,
        "std_ch": 4.7644902199758405,
        "n": 2960
      }
    },
    "clean": {
      "n": 7040,
      "decA": {
        "top1": 0.7475852272727272,
        "within1": 0.9627840909090909,
        "within2": 0.9806818181818182,
        "within3": 0.9829545454545454,
        "mae_ch": 0.44048295454545455,
        "std_ch": 1.5286590955446118,
        "n": 7040
      },
      "decA_prime": {
        "top1": 0.8627840909090909,
        "within1": 0.9825284090909091,
        "within2": 0.9894886363636364,
        "within3": 0.9923295454545454,
        "mae_ch": 0.22670454545454546,
        "std_ch": 1.0743774324007678,
        "n": 7040
      },
      "decC": {
        "top1": 0.6289772727272728,
        "within1": 0.9640625,
        "within2": 0.9801136363636364,
        "within3": 0.9828125,
        "mae_ch": 0.5803977272727273,
        "std_ch": 1.6591043109281252,
        "n": 7040
      }
    },
    "pi_low_Q1": {
      "n": 2500,
      "decA": {
        "top1": 0.5604,
        "within1": 0.85,
        "within2": 0.9032,
        "within3": 0.9216,
        "mae_ch": 1.38,
        "std_ch": 3.4578027705466376,
        "n": 2500
      },
      "decA_prime": {
        "top1": 0.6996,
        "within1": 0.8956,
        "within2": 0.9288,
        "within3": 0.9556,
        "mae_ch": 0.8628,
        "std_ch": 2.640298498276284,
        "n": 2500
      },
      "decC": {
        "top1": 0.524,
        "within1": 0.8584,
        "within2": 0.8948,
        "within3": 0.9044,
        "mae_ch": 1.5356,
        "std_ch": 3.534619164775747,
        "n": 2500
      }
    },
    "pi_high_Q4": {
      "n": 2500,
      "decA": {
        "top1": 0.7268,
        "within1": 0.9064,
        "within2": 0.9504,
        "within3": 0.9676,
        "mae_ch": 0.5728,
        "std_ch": 1.632145875833407,
        "n": 2500
      },
      "decA_prime": {
        "top1": 0.8096,
        "within1": 0.9196,
        "within2": 0.9524,
        "within3": 0.9772,
        "mae_ch": 0.4776,
        "std_ch": 1.745593950493642,
        "n": 2500
      },
      "decC": {
        "top1": 0.5172,
        "within1": 0.8992,
        "within2": 0.9564,
        "within3": 0.9736,
        "mae_ch": 0.728,
        "std_ch": 1.3447735868911168,
        "n": 2500
      }
    },
    "low_pred_err_le5deg": {
      "n": 5438,
      "decA": {
        "top1": 0.6143802868701729,
        "within1": 0.9014343508642884,
        "within2": 0.944832659065833,
        "within3": 0.9575211474806914,
        "mae_ch": 0.8777123942625965,
        "std_ch": 2.442034086272894,
        "n": 5438
      },
      "decA_prime": {
        "top1": 0.6610886355277675,
        "within1": 0.9310408238322913,
        "within2": 0.9722324383964693,
        "within3": 0.9856564913571166,
        "mae_ch": 0.5467083486575947,
        "std_ch": 1.5006211830996918,
        "n": 5438
      },
      "decC": {
        "top1": 0.5787054063994116,
        "within1": 0.8824935638102244,
        "within2": 0.938212578153733,
        "within3": 0.9512688488414859,
        "mae_ch": 0.9988966531813167,
        "std_ch": 2.55502135539064,
        "n": 5438
      }
    },
    "high_pred_err_gt20deg": {
      "n": 1697,
      "decA": {
        "top1": 0.5550972304065999,
        "within1": 0.72775486152033,
        "within2": 0.7902180318208604,
        "within3": 0.8102533883323512,
        "mae_ch": 2.370654095462581,
        "std_ch": 4.4224382717573185,
        "n": 1697
      },
      "decA_prime": {
        "top1": 0.7100766057748968,
        "within1": 0.7242192103712434,
        "within2": 0.7360047142015321,
        "within3": 0.8149675898644667,
        "mae_ch": 2.3429581614614023,
        "std_ch": 4.6376287774771106,
        "n": 1697
      },
      "decC": {
        "top1": 0.3541543901001768,
        "within1": 0.7377725397760754,
        "within2": 0.8096641131408367,
        "within3": 0.8196817913965821,
        "mae_ch": 2.506776664702416,
        "std_ch": 4.3148188601980175,
        "n": 1697
      }
    },
    "focused": {
      "n": 5000,
      "decA": {
        "top1": 0.5884,
        "within1": 0.8386,
        "within2": 0.9016,
        "within3": 0.92,
        "mae_ch": 1.2614,
        "std_ch": 3.0568398780439905,
        "n": 5000
      },
      "decA_prime": {
        "top1": 0.6612,
        "within1": 0.8794,
        "within2": 0.9202,
        "within3": 0.9544,
        "mae_ch": 0.8852,
        "std_ch": 2.4420526120458588,
        "n": 5000
      },
      "decC": {
        "top1": 0.4968,
        "within1": 0.8352,
        "within2": 0.9002,
        "within3": 0.9134,
        "mae_ch": 1.4448,
        "std_ch": 3.2134954426605304,
        "n": 5000
      }
    },
    "routine": {
      "n": 5000,
      "decA": {
        "top1": 0.5776,
        "within1": 0.8328,
        "within2": 0.8944,
        "within3": 0.915,
        "mae_ch": 1.3316,
        "std_ch": 3.166455658934766,
        "n": 5000
      },
      "decA_prime": {
        "top1": 0.6638,
        "within1": 0.8746,
        "within2": 0.9168,
        "within3": 0.95,
        "mae_ch": 0.9202,
        "std_ch": 2.5317645941121776,
        "n": 5000
      },
      "decC": {
        "top1": 0.5088,
        "within1": 0.8288,
        "within2": 0.8972,
        "within3": 0.9118,
        "mae_ch": 1.4548,
        "std_ch": 3.2531764415721445,
        "n": 5000
      }
    },
    "march_smooth": {
      "n": 8645,
      "decA": {
        "top1": 0.582301908617698,
        "within1": 0.8500867553499133,
        "within2": 0.9130133024869866,
        "within3": 0.9331405436668595,
        "mae_ch": 1.1094274146905725,
        "std_ch": 2.7236827734308036,
        "n": 8645
      },