{
  "label": "R1+R2 simple_dual emergent_seed42 \u2014 Decoder C ex/unex eval",
  "checkpoint": "results/simple_dual/emergent_seed42/checkpoint.pt",
  "decoder_c": "checkpoints/decoder_c.pt",
  "config": "config/sweep/sweep_rescue_1_2.yaml",
  "design": {
    "march_step_deg": 5.0,
    "S_range_deg": [
      0.0,
      180.0
    ],
    "D_range_deg": [
      25.0,
      90.0
    ],
    "cue_sigma_deg": 10.0,
    "task_state": [
      1.0,
      0.0
    ],
    "contrast": 1.0,
    "readout_window_steps": [
      9,
      11
    ],
    "readout_window_n_steps": 2,
    "n_values": [
      4,
      5,
      6,
      7,
      8,
      9,
      10,
      11,
      12,
      13,
      14,
      15
    ],
    "n_trials_per_N": 200,
    "seed_base": 42,
    "per_trial_seed_formula": "seed_base + trial_idx (independent of N)"
  },
  "per_N": [
    {
      "N": 4,
      "n_trials": 200,
      "dec_acc_ex_mean": 0.675,
      "dec_acc_ex_sem": 0.033202212797844764,
      "dec_acc_unex_mean": 0.595,
      "dec_acc_unex_sem": 0.03479841445010399,
      "net_l23_ex_mean": 5.006526951789856,
      "net_l23_ex_sem": 0.04219452812295145,
      "net_l23_unex_mean": 6.188433538675309,
      "net_l23_unex_sem": 0.07365361845438242,
      "peak_at_stim_ex_mean": 0.7579989540576935,
      "peak_at_stim_ex_sem": 0.00974151482970761,
      "peak_at_stim_unex_mean": 0.6242027179151773,
      "peak_at_stim_unex_sem": 0.013152784885752654,
      "fwhm_deg_ex_mean": 29.28384652686057,
      "fwhm_deg_ex_sem": 0.3058511626657752,
      "fwhm_deg_ex_n_valid": 200,
      "fwhm_deg_unex_mean": 30.370576019966055,
      "fwhm_deg_unex_sem": 0.6533146241082657,
      "fwhm_deg_unex_n_valid": 200,
      "delta_dec_acc_ex_minus_unex": 0.08000000000000007,
      "delta_net_l23_ex_minus_unex": -1.1819065868854528,
      "delta_peak_at_stim_ex_minus_unex": 0.13379623614251612,
      "delta_fwhm_deg_ex_minus_unex": -1.0867294931054836,
      "pre_probe_max_abs_diff": 0.0
    },
    {
      "N": 5,
      "n_trials": 200,
      "dec_acc_ex_mean": 0.695,
      "dec_acc_ex_sem": 0.03263741725420572,
      "dec_acc_unex_mean": 0.625,
      "dec_acc_unex_sem": 0.03431856376795913,
      "net_l23_ex_mean": 4.974450098276138,
      "net_l23_ex_sem": 0.04056886174312338,
      "net_l23_unex_mean": 6.16165295958519,
      "net_l23_unex_sem": 0.07571712040653258,
      "peak_at_stim_ex_mean": 0.7639323058724403,
      "peak_at_stim_ex_sem": 0.009758529139238798,
      "peak_at_stim_unex_mean": 0.6389267846941948,
      "peak_at_stim_unex_sem": 0.013952503956244642,
      "fwhm_deg_ex_mean": 29.166983104603716,
      "fwhm_deg_ex_sem": 0.30677627275644703,
      "fwhm_deg_ex_n_valid": 200,
      "fwhm_deg_unex_mean": 30.133667529867534,
      "fwhm_deg_unex_sem": 0.668720562930725,
      "fwhm_deg_unex_n_valid": 200,
      "delta_dec_acc_ex_minus_unex": 0.06999999999999995,
      "delta_net_l23_ex_minus_unex": -1.1872028613090517,
      "delta_peak_at_stim_ex_minus_unex": 0.12500552117824548,
      "delta_fwhm_deg_ex_minus_unex": -0.9666844252638178,
      "pre_probe_max_abs_diff": 0.0
    },
    {
      "N": 6,
      "n_trials": 200,
      "dec_acc_ex_mean": 0.72,
      "dec_acc_ex_sem": 0.031828687164775826,
      "dec_acc_unex_mean": 0.565,
      "dec_acc_unex_sem": 0.03514328173714403,
      "net_l23_ex_mean": 4.949254732131958,
      "net_l23_ex_sem": 0.03972106095487475,
      "net_l23_unex_mean": 6.125091725587845,
      "net_l23_unex_sem": 0.07759411449238691,
      "peak_at_stim_ex_mean": 0.7714652645587922,
      "peak_at_stim_ex_sem": 0.010591822929090848,
      "peak_at_stim_unex_mean": 0.6272189071774483,
      "peak_at_stim_unex_sem": 0.013395344840783389,
      "fwhm_deg_ex_mean": 28.983884423199598,
      "fwhm_deg_ex_sem": 0.3227870096909109,
      "fwhm_deg_ex_n_valid": 200,
      "fwhm_deg_unex_mean": 29.990582239007043,
      "fwhm_deg_unex_sem": 0.6440841898212741,
      "fwhm_deg_unex_n_valid": 200,
      "delta_dec_acc_ex_minus_unex": 0.15500000000000003,
      "delta_net_l23_ex_minus_unex": -1.1758369934558868,
      "delta_peak_at_stim_ex_minus_unex": 0.14424635738134384,
      "delta_fwhm_deg_ex_minus_unex": -1.0066978158074456,
      "pre_probe_max_abs_diff": 0.0
    },
    {
      "N": 7,
      "n_trials": 200,
      "dec_acc_ex_mean": 0.685,
      "dec_acc_ex_sem": 0.032928657464464904,
      "dec_acc_unex_mean": 0.6,
      "dec_acc_unex_sem": 0.034727944810393964,
      "net_l23_ex_mean": 4.951191719770431,
      "net_l23_ex_sem": 0.0399617233718014,
      "net_l23_unex_mean": 6.09072172164917,
      "net_l23_unex_sem": 0.0788212027744705,
      "peak_at_stim_ex_mean": 0.7651156944036483,
      "peak_at_stim_ex_sem": 0.009109935179048803,
      "peak_at_stim_unex_mean": 0.620544990748167,
      "peak_at_stim_unex_sem": 0.012519610658220721,
      "fwhm_deg_ex_mean": 28.76202480271226,
      "fwhm_deg_ex_sem": 0.3162544622237805,
      "fwhm_deg_ex_n_valid": 200,
      "fwhm_deg_unex_mean": 30.272953844618797,
      "fwhm_deg_unex_sem": 0.6068084102878946,
      "fwhm_deg_unex_n_valid": 200,
      "delta_dec_acc_ex_minus_unex": 0.08500000000000008,
      "delta_net_l23_ex_minus_unex": -1.1395300018787387,
      "delta_peak_at_stim_ex_minus_unex": 0.1445707036554813,
      "delta_fwhm_deg_ex_minus_unex": -1.510929041906536,
      "pre_probe_max_abs_diff": 0.0
    },
    {
      "N": 8,
      "n_trials": 200,
      "dec_acc_ex_mean": 0.685,
      "dec_acc_ex_sem": 0.032928657464464904,
      "dec_acc_unex_mean": 0.635,
      "dec_acc_unex_sem": 0.034127679271557736,
      "net_l23_ex_mean": 4.970688223838806,
      "net_l23_ex_sem": 0.04121646212317563,
      "net_l23_unex_mean": 6.088913693428039,
      "net_l23_unex_sem": 0.07936625712675918,
      "peak_at_stim_ex_mean": 0.7726924005150795,
      "peak_at_stim_ex_sem": 0.010637072590145243,
      "peak_at_stim_unex_mean": 0.6195908968895674,
      "peak_at_stim_unex_sem": 0.013629563464631846,
      "fwhm_deg_ex_mean": 28.386704932202818,
      "fwhm_deg_ex_sem": 0.32812044247832683,
      "fwhm_deg_ex_n_valid": 200,
      "fwhm_deg_unex_mean": 30.42546870224807,
      "fwhm_deg_unex_sem": 0.5872566862727544,
      "fwhm_deg_unex_n_valid": 200,
      "delta_dec_acc_ex_minus_unex": 0.050000000000000044,
      "delta_net_l23_ex_minus_unex": -1.118225469589233,
      "delta_peak_at_stim_ex_minus_unex": 0.15310150362551211,
      "delta_fwhm_deg_ex_minus_unex": -2.0387637700452537,
      "pre_probe_max_abs_diff": 0.0
    },
    {
      "N": 9,
      "n_trials": 200,
      "dec_acc_ex_mean": 0.705,
      "dec_acc_ex_sem": 0.03232801420614268,
      "dec_acc_unex_mean": 0.62,
      "dec_acc_unex_sem": 0.03440813273035824,
      "net_l23_ex_mean": 4.9945355415344235,
      "net_l23_ex_sem": 0.04204552504334811,
      "net_l23_unex_mean": 6.105357227325439,
      "net_l23_unex_sem": 0.0784080767636886,
      "peak_at_stim_ex_mean": 0.7862654241919518,
      "peak_at_stim_ex_sem": 0.011266844431665313,
      "peak_at_stim_unex_mean": 0.624298063069582,
      "peak_at_stim_unex_sem": 0.014519134678288357,
      "fwhm_deg_ex_mean": 28.502483707907203,
      "fwhm_deg_ex_sem": 0.3412672117783491,
      "fwhm_deg_ex_n_valid": 200,
      "fwhm_deg_unex_mean": 29.60590372253747,
      "fwhm_deg_unex_sem": 0.658949823493088,
      "fwhm_deg_unex_n_valid": 200,
      "delta_dec_acc_ex_minus_unex": 0.08499999999999996,
      "delta_net_l23_ex_minus_unex": -1.1108216857910156,
      "delta_peak_at_stim_ex_minus_unex": 0.16196736112236976,
      "delta_fwhm_deg_ex_minus_unex": -1.1034200146302666,
      "pre_probe_max_abs_diff": 0.0
    },
    {
      "N": 10,
      "n_trials": 200,
      "dec_acc_ex_mean": 0.695,
      "dec_acc_ex_sem": 0.03263741725420572,
      "dec_acc_unex_mean": 0.605,
      "dec_acc_unex_sem": 0.034653706828922715,
      "net_l23_ex_mean": 5.019833749532699,
      "net_l23_ex_sem": 0.04324472761652093,
      "net_l23_unex_mean": 6.127605069875717,
      "net_l23_unex_sem": 0.07802393576604372,